ISO-10303-21;
HEADER;
/* Generated by software containing ST-Developer
 * from STEP Tools, Inc. (www.steptools.com) 
 */

FILE_DESCRIPTION(
/* description */ (''),
/* implementation_level */ '2;1');

FILE_NAME(
/* name */ 'BOTTOM V2.step',
/* time_stamp */ '2025-12-10T11:35:46+01:00',
/* author */ (''),
/* organization */ (''),
/* preprocessor_version */ 'ST-DEVELOPER v20.1',
/* originating_system */ 'Autodesk Translation Framework v14.21.0.0',
/* authorisation */ '');

FILE_SCHEMA (('AUTOMOTIVE_DESIGN { 1 0 10303 214 3 1 1 }'));
ENDSEC;

DATA;
#10=MECHANICAL_DESIGN_GEOMETRIC_PRESENTATION_REPRESENTATION('',(#17),#3038);
#11=ITEM_DEFINED_TRANSFORMATION($,$,#1560,#1718);
#12=(
REPRESENTATION_RELATIONSHIP($,$,#3048,#3047)
REPRESENTATION_RELATIONSHIP_WITH_TRANSFORMATION(#11)
SHAPE_REPRESENTATION_RELATIONSHIP()
);
#13=CONTEXT_DEPENDENT_SHAPE_REPRESENTATION(#12,#3046);
#14=NEXT_ASSEMBLY_USAGE_OCCURRENCE('bottom:1','bottom:1','bottom:1',#3050,
#3051,'bottom:1');
#15=SHAPE_REPRESENTATION_RELATIONSHIP('SRR','None',#3048,#16);
#16=ADVANCED_BREP_SHAPE_REPRESENTATION('',(#18),#3037);
#17=STYLED_ITEM('',(#3061),#18);
#18=MANIFOLD_SOLID_BREP('Body2',#1558);
#19=B_SPLINE_SURFACE_WITH_KNOTS('',3,3,((#2480,#2481,#2482,#2483),(#2484,
#2485,#2486,#2487),(#2488,#2489,#2490,#2491),(#2492,#2493,#2494,#2495),
(#2496,#2497,#2498,#2499),(#2500,#2501,#2502,#2503),(#2504,#2505,#2506,
#2507),(#2508,#2509,#2510,#2511),(#2512,#2513,#2514,#2515),(#2516,#2517,
#2518,#2519),(#2520,#2521,#2522,#2523),(#2524,#2525,#2526,#2527),(#2528,
#2529,#2530,#2531),(#2532,#2533,#2534,#2535),(#2536,#2537,#2538,#2539),
(#2540,#2541,#2542,#2543),(#2544,#2545,#2546,#2547),(#2548,#2549,#2550,
#2551),(#2552,#2553,#2554,#2555),(#2556,#2557,#2558,#2559),(#2560,#2561,
#2562,#2563),(#2564,#2565,#2566,#2567),(#2568,#2569,#2570,#2571),(#2572,
#2573,#2574,#2575),(#2576,#2577,#2578,#2579),(#2580,#2581,#2582,#2583),
(#2584,#2585,#2586,#2587),(#2588,#2589,#2590,#2591),(#2592,#2593,#2594,
#2595),(#2596,#2597,#2598,#2599),(#2600,#2601,#2602,#2603),(#2604,#2605,
#2606,#2607),(#2608,#2609,#2610,#2611),(#2612,#2613,#2614,#2615),(#2616,
#2617,#2618,#2619),(#2620,#2621,#2622,#2623),(#2624,#2625,#2626,#2627)),
 .UNSPECIFIED.,.T.,.F.,.F.,(4,1,1,1,2,1,1,2,1,1,1,2,1,1,1,2,1,1,1,2,1,1,
2,1,1,1,2,4),(4,4),(0.,0.035386949888602,0.070773899777204,0.106160849665806,
0.141547799554408,0.190450159222371,0.239352518890335,0.337157238226261,
0.372544188114863,0.407931138003465,0.443318087892067,0.478705037780669,
0.484028778335502,0.489352518890335,0.494676259445167,0.5,0.535386949888602,
0.570773899777204,0.606160849665806,0.641547799554408,0.739352518890334,
0.788254878558298,0.837157238226261,0.872544188114863,0.907931138003465,
0.943318087892067,0.97870503778067,1.),(0.,1.),.UNSPECIFIED.);
#20=B_SPLINE_SURFACE_WITH_KNOTS('',3,1,((#2703,#2704),(#2705,#2706),(#2707,
#2708),(#2709,#2710),(#2711,#2712),(#2713,#2714),(#2715,#2716),(#2717,#2718),
(#2719,#2720),(#2721,#2722),(#2723,#2724),(#2725,#2726),(#2727,#2728),(#2729,
#2730),(#2731,#2732),(#2733,#2734),(#2735,#2736),(#2737,#2738),(#2739,#2740),
(#2741,#2742),(#2743,#2744),(#2745,#2746),(#2747,#2748),(#2749,#2750),(#2751,
#2752),(#2753,#2754),(#2755,#2756),(#2757,#2758),(#2759,#2760),(#2761,#2762),
(#2763,#2764),(#2765,#2766),(#2767,#2768),(#2769,#2770),(#2771,#2772),(#2773,
#2774),(#2775,#2776),(#2777,#2778),(#2779,#2780),(#2781,#2782),(#2783,#2784),
(#2785,#2786),(#2787,#2788),(#2789,#2790),(#2791,#2792),(#2793,#2794),(#2795,
#2796),(#2797,#2798),(#2799,#2800),(#2801,#2802),(#2803,#2804),(#2805,#2806),
(#2807,#2808),(#2809,#2810),(#2811,#2812),(#2813,#2814),(#2815,#2816),(#2817,
#2818),(#2819,#2820),(#2821,#2822),(#2823,#2824)),.UNSPECIFIED.,.T.,.F.,
 .F.,(4,3,3,3,3,3,3,3,3,3,3,3,3,3,3,3,3,3,3,3,4),(2,2),(0.,0.0362566889945286,
0.0632264268602925,0.102865436920675,0.141547799554408,0.337157238226261,
0.37341392722079,0.400383665086554,0.440022675146936,0.478705037780669,
0.5,0.536256688994528,0.563226426860292,0.602865436920675,0.641547799554408,
0.837157238226261,0.87341392722079,0.900383665086554,0.940022675146936,
0.97870503778067,1.),(0.,1.9116955),.UNSPECIFIED.);
#21=B_SPLINE_CURVE_WITH_KNOTS('',3,(#2425,#2426,#2427,#2428,#2429,#2430,
#2431,#2432,#2433,#2434,#2435,#2436,#2437,#2438,#2439,#2440,#2441,#2442,
#2443,#2444,#2445,#2446,#2447,#2448,#2449,#2450,#2451,#2452,#2453,#2454,
#2455,#2456,#2457,#2458,#2459,#2460,#2461),.UNSPECIFIED.,.T.,.F.,(4,1,1,
1,2,1,1,2,1,1,1,2,1,1,1,2,1,1,1,2,1,1,2,1,1,1,2,4),(0.,0.035386949888602,
0.070773899777204,0.106160849665806,0.141547799554408,0.190450159222371,
0.239352518890335,0.337157238226261,0.372544188114863,0.407931138003465,
0.443318087892067,0.478705037780669,0.484028778335502,0.489352518890335,
0.494676259445167,0.5,0.535386949888602,0.570773899777204,0.606160849665806,
0.641547799554408,0.739352518890334,0.788254878558298,0.837157238226261,
0.872544188114863,0.907931138003465,0.943318087892067,0.97870503778067,
1.),.UNSPECIFIED.);
#22=B_SPLINE_CURVE_WITH_KNOTS('',3,(#2629,#2630,#2631,#2632,#2633,#2634,
#2635,#2636,#2637,#2638,#2639,#2640,#2641,#2642,#2643,#2644,#2645,#2646,
#2647,#2648,#2649,#2650,#2651,#2652,#2653,#2654,#2655,#2656,#2657,#2658,
#2659,#2660,#2661,#2662,#2663,#2664,#2665),.UNSPECIFIED.,.T.,.F.,(4,1,1,
1,2,1,1,2,1,1,1,2,1,1,1,2,1,1,1,2,1,1,2,1,1,1,2,4),(0.,0.035386949888602,
0.070773899777204,0.106160849665806,0.141547799554408,0.190450159222371,
0.239352518890335,0.337157238226261,0.372544188114863,0.407931138003465,
0.443318087892067,0.478705037780669,0.484028778335502,0.489352518890335,
0.494676259445167,0.5,0.535386949888602,0.570773899777204,0.606160849665806,
0.641547799554408,0.739352518890334,0.788254878558298,0.837157238226261,
0.872544188114863,0.907931138003465,0.943318087892067,0.97870503778067,
1.),.UNSPECIFIED.);
#23=B_SPLINE_CURVE_WITH_KNOTS('',3,(#2666,#2667,#2668,#2669),
 .UNSPECIFIED.,.F.,.F.,(4,4),(0.,1.),.UNSPECIFIED.);
#24=B_SPLINE_CURVE_WITH_KNOTS('',3,(#2826,#2827,#2828,#2829,#2830,#2831,
#2832,#2833,#2834,#2835,#2836,#2837,#2838,#2839,#2840,#2841,#2842,#2843,
#2844,#2845,#2846,#2847,#2848,#2849,#2850,#2851,#2852,#2853,#2854,#2855,
#2856,#2857,#2858,#2859,#2860,#2861,#2862,#2863,#2864,#2865,#2866,#2867,
#2868,#2869,#2870,#2871,#2872,#2873,#2874,#2875,#2876,#2877,#2878,#2879,
#2880,#2881,#2882,#2883,#2884,#2885,#2886),.UNSPECIFIED.,.T.,.F.,(4,3,3,
3,3,3,3,3,3,3,3,3,3,3,3,3,3,3,3,3,4),(-1.,-0.97870503778067,-0.940022675146936,
-0.900383665086554,-0.87341392722079,-0.837157238226261,-0.641547799554408,
-0.602865436920675,-0.563226426860292,-0.536256688994528,-0.5,-0.478705037780669,
-0.440022675146936,-0.400383665086554,-0.37341392722079,-0.337157238226261,
-0.141547799554408,-0.102865436920675,-0.0632264268602925,-0.0362566889945286,
0.),.UNSPECIFIED.);
#25=ELLIPSE('',#1621,3.71695207052632,3.5903);
#26=ELLIPSE('',#1631,3.71695207052632,3.5903);
#27=ELLIPSE('',#1671,7.72740372383443,1.99999925293279);
#28=ELLIPSE('',#1674,7.72740372383436,1.99999925293278);
#29=CYLINDRICAL_SURFACE('',#1619,3.5903);
#30=CYLINDRICAL_SURFACE('',#1623,3.5903);
#31=CYLINDRICAL_SURFACE('',#1626,3.5903);
#32=CYLINDRICAL_SURFACE('',#1629,3.5903);
#33=CYLINDRICAL_SURFACE('',#1632,1.6);
#34=CYLINDRICAL_SURFACE('',#1634,1.6);
#35=CYLINDRICAL_SURFACE('',#1636,1.60000000000001);
#36=CYLINDRICAL_SURFACE('',#1638,1.6);
#37=CYLINDRICAL_SURFACE('',#1643,3.5903);
#38=CYLINDRICAL_SURFACE('',#1644,20.);
#39=CYLINDRICAL_SURFACE('',#1645,3.5903);
#40=CYLINDRICAL_SURFACE('',#1658,3.25);
#41=CYLINDRICAL_SURFACE('',#1660,3.25);
#42=CYLINDRICAL_SURFACE('',#1662,3.25);
#43=CYLINDRICAL_SURFACE('',#1663,3.25);
#44=CYLINDRICAL_SURFACE('',#1664,1.6);
#45=CYLINDRICAL_SURFACE('',#1666,1.6);
#46=CYLINDRICAL_SURFACE('',#1668,1.6);
#47=CYLINDRICAL_SURFACE('',#1670,1.99999925292502);
#48=CYLINDRICAL_SURFACE('',#1673,1.999999252925);
#49=CYLINDRICAL_SURFACE('',#1683,4.);
#50=CYLINDRICAL_SURFACE('',#1693,3.99999999999999);
#51=CYLINDRICAL_SURFACE('',#1697,4.);
#52=CYLINDRICAL_SURFACE('',#1701,1.);
#53=CYLINDRICAL_SURFACE('',#1708,0.999999999999996);
#54=CYLINDRICAL_SURFACE('',#1712,4.);
#55=CYLINDRICAL_SURFACE('',#1717,1.6);
#56=TOROIDAL_SURFACE('',#1578,4.,0.5);
#57=TOROIDAL_SURFACE('',#1583,4.,0.5);
#58=TOROIDAL_SURFACE('',#1588,4.,0.5);
#59=TOROIDAL_SURFACE('',#1593,4.,0.5);
#60=TOROIDAL_SURFACE('',#1608,16.4097,3.5903);
#61=TOROIDAL_SURFACE('',#1613,16.4097,3.5903);
#62=FACE_BOUND('',#238,.T.);
#63=FACE_BOUND('',#275,.T.);
#64=FACE_BOUND('',#276,.T.);
#65=FACE_BOUND('',#277,.T.);
#66=FACE_BOUND('',#278,.T.);
#67=FACE_BOUND('',#283,.T.);
#68=FACE_BOUND('',#284,.T.);
#69=FACE_BOUND('',#285,.T.);
#70=FACE_BOUND('',#286,.T.);
#71=FACE_BOUND('',#287,.T.);
#72=FACE_BOUND('',#290,.T.);
#73=FACE_BOUND('',#307,.T.);
#74=FACE_BOUND('',#310,.T.);
#75=FACE_BOUND('',#312,.T.);
#76=FACE_BOUND('',#321,.T.);
#77=FACE_BOUND('',#333,.T.);
#78=FACE_BOUND('',#334,.T.);
#79=FACE_BOUND('',#342,.T.);
#80=CIRCLE('',#1564,3.25);
#81=CIRCLE('',#1565,3.25);
#82=CIRCLE('',#1566,3.25);
#83=CIRCLE('',#1567,3.25);
#84=CIRCLE('',#1568,1.99999925292502);
#85=CIRCLE('',#1569,1.999999252925);
#86=CIRCLE('',#1579,4.);
#87=CIRCLE('',#1580,0.5);
#88=CIRCLE('',#1581,4.5);
#89=CIRCLE('',#1584,4.);
#90=CIRCLE('',#1585,0.5);
#91=CIRCLE('',#1586,4.5);
#92=CIRCLE('',#1589,4.);
#93=CIRCLE('',#1590,0.5);
#94=CIRCLE('',#1591,4.5);
#95=CIRCLE('',#1594,4.);
#96=CIRCLE('',#1595,0.5);
#97=CIRCLE('',#1596,4.5);
#98=CIRCLE('',#1599,1.6);
#99=CIRCLE('',#1601,1.6);
#100=CIRCLE('',#1603,1.6);
#101=CIRCLE('',#1605,1.60000000000001);
#102=CIRCLE('',#1607,1.6);
#103=CIRCLE('',#1609,3.5903);
#104=CIRCLE('',#1610,16.4097);
#105=CIRCLE('',#1611,3.59029999999999);
#106=CIRCLE('',#1612,20.);
#107=CIRCLE('',#1614,3.59030000000042);
#108=CIRCLE('',#1615,20.);
#109=CIRCLE('',#1616,3.59030000000001);
#110=CIRCLE('',#1617,16.4097);
#111=CIRCLE('',#1620,3.5903);
#112=CIRCLE('',#1624,3.5903);
#113=CIRCLE('',#1627,3.5903);
#114=CIRCLE('',#1630,3.5903);
#115=CIRCLE('',#1633,1.60000000000001);
#116=CIRCLE('',#1635,1.6);
#117=CIRCLE('',#1637,1.6);
#118=CIRCLE('',#1639,1.6);
#119=CIRCLE('',#1641,3.5903);
#120=CIRCLE('',#1642,3.5903);
#121=CIRCLE('',#1647,3.25);
#122=CIRCLE('',#1648,3.25);
#123=CIRCLE('',#1649,3.25);
#124=CIRCLE('',#1650,3.25);
#125=CIRCLE('',#1652,1.6);
#126=CIRCLE('',#1655,1.6);
#127=CIRCLE('',#1657,1.6);
#128=CIRCLE('',#1665,1.6);
#129=CIRCLE('',#1667,1.6);
#130=CIRCLE('',#1669,1.6);
#131=CIRCLE('',#1676,4.);
#132=CIRCLE('',#1678,3.99999999999999);
#133=CIRCLE('',#1680,4.);
#134=CIRCLE('',#1681,1.);
#135=CIRCLE('',#1684,4.);
#136=CIRCLE('',#1694,3.99999999999999);
#137=CIRCLE('',#1698,4.);
#138=CIRCLE('',#1702,1.);
#139=CIRCLE('',#1705,0.999999999999996);
#140=CIRCLE('',#1706,4.);
#141=CIRCLE('',#1709,0.999999999999996);
#142=CIRCLE('',#1713,4.);
#143=CIRCLE('',#1716,1.6);
#144=FACE_OUTER_BOUND('',#235,.T.);
#145=FACE_OUTER_BOUND('',#236,.T.);
#146=FACE_OUTER_BOUND('',#237,.T.);
#147=FACE_OUTER_BOUND('',#239,.T.);
#148=FACE_OUTER_BOUND('',#240,.T.);
#149=FACE_OUTER_BOUND('',#241,.T.);
#150=FACE_OUTER_BOUND('',#242,.T.);
#151=FACE_OUTER_BOUND('',#243,.T.);
#152=FACE_OUTER_BOUND('',#244,.T.);
#153=FACE_OUTER_BOUND('',#245,.T.);
#154=FACE_OUTER_BOUND('',#246,.T.);
#155=FACE_OUTER_BOUND('',#247,.T.);
#156=FACE_OUTER_BOUND('',#248,.T.);
#157=FACE_OUTER_BOUND('',#249,.T.);
#158=FACE_OUTER_BOUND('',#250,.T.);
#159=FACE_OUTER_BOUND('',#251,.T.);
#160=FACE_OUTER_BOUND('',#252,.T.);
#161=FACE_OUTER_BOUND('',#253,.T.);
#162=FACE_OUTER_BOUND('',#254,.T.);
#163=FACE_OUTER_BOUND('',#255,.T.);
#164=FACE_OUTER_BOUND('',#256,.T.);
#165=FACE_OUTER_BOUND('',#257,.T.);
#166=FACE_OUTER_BOUND('',#258,.T.);
#167=FACE_OUTER_BOUND('',#259,.T.);
#168=FACE_OUTER_BOUND('',#260,.T.);
#169=FACE_OUTER_BOUND('',#261,.T.);
#170=FACE_OUTER_BOUND('',#262,.T.);
#171=FACE_OUTER_BOUND('',#263,.T.);
#172=FACE_OUTER_BOUND('',#264,.T.);
#173=FACE_OUTER_BOUND('',#265,.T.);
#174=FACE_OUTER_BOUND('',#266,.T.);
#175=FACE_OUTER_BOUND('',#267,.T.);
#176=FACE_OUTER_BOUND('',#268,.T.);
#177=FACE_OUTER_BOUND('',#269,.T.);
#178=FACE_OUTER_BOUND('',#270,.T.);
#179=FACE_OUTER_BOUND('',#271,.T.);
#180=FACE_OUTER_BOUND('',#272,.T.);
#181=FACE_OUTER_BOUND('',#273,.T.);
#182=FACE_OUTER_BOUND('',#274,.T.);
#183=FACE_OUTER_BOUND('',#279,.T.);
#184=FACE_OUTER_BOUND('',#280,.T.);
#185=FACE_OUTER_BOUND('',#281,.T.);
#186=FACE_OUTER_BOUND('',#282,.T.);
#187=FACE_OUTER_BOUND('',#288,.T.);
#188=FACE_OUTER_BOUND('',#289,.T.);
#189=FACE_OUTER_BOUND('',#291,.T.);
#190=FACE_OUTER_BOUND('',#292,.T.);
#191=FACE_OUTER_BOUND('',#293,.T.);
#192=FACE_OUTER_BOUND('',#294,.T.);
#193=FACE_OUTER_BOUND('',#295,.T.);
#194=FACE_OUTER_BOUND('',#296,.T.);
#195=FACE_OUTER_BOUND('',#297,.T.);
#196=FACE_OUTER_BOUND('',#298,.T.);
#197=FACE_OUTER_BOUND('',#299,.T.);
#198=FACE_OUTER_BOUND('',#300,.T.);
#199=FACE_OUTER_BOUND('',#301,.T.);
#200=FACE_OUTER_BOUND('',#302,.T.);
#201=FACE_OUTER_BOUND('',#303,.T.);
#202=FACE_OUTER_BOUND('',#304,.T.);
#203=FACE_OUTER_BOUND('',#305,.T.);
#204=FACE_OUTER_BOUND('',#306,.T.);
#205=FACE_OUTER_BOUND('',#308,.T.);
#206=FACE_OUTER_BOUND('',#309,.T.);
#207=FACE_OUTER_BOUND('',#311,.T.);
#208=FACE_OUTER_BOUND('',#313,.T.);
#209=FACE_OUTER_BOUND('',#314,.T.);
#210=FACE_OUTER_BOUND('',#315,.T.);
#211=FACE_OUTER_BOUND('',#316,.T.);
#212=FACE_OUTER_BOUND('',#317,.T.);
#213=FACE_OUTER_BOUND('',#318,.T.);
#214=FACE_OUTER_BOUND('',#319,.T.);
#215=FACE_OUTER_BOUND('',#320,.T.);
#216=FACE_OUTER_BOUND('',#322,.T.);
#217=FACE_OUTER_BOUND('',#323,.T.);
#218=FACE_OUTER_BOUND('',#324,.T.);
#219=FACE_OUTER_BOUND('',#325,.T.);
#220=FACE_OUTER_BOUND('',#326,.T.);
#221=FACE_OUTER_BOUND('',#327,.T.);
#222=FACE_OUTER_BOUND('',#328,.T.);
#223=FACE_OUTER_BOUND('',#329,.T.);
#224=FACE_OUTER_BOUND('',#330,.T.);
#225=FACE_OUTER_BOUND('',#331,.T.);
#226=FACE_OUTER_BOUND('',#332,.T.);
#227=FACE_OUTER_BOUND('',#335,.T.);
#228=FACE_OUTER_BOUND('',#336,.T.);
#229=FACE_OUTER_BOUND('',#337,.T.);
#230=FACE_OUTER_BOUND('',#338,.T.);
#231=FACE_OUTER_BOUND('',#339,.T.);
#232=FACE_OUTER_BOUND('',#340,.T.);
#233=FACE_OUTER_BOUND('',#341,.T.);
#234=FACE_OUTER_BOUND('',#343,.T.);
#235=EDGE_LOOP('',(#983,#984,#985,#986));
#236=EDGE_LOOP('',(#987,#988,#989,#990));
#237=EDGE_LOOP('',(#991,#992,#993,#994,#995,#996,#997,#998,#999,#1000,#1001,
#1002,#1003,#1004,#1005,#1006));
#238=EDGE_LOOP('',(#1007,#1008,#1009,#1010,#1011,#1012));
#239=EDGE_LOOP('',(#1013,#1014,#1015,#1016));
#240=EDGE_LOOP('',(#1017,#1018,#1019,#1020));
#241=EDGE_LOOP('',(#1021,#1022,#1023,#1024));
#242=EDGE_LOOP('',(#1025,#1026,#1027,#1028));
#243=EDGE_LOOP('',(#1029,#1030,#1031,#1032));
#244=EDGE_LOOP('',(#1033,#1034,#1035,#1036));
#245=EDGE_LOOP('',(#1037,#1038,#1039,#1040));
#246=EDGE_LOOP('',(#1041,#1042,#1043,#1044));
#247=EDGE_LOOP('',(#1045,#1046,#1047,#1048));
#248=EDGE_LOOP('',(#1049));
#249=EDGE_LOOP('',(#1050,#1051,#1052,#1053));
#250=EDGE_LOOP('',(#1054));
#251=EDGE_LOOP('',(#1055,#1056,#1057,#1058));
#252=EDGE_LOOP('',(#1059));
#253=EDGE_LOOP('',(#1060,#1061,#1062,#1063));
#254=EDGE_LOOP('',(#1064));
#255=EDGE_LOOP('',(#1065));
#256=EDGE_LOOP('',(#1066));
#257=EDGE_LOOP('',(#1067));
#258=EDGE_LOOP('',(#1068));
#259=EDGE_LOOP('',(#1069));
#260=EDGE_LOOP('',(#1070,#1071,#1072,#1073));
#261=EDGE_LOOP('',(#1074,#1075,#1076,#1077));
#262=EDGE_LOOP('',(#1078,#1079,#1080,#1081));
#263=EDGE_LOOP('',(#1082,#1083,#1084,#1085));
#264=EDGE_LOOP('',(#1086,#1087,#1088,#1089,#1090,#1091));
#265=EDGE_LOOP('',(#1092,#1093,#1094,#1095));
#266=EDGE_LOOP('',(#1096,#1097,#1098,#1099));
#267=EDGE_LOOP('',(#1100,#1101,#1102,#1103));
#268=EDGE_LOOP('',(#1104,#1105,#1106,#1107,#1108,#1109));
#269=EDGE_LOOP('',(#1110,#1111,#1112,#1113));
#270=EDGE_LOOP('',(#1114,#1115,#1116,#1117));
#271=EDGE_LOOP('',(#1118,#1119,#1120,#1121));
#272=EDGE_LOOP('',(#1122,#1123,#1124,#1125));
#273=EDGE_LOOP('',(#1126,#1127,#1128,#1129));
#274=EDGE_LOOP('',(#1130,#1131,#1132,#1133,#1134,#1135,#1136,#1137));
#275=EDGE_LOOP('',(#1138));
#276=EDGE_LOOP('',(#1139));
#277=EDGE_LOOP('',(#1140));
#278=EDGE_LOOP('',(#1141));
#279=EDGE_LOOP('',(#1142,#1143,#1144,#1145));
#280=EDGE_LOOP('',(#1146,#1147,#1148,#1149));
#281=EDGE_LOOP('',(#1150,#1151,#1152,#1153));
#282=EDGE_LOOP('',(#1154,#1155,#1156,#1157,#1158,#1159,#1160,#1161));
#283=EDGE_LOOP('',(#1162,#1163,#1164,#1165,#1166,#1167,#1168,#1169,#1170,
#1171,#1172,#1173,#1174,#1175,#1176,#1177));
#284=EDGE_LOOP('',(#1178));
#285=EDGE_LOOP('',(#1179));
#286=EDGE_LOOP('',(#1180));
#287=EDGE_LOOP('',(#1181));
#288=EDGE_LOOP('',(#1182));
#289=EDGE_LOOP('',(#1183,#1184,#1185,#1186));
#290=EDGE_LOOP('',(#1187));
#291=EDGE_LOOP('',(#1188));
#292=EDGE_LOOP('',(#1189));
#293=EDGE_LOOP('',(#1190,#1191,#1192,#1193));
#294=EDGE_LOOP('',(#1194,#1195,#1196,#1197));
#295=EDGE_LOOP('',(#1198,#1199,#1200,#1201));
#296=EDGE_LOOP('',(#1202,#1203,#1204,#1205));
#297=EDGE_LOOP('',(#1206,#1207,#1208,#1209));
#298=EDGE_LOOP('',(#1210,#1211,#1212,#1213));
#299=EDGE_LOOP('',(#1214,#1215,#1216,#1217));
#300=EDGE_LOOP('',(#1218,#1219,#1220,#1221));
#301=EDGE_LOOP('',(#1222,#1223,#1224,#1225));
#302=EDGE_LOOP('',(#1226,#1227,#1228,#1229));
#303=EDGE_LOOP('',(#1230,#1231,#1232,#1233));
#304=EDGE_LOOP('',(#1234,#1235,#1236,#1237));
#305=EDGE_LOOP('',(#1238,#1239,#1240,#1241));
#306=EDGE_LOOP('',(#1242,#1243,#1244,#1245,#1246));
#307=EDGE_LOOP('',(#1247));
#308=EDGE_LOOP('',(#1248,#1249,#1250,#1251));
#309=EDGE_LOOP('',(#1252,#1253,#1254,#1255,#1256));
#310=EDGE_LOOP('',(#1257));
#311=EDGE_LOOP('',(#1258,#1259,#1260,#1261,#1262,#1263));
#312=EDGE_LOOP('',(#1264));
#313=EDGE_LOOP('',(#1265,#1266,#1267,#1268));
#314=EDGE_LOOP('',(#1269,#1270,#1271,#1272));
#315=EDGE_LOOP('',(#1273,#1274,#1275,#1276));
#316=EDGE_LOOP('',(#1277,#1278,#1279,#1280));
#317=EDGE_LOOP('',(#1281,#1282,#1283,#1284,#1285));
#318=EDGE_LOOP('',(#1286,#1287,#1288,#1289));
#319=EDGE_LOOP('',(#1290,#1291,#1292,#1293,#1294));
#320=EDGE_LOOP('',(#1295,#1296,#1297,#1298,#1299,#1300,#1301,#1302,#1303,
#1304,#1305,#1306,#1307,#1308));
#321=EDGE_LOOP('',(#1309));
#322=EDGE_LOOP('',(#1310,#1311,#1312,#1313));
#323=EDGE_LOOP('',(#1314,#1315,#1316,#1317));
#324=EDGE_LOOP('',(#1318,#1319,#1320,#1321));
#325=EDGE_LOOP('',(#1322,#1323,#1324,#1325));
#326=EDGE_LOOP('',(#1326,#1327,#1328,#1329));
#327=EDGE_LOOP('',(#1330,#1331,#1332,#1333));
#328=EDGE_LOOP('',(#1334,#1335,#1336,#1337));
#329=EDGE_LOOP('',(#1338,#1339,#1340,#1341));
#330=EDGE_LOOP('',(#1342,#1343,#1344,#1345));
#331=EDGE_LOOP('',(#1346,#1347,#1348,#1349));
#332=EDGE_LOOP('',(#1350,#1351,#1352,#1353,#1354,#1355,#1356,#1357,#1358,
#1359,#1360,#1361,#1362,#1363));
#333=EDGE_LOOP('',(#1364,#1365,#1366,#1367,#1368,#1369));
#334=EDGE_LOOP('',(#1370,#1371,#1372,#1373,#1374,#1375));
#335=EDGE_LOOP('',(#1376,#1377,#1378,#1379));
#336=EDGE_LOOP('',(#1380,#1381,#1382,#1383));
#337=EDGE_LOOP('',(#1384,#1385,#1386,#1387));
#338=EDGE_LOOP('',(#1388,#1389,#1390,#1391));
#339=EDGE_LOOP('',(#1392,#1393,#1394,#1395));
#340=EDGE_LOOP('',(#1396,#1397,#1398,#1399));
#341=EDGE_LOOP('',(#1400,#1401,#1402,#1403,#1404,#1405));
#342=EDGE_LOOP('',(#1406));
#343=EDGE_LOOP('',(#1407,#1408,#1409,#1410));
#344=LINE('',#2186,#486);
#345=LINE('',#2188,#487);
#346=LINE('',#2190,#488);
#347=LINE('',#2191,#489);
#348=LINE('',#2194,#490);
#349=LINE('',#2196,#491);
#350=LINE('',#2197,#492);
#351=LINE('',#2200,#493);
#352=LINE('',#2204,#494);
#353=LINE('',#2206,#495);
#354=LINE('',#2208,#496);
#355=LINE('',#2212,#497);
#356=LINE('',#2214,#498);
#357=LINE('',#2216,#499);
#358=LINE('',#2220,#500);
#359=LINE('',#2222,#501);
#360=LINE('',#2224,#502);
#361=LINE('',#2228,#503);
#362=LINE('',#2232,#504);
#363=LINE('',#2236,#505);
#364=LINE('',#2237,#506);
#365=LINE('',#2240,#507);
#366=LINE('',#2241,#508);
#367=LINE('',#2244,#509);
#368=LINE('',#2246,#510);
#369=LINE('',#2247,#511);
#370=LINE('',#2250,#512);
#371=LINE('',#2251,#513);
#372=LINE('',#2254,#514);
#373=LINE('',#2256,#515);
#374=LINE('',#2257,#516);
#375=LINE('',#2260,#517);
#376=LINE('',#2261,#518);
#377=LINE('',#2264,#519);
#378=LINE('',#2266,#520);
#379=LINE('',#2267,#521);
#380=LINE('',#2270,#522);
#381=LINE('',#2271,#523);
#382=LINE('',#2274,#524);
#383=LINE('',#2275,#525);
#384=LINE('',#2340,#526);
#385=LINE('',#2342,#527);
#386=LINE('',#2344,#528);
#387=LINE('',#2345,#529);
#388=LINE('',#2350,#530);
#389=LINE('',#2354,#531);
#390=LINE('',#2355,#532);
#391=LINE('',#2357,#533);
#392=LINE('',#2358,#534);
#393=LINE('',#2362,#535);
#394=LINE('',#2365,#536);
#395=LINE('',#2366,#537);
#396=LINE('',#2367,#538);
#397=LINE('',#2371,#539);
#398=LINE('',#2375,#540);
#399=LINE('',#2377,#541);
#400=LINE('',#2378,#542);
#401=LINE('',#2379,#543);
#402=LINE('',#2386,#544);
#403=LINE('',#2390,#545);
#404=LINE('',#2394,#546);
#405=LINE('',#2398,#547);
#406=LINE('',#2403,#548);
#407=LINE('',#2406,#549);
#408=LINE('',#2408,#550);
#409=LINE('',#2410,#551);
#410=LINE('',#2416,#552);
#411=LINE('',#2419,#553);
#412=LINE('',#2469,#554);
#413=LINE('',#2472,#555);
#414=LINE('',#2479,#556);
#415=LINE('',#2673,#557);
#416=LINE('',#2677,#558);
#417=LINE('',#2682,#559);
#418=LINE('',#2683,#560);
#419=LINE('',#2686,#561);
#420=LINE('',#2687,#562);
#421=LINE('',#2691,#563);
#422=LINE('',#2695,#564);
#423=LINE('',#2699,#565);
#424=LINE('',#2701,#566);
#425=LINE('',#2702,#567);
#426=LINE('',#2887,#568);
#427=LINE('',#2893,#569);
#428=LINE('',#2895,#570);
#429=LINE('',#2897,#571);
#430=LINE('',#2898,#572);
#431=LINE('',#2902,#573);
#432=LINE('',#2906,#574);
#433=LINE('',#2908,#575);
#434=LINE('',#2911,#576);
#435=LINE('',#2915,#577);
#436=LINE('',#2916,#578);
#437=LINE('',#2917,#579);
#438=LINE('',#2921,#580);
#439=LINE('',#2924,#581);
#440=LINE('',#2925,#582);
#441=LINE('',#2928,#583);
#442=LINE('',#2929,#584);
#443=LINE('',#2932,#585);
#444=LINE('',#2934,#586);
#445=LINE('',#2935,#587);
#446=LINE('',#2938,#588);
#447=LINE('',#2939,#589);
#448=LINE('',#2942,#590);
#449=LINE('',#2943,#591);
#450=LINE('',#2946,#592);
#451=LINE('',#2947,#593);
#452=LINE('',#2948,#594);
#453=LINE('',#2950,#595);
#454=LINE('',#2951,#596);
#455=LINE('',#2954,#597);
#456=LINE('',#2955,#598);
#457=LINE('',#2958,#599);
#458=LINE('',#2959,#600);
#459=LINE('',#2963,#601);
#460=LINE('',#2965,#602);
#461=LINE('',#2969,#603);
#462=LINE('',#2970,#604);
#463=LINE('',#2971,#605);
#464=LINE('',#2975,#606);
#465=LINE('',#2978,#607);
#466=LINE('',#2979,#608);
#467=LINE('',#2982,#609);
#468=LINE('',#2983,#610);
#469=LINE('',#2987,#611);
#470=LINE('',#2989,#612);
#471=LINE('',#2993,#613);
#472=LINE('',#2997,#614);
#473=LINE('',#2999,#615);
#474=LINE('',#3002,#616);
#475=LINE('',#3005,#617);
#476=LINE('',#3007,#618);
#477=LINE('',#3008,#619);
#478=LINE('',#3012,#620);
#479=LINE('',#3015,#621);
#480=LINE('',#3016,#622);
#481=LINE('',#3019,#623);
#482=LINE('',#3020,#624);
#483=LINE('',#3024,#625);
#484=LINE('',#3026,#626);
#485=LINE('',#3031,#627);
#486=VECTOR('',#1725,10.);
#487=VECTOR('',#1726,10.);
#488=VECTOR('',#1727,10.);
#489=VECTOR('',#1728,10.);
#490=VECTOR('',#1731,10.);
#491=VECTOR('',#1732,10.);
#492=VECTOR('',#1733,10.);
#493=VECTOR('',#1736,10.);
#494=VECTOR('',#1739,10.);
#495=VECTOR('',#1740,10.);
#496=VECTOR('',#1741,10.);
#497=VECTOR('',#1744,10.);
#498=VECTOR('',#1745,10.);
#499=VECTOR('',#1746,10.);
#500=VECTOR('',#1749,10.);
#501=VECTOR('',#1750,10.);
#502=VECTOR('',#1751,10.);
#503=VECTOR('',#1754,10.);
#504=VECTOR('',#1757,10.);
#505=VECTOR('',#1760,10.);
#506=VECTOR('',#1761,10.);
#507=VECTOR('',#1764,10.);
#508=VECTOR('',#1765,10.);
#509=VECTOR('',#1768,10.);
#510=VECTOR('',#1769,10.);
#511=VECTOR('',#1770,10.);
#512=VECTOR('',#1773,10.);
#513=VECTOR('',#1774,10.);
#514=VECTOR('',#1777,10.);
#515=VECTOR('',#1778,10.);
#516=VECTOR('',#1779,10.);
#517=VECTOR('',#1782,10.);
#518=VECTOR('',#1783,10.);
#519=VECTOR('',#1786,10.);
#520=VECTOR('',#1787,10.);
#521=VECTOR('',#1788,10.);
#522=VECTOR('',#1791,10.);
#523=VECTOR('',#1792,10.);
#524=VECTOR('',#1795,10.);
#525=VECTOR('',#1796,10.);
#526=VECTOR('',#1879,10.);
#527=VECTOR('',#1880,10.);
#528=VECTOR('',#1881,10.);
#529=VECTOR('',#1882,10.);
#530=VECTOR('',#1887,10.);
#531=VECTOR('',#1892,10.);
#532=VECTOR('',#1893,10.);
#533=VECTOR('',#1894,10.);
#534=VECTOR('',#1895,10.);
#535=VECTOR('',#1900,10.);
#536=VECTOR('',#1903,10.);
#537=VECTOR('',#1904,10.);
#538=VECTOR('',#1905,20.);
#539=VECTOR('',#1910,10.);
#540=VECTOR('',#1913,10.);
#541=VECTOR('',#1914,10.);
#542=VECTOR('',#1915,10.);
#543=VECTOR('',#1916,10.);
#544=VECTOR('',#1927,1.6);
#545=VECTOR('',#1932,1.6);
#546=VECTOR('',#1937,1.60000000000001);
#547=VECTOR('',#1942,1.6);
#548=VECTOR('',#1947,10.);
#549=VECTOR('',#1952,10.);
#550=VECTOR('',#1955,10.);
#551=VECTOR('',#1958,10.);
#552=VECTOR('',#1967,10.);
#553=VECTOR('',#1970,10.);
#554=VECTOR('',#1987,10.);
#555=VECTOR('',#1992,10.);
#556=VECTOR('',#2003,1.6);
#557=VECTOR('',#2008,1.6);
#558=VECTOR('',#2013,1.6);
#559=VECTOR('',#2018,10.);
#560=VECTOR('',#2019,10.);
#561=VECTOR('',#2022,10.);
#562=VECTOR('',#2023,10.);
#563=VECTOR('',#2028,10.);
#564=VECTOR('',#2031,10.);
#565=VECTOR('',#2034,10.);
#566=VECTOR('',#2035,10.);
#567=VECTOR('',#2036,10.);
#568=VECTOR('',#2037,10.);
#569=VECTOR('',#2042,10.);
#570=VECTOR('',#2043,10.);
#571=VECTOR('',#2044,10.);
#572=VECTOR('',#2045,10.);
#573=VECTOR('',#2048,10.);
#574=VECTOR('',#2051,10.);
#575=VECTOR('',#2052,10.);
#576=VECTOR('',#2055,10.);
#577=VECTOR('',#2058,10.);
#578=VECTOR('',#2059,10.);
#579=VECTOR('',#2060,10.);
#580=VECTOR('',#2065,10.);
#581=VECTOR('',#2068,10.);
#582=VECTOR('',#2069,10.);
#583=VECTOR('',#2072,10.);
#584=VECTOR('',#2073,10.);
#585=VECTOR('',#2076,10.);
#586=VECTOR('',#2077,10.);
#587=VECTOR('',#2078,10.);
#588=VECTOR('',#2081,10.);
#589=VECTOR('',#2082,10.);
#590=VECTOR('',#2085,10.);
#591=VECTOR('',#2086,10.);
#592=VECTOR('',#2089,10.);
#593=VECTOR('',#2090,10.);
#594=VECTOR('',#2091,10.);
#595=VECTOR('',#2092,10.);
#596=VECTOR('',#2093,10.);
#597=VECTOR('',#2096,10.);
#598=VECTOR('',#2097,10.);
#599=VECTOR('',#2100,10.);
#600=VECTOR('',#2101,10.);
#601=VECTOR('',#2106,10.);
#602=VECTOR('',#2109,10.);
#603=VECTOR('',#2112,10.);
#604=VECTOR('',#2113,10.);
#605=VECTOR('',#2114,10.);
#606=VECTOR('',#2119,10.);
#607=VECTOR('',#2122,10.);
#608=VECTOR('',#2123,10.);
#609=VECTOR('',#2126,10.);
#610=VECTOR('',#2127,10.);
#611=VECTOR('',#2132,10.);
#612=VECTOR('',#2135,10.);
#613=VECTOR('',#2138,10.);
#614=VECTOR('',#2141,10.);
#615=VECTOR('',#2142,10.);
#616=VECTOR('',#2145,10.);
#617=VECTOR('',#2148,10.);
#618=VECTOR('',#2149,10.);
#619=VECTOR('',#2150,10.);
#620=VECTOR('',#2155,10.);
#621=VECTOR('',#2158,10.);
#622=VECTOR('',#2159,10.);
#623=VECTOR('',#2162,10.);
#624=VECTOR('',#2163,10.);
#625=VECTOR('',#2168,10.);
#626=VECTOR('',#2171,10.);
#627=VECTOR('',#2178,1.6);
#628=VERTEX_POINT('',#2184);
#629=VERTEX_POINT('',#2185);
#630=VERTEX_POINT('',#2187);
#631=VERTEX_POINT('',#2189);
#632=VERTEX_POINT('',#2193);
#633=VERTEX_POINT('',#2195);
#634=VERTEX_POINT('',#2199);
#635=VERTEX_POINT('',#2201);
#636=VERTEX_POINT('',#2203);
#637=VERTEX_POINT('',#2205);
#638=VERTEX_POINT('',#2207);
#639=VERTEX_POINT('',#2209);
#640=VERTEX_POINT('',#2211);
#641=VERTEX_POINT('',#2213);
#642=VERTEX_POINT('',#2215);
#643=VERTEX_POINT('',#2217);
#644=VERTEX_POINT('',#2219);
#645=VERTEX_POINT('',#2221);
#646=VERTEX_POINT('',#2223);
#647=VERTEX_POINT('',#2226);
#648=VERTEX_POINT('',#2227);
#649=VERTEX_POINT('',#2229);
#650=VERTEX_POINT('',#2231);
#651=VERTEX_POINT('',#2233);
#652=VERTEX_POINT('',#2235);
#653=VERTEX_POINT('',#2239);
#654=VERTEX_POINT('',#2243);
#655=VERTEX_POINT('',#2245);
#656=VERTEX_POINT('',#2249);
#657=VERTEX_POINT('',#2253);
#658=VERTEX_POINT('',#2255);
#659=VERTEX_POINT('',#2259);
#660=VERTEX_POINT('',#2263);
#661=VERTEX_POINT('',#2265);
#662=VERTEX_POINT('',#2269);
#663=VERTEX_POINT('',#2273);
#664=VERTEX_POINT('',#2277);
#665=VERTEX_POINT('',#2279);
#666=VERTEX_POINT('',#2284);
#667=VERTEX_POINT('',#2286);
#668=VERTEX_POINT('',#2291);
#669=VERTEX_POINT('',#2293);
#670=VERTEX_POINT('',#2298);
#671=VERTEX_POINT('',#2300);
#672=VERTEX_POINT('',#2305);
#673=VERTEX_POINT('',#2308);
#674=VERTEX_POINT('',#2311);
#675=VERTEX_POINT('',#2314);
#676=VERTEX_POINT('',#2317);
#677=VERTEX_POINT('',#2320);
#678=VERTEX_POINT('',#2321);
#679=VERTEX_POINT('',#2323);
#680=VERTEX_POINT('',#2325);
#681=VERTEX_POINT('',#2329);
#682=VERTEX_POINT('',#2330);
#683=VERTEX_POINT('',#2332);
#684=VERTEX_POINT('',#2334);
#685=VERTEX_POINT('',#2338);
#686=VERTEX_POINT('',#2339);
#687=VERTEX_POINT('',#2341);
#688=VERTEX_POINT('',#2343);
#689=VERTEX_POINT('',#2347);
#690=VERTEX_POINT('',#2349);
#691=VERTEX_POINT('',#2353);
#692=VERTEX_POINT('',#2356);
#693=VERTEX_POINT('',#2360);
#694=VERTEX_POINT('',#2364);
#695=VERTEX_POINT('',#2369);
#696=VERTEX_POINT('',#2373);
#697=VERTEX_POINT('',#2374);
#698=VERTEX_POINT('',#2376);
#699=VERTEX_POINT('',#2384);
#700=VERTEX_POINT('',#2388);
#701=VERTEX_POINT('',#2392);
#702=VERTEX_POINT('',#2396);
#703=VERTEX_POINT('',#2400);
#704=VERTEX_POINT('',#2402);
#705=VERTEX_POINT('',#2414);
#706=VERTEX_POINT('',#2417);
#707=VERTEX_POINT('',#2421);
#708=VERTEX_POINT('',#2424);
#709=VERTEX_POINT('',#2463);
#710=VERTEX_POINT('',#2466);
#711=VERTEX_POINT('',#2477);
#712=VERTEX_POINT('',#2628);
#713=VERTEX_POINT('',#2671);
#714=VERTEX_POINT('',#2675);
#715=VERTEX_POINT('',#2679);
#716=VERTEX_POINT('',#2680);
#717=VERTEX_POINT('',#2685);
#718=VERTEX_POINT('',#2689);
#719=VERTEX_POINT('',#2693);
#720=VERTEX_POINT('',#2694);
#721=VERTEX_POINT('',#2696);
#722=VERTEX_POINT('',#2698);
#723=VERTEX_POINT('',#2700);
#724=VERTEX_POINT('',#2825);
#725=VERTEX_POINT('',#2889);
#726=VERTEX_POINT('',#2890);
#727=VERTEX_POINT('',#2892);
#728=VERTEX_POINT('',#2894);
#729=VERTEX_POINT('',#2896);
#730=VERTEX_POINT('',#2900);
#731=VERTEX_POINT('',#2901);
#732=VERTEX_POINT('',#2903);
#733=VERTEX_POINT('',#2905);
#734=VERTEX_POINT('',#2907);
#735=VERTEX_POINT('',#2909);
#736=VERTEX_POINT('',#2913);
#737=VERTEX_POINT('',#2914);
#738=VERTEX_POINT('',#2919);
#739=VERTEX_POINT('',#2923);
#740=VERTEX_POINT('',#2927);
#741=VERTEX_POINT('',#2931);
#742=VERTEX_POINT('',#2933);
#743=VERTEX_POINT('',#2937);
#744=VERTEX_POINT('',#2941);
#745=VERTEX_POINT('',#2945);
#746=VERTEX_POINT('',#2949);
#747=VERTEX_POINT('',#2953);
#748=VERTEX_POINT('',#2957);
#749=VERTEX_POINT('',#2961);
#750=VERTEX_POINT('',#2967);
#751=VERTEX_POINT('',#2968);
#752=VERTEX_POINT('',#2973);
#753=VERTEX_POINT('',#2977);
#754=VERTEX_POINT('',#2981);
#755=VERTEX_POINT('',#2985);
#756=VERTEX_POINT('',#2991);
#757=VERTEX_POINT('',#2992);
#758=VERTEX_POINT('',#2994);
#759=VERTEX_POINT('',#2996);
#760=VERTEX_POINT('',#2998);
#761=VERTEX_POINT('',#3000);
#762=VERTEX_POINT('',#3004);
#763=VERTEX_POINT('',#3006);
#764=VERTEX_POINT('',#3010);
#765=VERTEX_POINT('',#3014);
#766=VERTEX_POINT('',#3018);
#767=VERTEX_POINT('',#3022);
#768=VERTEX_POINT('',#3028);
#769=EDGE_CURVE('',#628,#629,#344,.T.);
#770=EDGE_CURVE('',#628,#630,#345,.T.);
#771=EDGE_CURVE('',#631,#630,#346,.T.);
#772=EDGE_CURVE('',#629,#631,#347,.T.);
#773=EDGE_CURVE('',#632,#629,#348,.T.);
#774=EDGE_CURVE('',#632,#633,#349,.T.);
#775=EDGE_CURVE('',#628,#633,#350,.T.);
#776=EDGE_CURVE('',#631,#634,#351,.T.);
#777=EDGE_CURVE('',#634,#635,#80,.T.);
#778=EDGE_CURVE('',#635,#636,#352,.T.);
#779=EDGE_CURVE('',#636,#637,#353,.T.);
#780=EDGE_CURVE('',#637,#638,#354,.T.);
#781=EDGE_CURVE('',#638,#639,#81,.T.);
#782=EDGE_CURVE('',#639,#640,#355,.T.);
#783=EDGE_CURVE('',#640,#641,#356,.T.);
#784=EDGE_CURVE('',#641,#642,#357,.T.);
#785=EDGE_CURVE('',#642,#643,#82,.T.);
#786=EDGE_CURVE('',#643,#644,#358,.T.);
#787=EDGE_CURVE('',#644,#645,#359,.T.);
#788=EDGE_CURVE('',#645,#646,#360,.T.);
#789=EDGE_CURVE('',#646,#632,#83,.T.);
#790=EDGE_CURVE('',#647,#648,#361,.T.);
#791=EDGE_CURVE('',#649,#647,#84,.T.);
#792=EDGE_CURVE('',#650,#649,#362,.T.);
#793=EDGE_CURVE('',#651,#650,#85,.T.);
#794=EDGE_CURVE('',#652,#651,#363,.T.);
#795=EDGE_CURVE('',#648,#652,#364,.T.);
#796=EDGE_CURVE('',#653,#630,#365,.T.);
#797=EDGE_CURVE('',#634,#653,#366,.T.);
#798=EDGE_CURVE('',#641,#654,#367,.T.);
#799=EDGE_CURVE('',#655,#640,#368,.T.);
#800=EDGE_CURVE('',#655,#654,#369,.T.);
#801=EDGE_CURVE('',#639,#656,#370,.T.);
#802=EDGE_CURVE('',#655,#656,#371,.T.);
#803=EDGE_CURVE('',#637,#657,#372,.T.);
#804=EDGE_CURVE('',#658,#636,#373,.T.);
#805=EDGE_CURVE('',#658,#657,#374,.T.);
#806=EDGE_CURVE('',#635,#659,#375,.T.);
#807=EDGE_CURVE('',#658,#659,#376,.T.);
#808=EDGE_CURVE('',#660,#644,#377,.T.);
#809=EDGE_CURVE('',#660,#661,#378,.T.);
#810=EDGE_CURVE('',#645,#661,#379,.T.);
#811=EDGE_CURVE('',#643,#662,#380,.T.);
#812=EDGE_CURVE('',#660,#662,#381,.T.);
#813=EDGE_CURVE('',#663,#661,#382,.T.);
#814=EDGE_CURVE('',#646,#663,#383,.T.);
#815=EDGE_CURVE('',#664,#664,#86,.T.);
#816=EDGE_CURVE('',#664,#665,#87,.T.);
#817=EDGE_CURVE('',#665,#665,#88,.T.);
#818=EDGE_CURVE('',#666,#666,#89,.T.);
#819=EDGE_CURVE('',#666,#667,#90,.T.);
#820=EDGE_CURVE('',#667,#667,#91,.T.);
#821=EDGE_CURVE('',#668,#668,#92,.T.);
#822=EDGE_CURVE('',#668,#669,#93,.T.);
#823=EDGE_CURVE('',#669,#669,#94,.T.);
#824=EDGE_CURVE('',#670,#670,#95,.T.);
#825=EDGE_CURVE('',#670,#671,#96,.T.);
#826=EDGE_CURVE('',#671,#671,#97,.T.);
#827=EDGE_CURVE('',#672,#672,#98,.T.);
#828=EDGE_CURVE('',#673,#673,#99,.T.);
#829=EDGE_CURVE('',#674,#674,#100,.T.);
#830=EDGE_CURVE('',#675,#675,#101,.T.);
#831=EDGE_CURVE('',#676,#676,#102,.T.);
#832=EDGE_CURVE('',#677,#678,#103,.T.);
#833=EDGE_CURVE('',#678,#679,#104,.T.);
#834=EDGE_CURVE('',#680,#679,#105,.T.);
#835=EDGE_CURVE('',#680,#677,#106,.T.);
#836=EDGE_CURVE('',#681,#682,#107,.T.);
#837=EDGE_CURVE('',#682,#683,#108,.T.);
#838=EDGE_CURVE('',#684,#683,#109,.T.);
#839=EDGE_CURVE('',#684,#681,#110,.T.);
#840=EDGE_CURVE('',#685,#686,#384,.T.);
#841=EDGE_CURVE('',#687,#685,#385,.T.);
#842=EDGE_CURVE('',#688,#687,#386,.T.);
#843=EDGE_CURVE('',#686,#688,#387,.T.);
#844=EDGE_CURVE('',#687,#689,#111,.T.);
#845=EDGE_CURVE('',#689,#690,#388,.T.);
#846=EDGE_CURVE('',#690,#688,#25,.T.);
#847=EDGE_CURVE('',#691,#689,#389,.T.);
#848=EDGE_CURVE('',#681,#691,#390,.T.);
#849=EDGE_CURVE('',#692,#684,#391,.T.);
#850=EDGE_CURVE('',#690,#692,#392,.T.);
#851=EDGE_CURVE('',#691,#693,#112,.T.);
#852=EDGE_CURVE('',#693,#682,#393,.T.);
#853=EDGE_CURVE('',#694,#693,#394,.T.);
#854=EDGE_CURVE('',#677,#694,#395,.T.);
#855=EDGE_CURVE('',#682,#677,#396,.T.);
#856=EDGE_CURVE('',#694,#695,#113,.T.);
#857=EDGE_CURVE('',#695,#678,#397,.T.);
#858=EDGE_CURVE('',#696,#697,#398,.T.);
#859=EDGE_CURVE('',#698,#696,#399,.T.);
#860=EDGE_CURVE('',#679,#698,#400,.T.);
#861=EDGE_CURVE('',#697,#695,#401,.T.);
#862=EDGE_CURVE('',#697,#685,#114,.T.);
#863=EDGE_CURVE('',#686,#696,#26,.T.);
#864=EDGE_CURVE('',#699,#699,#115,.T.);
#865=EDGE_CURVE('',#699,#673,#402,.T.);
#866=EDGE_CURVE('',#700,#700,#116,.T.);
#867=EDGE_CURVE('',#700,#674,#403,.T.);
#868=EDGE_CURVE('',#701,#701,#117,.T.);
#869=EDGE_CURVE('',#701,#675,#404,.T.);
#870=EDGE_CURVE('',#702,#702,#118,.T.);
#871=EDGE_CURVE('',#702,#676,#405,.T.);
#872=EDGE_CURVE('',#703,#692,#119,.T.);
#873=EDGE_CURVE('',#703,#704,#406,.T.);
#874=EDGE_CURVE('',#698,#704,#120,.T.);
#875=EDGE_CURVE('',#704,#680,#407,.T.);
#876=EDGE_CURVE('',#680,#683,#408,.T.);
#877=EDGE_CURVE('',#683,#703,#409,.T.);
#878=EDGE_CURVE('',#659,#653,#121,.T.);
#879=EDGE_CURVE('',#633,#663,#122,.T.);
#880=EDGE_CURVE('',#662,#705,#123,.T.);
#881=EDGE_CURVE('',#705,#654,#410,.T.);
#882=EDGE_CURVE('',#656,#706,#124,.T.);
#883=EDGE_CURVE('',#706,#657,#411,.T.);
#884=EDGE_CURVE('',#707,#707,#125,.T.);
#885=EDGE_CURVE('',#708,#708,#21,.T.);
#886=EDGE_CURVE('',#709,#709,#126,.T.);
#887=EDGE_CURVE('',#710,#710,#127,.T.);
#888=EDGE_CURVE('',#642,#705,#412,.T.);
#889=EDGE_CURVE('',#638,#706,#413,.T.);
#890=EDGE_CURVE('',#711,#711,#128,.T.);
#891=EDGE_CURVE('',#711,#707,#414,.T.);
#892=EDGE_CURVE('',#712,#712,#22,.T.);
#893=EDGE_CURVE('',#712,#708,#23,.T.);
#894=EDGE_CURVE('',#713,#713,#129,.T.);
#895=EDGE_CURVE('',#713,#709,#415,.T.);
#896=EDGE_CURVE('',#714,#714,#130,.T.);
#897=EDGE_CURVE('',#714,#710,#416,.T.);
#898=EDGE_CURVE('',#715,#716,#27,.T.);
#899=EDGE_CURVE('',#649,#716,#417,.T.);
#900=EDGE_CURVE('',#647,#715,#418,.T.);
#901=EDGE_CURVE('',#716,#717,#419,.T.);
#902=EDGE_CURVE('',#650,#717,#420,.T.);
#903=EDGE_CURVE('',#717,#718,#28,.T.);
#904=EDGE_CURVE('',#651,#718,#421,.T.);
#905=EDGE_CURVE('',#719,#720,#422,.T.);
#906=EDGE_CURVE('',#720,#721,#131,.T.);
#907=EDGE_CURVE('',#721,#722,#423,.T.);
#908=EDGE_CURVE('',#722,#723,#424,.T.);
#909=EDGE_CURVE('',#719,#723,#425,.T.);
#910=EDGE_CURVE('',#724,#724,#24,.T.);
#911=EDGE_CURVE('',#712,#724,#426,.T.);
#912=EDGE_CURVE('',#725,#726,#132,.T.);
#913=EDGE_CURVE('',#726,#727,#427,.T.);
#914=EDGE_CURVE('',#728,#727,#428,.T.);
#915=EDGE_CURVE('',#728,#729,#429,.T.);
#916=EDGE_CURVE('',#729,#725,#430,.T.);
#917=EDGE_CURVE('',#730,#731,#431,.T.);
#918=EDGE_CURVE('',#731,#732,#133,.T.);
#919=EDGE_CURVE('',#732,#733,#432,.T.);
#920=EDGE_CURVE('',#733,#734,#433,.T.);
#921=EDGE_CURVE('',#734,#735,#134,.T.);
#922=EDGE_CURVE('',#735,#730,#434,.T.);
#923=EDGE_CURVE('',#736,#737,#435,.T.);
#924=EDGE_CURVE('',#736,#720,#436,.T.);
#925=EDGE_CURVE('',#737,#719,#437,.T.);
#926=EDGE_CURVE('',#738,#736,#135,.T.);
#927=EDGE_CURVE('',#738,#721,#438,.T.);
#928=EDGE_CURVE('',#739,#738,#439,.T.);
#929=EDGE_CURVE('',#739,#722,#440,.T.);
#930=EDGE_CURVE('',#740,#739,#441,.T.);
#931=EDGE_CURVE('',#723,#740,#442,.T.);
#932=EDGE_CURVE('',#741,#652,#443,.T.);
#933=EDGE_CURVE('',#718,#742,#444,.T.);
#934=EDGE_CURVE('',#742,#741,#445,.T.);
#935=EDGE_CURVE('',#743,#741,#446,.T.);
#936=EDGE_CURVE('',#648,#743,#447,.T.);
#937=EDGE_CURVE('',#743,#744,#448,.T.);
#938=EDGE_CURVE('',#744,#715,#449,.T.);
#939=EDGE_CURVE('',#727,#745,#450,.T.);
#940=EDGE_CURVE('',#745,#737,#451,.T.);
#941=EDGE_CURVE('',#740,#742,#452,.T.);
#942=EDGE_CURVE('',#744,#746,#453,.T.);
#943=EDGE_CURVE('',#746,#728,#454,.T.);
#944=EDGE_CURVE('',#747,#746,#455,.T.);
#945=EDGE_CURVE('',#747,#729,#456,.T.);
#946=EDGE_CURVE('',#748,#747,#457,.T.);
#947=EDGE_CURVE('',#748,#725,#458,.T.);
#948=EDGE_CURVE('',#749,#748,#136,.T.);
#949=EDGE_CURVE('',#749,#726,#459,.T.);
#950=EDGE_CURVE('',#745,#749,#460,.T.);
#951=EDGE_CURVE('',#750,#751,#461,.T.);
#952=EDGE_CURVE('',#750,#731,#462,.T.);
#953=EDGE_CURVE('',#751,#730,#463,.T.);
#954=EDGE_CURVE('',#752,#750,#137,.T.);
#955=EDGE_CURVE('',#752,#732,#464,.T.);
#956=EDGE_CURVE('',#753,#752,#465,.T.);
#957=EDGE_CURVE('',#753,#733,#466,.T.);
#958=EDGE_CURVE('',#754,#753,#467,.T.);
#959=EDGE_CURVE('',#754,#734,#468,.T.);
#960=EDGE_CURVE('',#755,#754,#138,.T.);
#961=EDGE_CURVE('',#755,#735,#469,.T.);
#962=EDGE_CURVE('',#751,#755,#470,.T.);
#963=EDGE_CURVE('',#756,#757,#471,.T.);
#964=EDGE_CURVE('',#757,#758,#139,.T.);
#965=EDGE_CURVE('',#758,#759,#472,.T.);
#966=EDGE_CURVE('',#759,#760,#473,.T.);
#967=EDGE_CURVE('',#760,#761,#140,.T.);
#968=EDGE_CURVE('',#761,#756,#474,.T.);
#969=EDGE_CURVE('',#756,#762,#475,.T.);
#970=EDGE_CURVE('',#763,#762,#476,.T.);
#971=EDGE_CURVE('',#757,#763,#477,.T.);
#972=EDGE_CURVE('',#764,#763,#141,.T.);
#973=EDGE_CURVE('',#758,#764,#478,.T.);
#974=EDGE_CURVE('',#765,#764,#479,.T.);
#975=EDGE_CURVE('',#759,#765,#480,.T.);
#976=EDGE_CURVE('',#766,#765,#481,.T.);
#977=EDGE_CURVE('',#760,#766,#482,.T.);
#978=EDGE_CURVE('',#767,#766,#142,.T.);
#979=EDGE_CURVE('',#761,#767,#483,.T.);
#980=EDGE_CURVE('',#762,#767,#484,.T.);
#981=EDGE_CURVE('',#768,#768,#143,.T.);
#982=EDGE_CURVE('',#768,#672,#485,.T.);
#983=ORIENTED_EDGE('',*,*,#769,.F.);
#984=ORIENTED_EDGE('',*,*,#770,.T.);
#985=ORIENTED_EDGE('',*,*,#771,.F.);
#986=ORIENTED_EDGE('',*,*,#772,.F.);
#987=ORIENTED_EDGE('',*,*,#769,.T.);
#988=ORIENTED_EDGE('',*,*,#773,.F.);
#989=ORIENTED_EDGE('',*,*,#774,.T.);
#990=ORIENTED_EDGE('',*,*,#775,.F.);
#991=ORIENTED_EDGE('',*,*,#772,.T.);
#992=ORIENTED_EDGE('',*,*,#776,.T.);
#993=ORIENTED_EDGE('',*,*,#777,.T.);
#994=ORIENTED_EDGE('',*,*,#778,.T.);
#995=ORIENTED_EDGE('',*,*,#779,.T.);
#996=ORIENTED_EDGE('',*,*,#780,.T.);
#997=ORIENTED_EDGE('',*,*,#781,.T.);
#998=ORIENTED_EDGE('',*,*,#782,.T.);
#999=ORIENTED_EDGE('',*,*,#783,.T.);
#1000=ORIENTED_EDGE('',*,*,#784,.T.);
#1001=ORIENTED_EDGE('',*,*,#785,.T.);
#1002=ORIENTED_EDGE('',*,*,#786,.T.);
#1003=ORIENTED_EDGE('',*,*,#787,.T.);
#1004=ORIENTED_EDGE('',*,*,#788,.T.);
#1005=ORIENTED_EDGE('',*,*,#789,.T.);
#1006=ORIENTED_EDGE('',*,*,#773,.T.);
#1007=ORIENTED_EDGE('',*,*,#790,.F.);
#1008=ORIENTED_EDGE('',*,*,#791,.F.);
#1009=ORIENTED_EDGE('',*,*,#792,.F.);
#1010=ORIENTED_EDGE('',*,*,#793,.F.);
#1011=ORIENTED_EDGE('',*,*,#794,.F.);
#1012=ORIENTED_EDGE('',*,*,#795,.F.);
#1013=ORIENTED_EDGE('',*,*,#771,.T.);
#1014=ORIENTED_EDGE('',*,*,#796,.F.);
#1015=ORIENTED_EDGE('',*,*,#797,.F.);
#1016=ORIENTED_EDGE('',*,*,#776,.F.);
#1017=ORIENTED_EDGE('',*,*,#798,.F.);
#1018=ORIENTED_EDGE('',*,*,#783,.F.);
#1019=ORIENTED_EDGE('',*,*,#799,.F.);
#1020=ORIENTED_EDGE('',*,*,#800,.T.);
#1021=ORIENTED_EDGE('',*,*,#799,.T.);
#1022=ORIENTED_EDGE('',*,*,#782,.F.);
#1023=ORIENTED_EDGE('',*,*,#801,.T.);
#1024=ORIENTED_EDGE('',*,*,#802,.F.);
#1025=ORIENTED_EDGE('',*,*,#803,.F.);
#1026=ORIENTED_EDGE('',*,*,#779,.F.);
#1027=ORIENTED_EDGE('',*,*,#804,.F.);
#1028=ORIENTED_EDGE('',*,*,#805,.T.);
#1029=ORIENTED_EDGE('',*,*,#804,.T.);
#1030=ORIENTED_EDGE('',*,*,#778,.F.);
#1031=ORIENTED_EDGE('',*,*,#806,.T.);
#1032=ORIENTED_EDGE('',*,*,#807,.F.);
#1033=ORIENTED_EDGE('',*,*,#808,.F.);
#1034=ORIENTED_EDGE('',*,*,#809,.T.);
#1035=ORIENTED_EDGE('',*,*,#810,.F.);
#1036=ORIENTED_EDGE('',*,*,#787,.F.);
#1037=ORIENTED_EDGE('',*,*,#808,.T.);
#1038=ORIENTED_EDGE('',*,*,#786,.F.);
#1039=ORIENTED_EDGE('',*,*,#811,.T.);
#1040=ORIENTED_EDGE('',*,*,#812,.F.);
#1041=ORIENTED_EDGE('',*,*,#810,.T.);
#1042=ORIENTED_EDGE('',*,*,#813,.F.);
#1043=ORIENTED_EDGE('',*,*,#814,.F.);
#1044=ORIENTED_EDGE('',*,*,#788,.F.);
#1045=ORIENTED_EDGE('',*,*,#815,.T.);
#1046=ORIENTED_EDGE('',*,*,#816,.T.);
#1047=ORIENTED_EDGE('',*,*,#817,.F.);
#1048=ORIENTED_EDGE('',*,*,#816,.F.);
#1049=ORIENTED_EDGE('',*,*,#815,.F.);
#1050=ORIENTED_EDGE('',*,*,#818,.T.);
#1051=ORIENTED_EDGE('',*,*,#819,.T.);
#1052=ORIENTED_EDGE('',*,*,#820,.F.);
#1053=ORIENTED_EDGE('',*,*,#819,.F.);
#1054=ORIENTED_EDGE('',*,*,#818,.F.);
#1055=ORIENTED_EDGE('',*,*,#821,.T.);
#1056=ORIENTED_EDGE('',*,*,#822,.T.);
#1057=ORIENTED_EDGE('',*,*,#823,.F.);
#1058=ORIENTED_EDGE('',*,*,#822,.F.);
#1059=ORIENTED_EDGE('',*,*,#821,.F.);
#1060=ORIENTED_EDGE('',*,*,#824,.T.);
#1061=ORIENTED_EDGE('',*,*,#825,.T.);
#1062=ORIENTED_EDGE('',*,*,#826,.F.);
#1063=ORIENTED_EDGE('',*,*,#825,.F.);
#1064=ORIENTED_EDGE('',*,*,#824,.F.);
#1065=ORIENTED_EDGE('',*,*,#827,.F.);
#1066=ORIENTED_EDGE('',*,*,#828,.F.);
#1067=ORIENTED_EDGE('',*,*,#829,.F.);
#1068=ORIENTED_EDGE('',*,*,#830,.F.);
#1069=ORIENTED_EDGE('',*,*,#831,.F.);
#1070=ORIENTED_EDGE('',*,*,#832,.T.);
#1071=ORIENTED_EDGE('',*,*,#833,.T.);
#1072=ORIENTED_EDGE('',*,*,#834,.F.);
#1073=ORIENTED_EDGE('',*,*,#835,.T.);
#1074=ORIENTED_EDGE('',*,*,#836,.T.);
#1075=ORIENTED_EDGE('',*,*,#837,.T.);
#1076=ORIENTED_EDGE('',*,*,#838,.F.);
#1077=ORIENTED_EDGE('',*,*,#839,.T.);
#1078=ORIENTED_EDGE('',*,*,#840,.F.);
#1079=ORIENTED_EDGE('',*,*,#841,.F.);
#1080=ORIENTED_EDGE('',*,*,#842,.F.);
#1081=ORIENTED_EDGE('',*,*,#843,.F.);
#1082=ORIENTED_EDGE('',*,*,#844,.T.);
#1083=ORIENTED_EDGE('',*,*,#845,.T.);
#1084=ORIENTED_EDGE('',*,*,#846,.T.);
#1085=ORIENTED_EDGE('',*,*,#842,.T.);
#1086=ORIENTED_EDGE('',*,*,#845,.F.);
#1087=ORIENTED_EDGE('',*,*,#847,.F.);
#1088=ORIENTED_EDGE('',*,*,#848,.F.);
#1089=ORIENTED_EDGE('',*,*,#839,.F.);
#1090=ORIENTED_EDGE('',*,*,#849,.F.);
#1091=ORIENTED_EDGE('',*,*,#850,.F.);
#1092=ORIENTED_EDGE('',*,*,#851,.T.);
#1093=ORIENTED_EDGE('',*,*,#852,.T.);
#1094=ORIENTED_EDGE('',*,*,#836,.F.);
#1095=ORIENTED_EDGE('',*,*,#848,.T.);
#1096=ORIENTED_EDGE('',*,*,#852,.F.);
#1097=ORIENTED_EDGE('',*,*,#853,.F.);
#1098=ORIENTED_EDGE('',*,*,#854,.F.);
#1099=ORIENTED_EDGE('',*,*,#855,.F.);
#1100=ORIENTED_EDGE('',*,*,#856,.T.);
#1101=ORIENTED_EDGE('',*,*,#857,.T.);
#1102=ORIENTED_EDGE('',*,*,#832,.F.);
#1103=ORIENTED_EDGE('',*,*,#854,.T.);
#1104=ORIENTED_EDGE('',*,*,#858,.F.);
#1105=ORIENTED_EDGE('',*,*,#859,.F.);
#1106=ORIENTED_EDGE('',*,*,#860,.F.);
#1107=ORIENTED_EDGE('',*,*,#833,.F.);
#1108=ORIENTED_EDGE('',*,*,#857,.F.);
#1109=ORIENTED_EDGE('',*,*,#861,.F.);
#1110=ORIENTED_EDGE('',*,*,#862,.T.);
#1111=ORIENTED_EDGE('',*,*,#840,.T.);
#1112=ORIENTED_EDGE('',*,*,#863,.T.);
#1113=ORIENTED_EDGE('',*,*,#858,.T.);
#1114=ORIENTED_EDGE('',*,*,#864,.F.);
#1115=ORIENTED_EDGE('',*,*,#865,.T.);
#1116=ORIENTED_EDGE('',*,*,#828,.T.);
#1117=ORIENTED_EDGE('',*,*,#865,.F.);
#1118=ORIENTED_EDGE('',*,*,#866,.F.);
#1119=ORIENTED_EDGE('',*,*,#867,.T.);
#1120=ORIENTED_EDGE('',*,*,#829,.T.);
#1121=ORIENTED_EDGE('',*,*,#867,.F.);
#1122=ORIENTED_EDGE('',*,*,#868,.F.);
#1123=ORIENTED_EDGE('',*,*,#869,.T.);
#1124=ORIENTED_EDGE('',*,*,#830,.T.);
#1125=ORIENTED_EDGE('',*,*,#869,.F.);
#1126=ORIENTED_EDGE('',*,*,#870,.F.);
#1127=ORIENTED_EDGE('',*,*,#871,.T.);
#1128=ORIENTED_EDGE('',*,*,#831,.T.);
#1129=ORIENTED_EDGE('',*,*,#871,.F.);
#1130=ORIENTED_EDGE('',*,*,#863,.F.);
#1131=ORIENTED_EDGE('',*,*,#843,.T.);
#1132=ORIENTED_EDGE('',*,*,#846,.F.);
#1133=ORIENTED_EDGE('',*,*,#850,.T.);
#1134=ORIENTED_EDGE('',*,*,#872,.F.);
#1135=ORIENTED_EDGE('',*,*,#873,.T.);
#1136=ORIENTED_EDGE('',*,*,#874,.F.);
#1137=ORIENTED_EDGE('',*,*,#859,.T.);
#1138=ORIENTED_EDGE('',*,*,#823,.T.);
#1139=ORIENTED_EDGE('',*,*,#820,.T.);
#1140=ORIENTED_EDGE('',*,*,#826,.T.);
#1141=ORIENTED_EDGE('',*,*,#817,.T.);
#1142=ORIENTED_EDGE('',*,*,#874,.T.);
#1143=ORIENTED_EDGE('',*,*,#875,.T.);
#1144=ORIENTED_EDGE('',*,*,#834,.T.);
#1145=ORIENTED_EDGE('',*,*,#860,.T.);
#1146=ORIENTED_EDGE('',*,*,#837,.F.);
#1147=ORIENTED_EDGE('',*,*,#855,.T.);
#1148=ORIENTED_EDGE('',*,*,#835,.F.);
#1149=ORIENTED_EDGE('',*,*,#876,.T.);
#1150=ORIENTED_EDGE('',*,*,#872,.T.);
#1151=ORIENTED_EDGE('',*,*,#849,.T.);
#1152=ORIENTED_EDGE('',*,*,#838,.T.);
#1153=ORIENTED_EDGE('',*,*,#877,.T.);
#1154=ORIENTED_EDGE('',*,*,#862,.F.);
#1155=ORIENTED_EDGE('',*,*,#861,.T.);
#1156=ORIENTED_EDGE('',*,*,#856,.F.);
#1157=ORIENTED_EDGE('',*,*,#853,.T.);
#1158=ORIENTED_EDGE('',*,*,#851,.F.);
#1159=ORIENTED_EDGE('',*,*,#847,.T.);
#1160=ORIENTED_EDGE('',*,*,#844,.F.);
#1161=ORIENTED_EDGE('',*,*,#841,.T.);
#1162=ORIENTED_EDGE('',*,*,#807,.T.);
#1163=ORIENTED_EDGE('',*,*,#878,.T.);
#1164=ORIENTED_EDGE('',*,*,#796,.T.);
#1165=ORIENTED_EDGE('',*,*,#770,.F.);
#1166=ORIENTED_EDGE('',*,*,#775,.T.);
#1167=ORIENTED_EDGE('',*,*,#879,.T.);
#1168=ORIENTED_EDGE('',*,*,#813,.T.);
#1169=ORIENTED_EDGE('',*,*,#809,.F.);
#1170=ORIENTED_EDGE('',*,*,#812,.T.);
#1171=ORIENTED_EDGE('',*,*,#880,.T.);
#1172=ORIENTED_EDGE('',*,*,#881,.T.);
#1173=ORIENTED_EDGE('',*,*,#800,.F.);
#1174=ORIENTED_EDGE('',*,*,#802,.T.);
#1175=ORIENTED_EDGE('',*,*,#882,.T.);
#1176=ORIENTED_EDGE('',*,*,#883,.T.);
#1177=ORIENTED_EDGE('',*,*,#805,.F.);
#1178=ORIENTED_EDGE('',*,*,#870,.T.);
#1179=ORIENTED_EDGE('',*,*,#868,.T.);
#1180=ORIENTED_EDGE('',*,*,#866,.T.);
#1181=ORIENTED_EDGE('',*,*,#864,.T.);
#1182=ORIENTED_EDGE('',*,*,#884,.F.);
#1183=ORIENTED_EDGE('',*,*,#877,.F.);
#1184=ORIENTED_EDGE('',*,*,#876,.F.);
#1185=ORIENTED_EDGE('',*,*,#875,.F.);
#1186=ORIENTED_EDGE('',*,*,#873,.F.);
#1187=ORIENTED_EDGE('',*,*,#885,.T.);
#1188=ORIENTED_EDGE('',*,*,#886,.F.);
#1189=ORIENTED_EDGE('',*,*,#887,.F.);
#1190=ORIENTED_EDGE('',*,*,#785,.F.);
#1191=ORIENTED_EDGE('',*,*,#888,.T.);
#1192=ORIENTED_EDGE('',*,*,#880,.F.);
#1193=ORIENTED_EDGE('',*,*,#811,.F.);
#1194=ORIENTED_EDGE('',*,*,#798,.T.);
#1195=ORIENTED_EDGE('',*,*,#881,.F.);
#1196=ORIENTED_EDGE('',*,*,#888,.F.);
#1197=ORIENTED_EDGE('',*,*,#784,.F.);
#1198=ORIENTED_EDGE('',*,*,#781,.F.);
#1199=ORIENTED_EDGE('',*,*,#889,.T.);
#1200=ORIENTED_EDGE('',*,*,#882,.F.);
#1201=ORIENTED_EDGE('',*,*,#801,.F.);
#1202=ORIENTED_EDGE('',*,*,#803,.T.);
#1203=ORIENTED_EDGE('',*,*,#883,.F.);
#1204=ORIENTED_EDGE('',*,*,#889,.F.);
#1205=ORIENTED_EDGE('',*,*,#780,.F.);
#1206=ORIENTED_EDGE('',*,*,#777,.F.);
#1207=ORIENTED_EDGE('',*,*,#797,.T.);
#1208=ORIENTED_EDGE('',*,*,#878,.F.);
#1209=ORIENTED_EDGE('',*,*,#806,.F.);
#1210=ORIENTED_EDGE('',*,*,#789,.F.);
#1211=ORIENTED_EDGE('',*,*,#814,.T.);
#1212=ORIENTED_EDGE('',*,*,#879,.F.);
#1213=ORIENTED_EDGE('',*,*,#774,.F.);
#1214=ORIENTED_EDGE('',*,*,#890,.F.);
#1215=ORIENTED_EDGE('',*,*,#891,.T.);
#1216=ORIENTED_EDGE('',*,*,#884,.T.);
#1217=ORIENTED_EDGE('',*,*,#891,.F.);
#1218=ORIENTED_EDGE('',*,*,#892,.T.);
#1219=ORIENTED_EDGE('',*,*,#893,.T.);
#1220=ORIENTED_EDGE('',*,*,#885,.F.);
#1221=ORIENTED_EDGE('',*,*,#893,.F.);
#1222=ORIENTED_EDGE('',*,*,#894,.F.);
#1223=ORIENTED_EDGE('',*,*,#895,.T.);
#1224=ORIENTED_EDGE('',*,*,#886,.T.);
#1225=ORIENTED_EDGE('',*,*,#895,.F.);
#1226=ORIENTED_EDGE('',*,*,#896,.F.);
#1227=ORIENTED_EDGE('',*,*,#897,.T.);
#1228=ORIENTED_EDGE('',*,*,#887,.T.);
#1229=ORIENTED_EDGE('',*,*,#897,.F.);
#1230=ORIENTED_EDGE('',*,*,#898,.T.);
#1231=ORIENTED_EDGE('',*,*,#899,.F.);
#1232=ORIENTED_EDGE('',*,*,#791,.T.);
#1233=ORIENTED_EDGE('',*,*,#900,.T.);
#1234=ORIENTED_EDGE('',*,*,#901,.T.);
#1235=ORIENTED_EDGE('',*,*,#902,.F.);
#1236=ORIENTED_EDGE('',*,*,#792,.T.);
#1237=ORIENTED_EDGE('',*,*,#899,.T.);
#1238=ORIENTED_EDGE('',*,*,#903,.T.);
#1239=ORIENTED_EDGE('',*,*,#904,.F.);
#1240=ORIENTED_EDGE('',*,*,#793,.T.);
#1241=ORIENTED_EDGE('',*,*,#902,.T.);
#1242=ORIENTED_EDGE('',*,*,#905,.T.);
#1243=ORIENTED_EDGE('',*,*,#906,.T.);
#1244=ORIENTED_EDGE('',*,*,#907,.T.);
#1245=ORIENTED_EDGE('',*,*,#908,.T.);
#1246=ORIENTED_EDGE('',*,*,#909,.F.);
#1247=ORIENTED_EDGE('',*,*,#890,.T.);
#1248=ORIENTED_EDGE('',*,*,#910,.F.);
#1249=ORIENTED_EDGE('',*,*,#911,.F.);
#1250=ORIENTED_EDGE('',*,*,#892,.F.);
#1251=ORIENTED_EDGE('',*,*,#911,.T.);
#1252=ORIENTED_EDGE('',*,*,#912,.T.);
#1253=ORIENTED_EDGE('',*,*,#913,.T.);
#1254=ORIENTED_EDGE('',*,*,#914,.F.);
#1255=ORIENTED_EDGE('',*,*,#915,.T.);
#1256=ORIENTED_EDGE('',*,*,#916,.T.);
#1257=ORIENTED_EDGE('',*,*,#894,.T.);
#1258=ORIENTED_EDGE('',*,*,#917,.T.);
#1259=ORIENTED_EDGE('',*,*,#918,.T.);
#1260=ORIENTED_EDGE('',*,*,#919,.T.);
#1261=ORIENTED_EDGE('',*,*,#920,.T.);
#1262=ORIENTED_EDGE('',*,*,#921,.T.);
#1263=ORIENTED_EDGE('',*,*,#922,.T.);
#1264=ORIENTED_EDGE('',*,*,#896,.T.);
#1265=ORIENTED_EDGE('',*,*,#923,.F.);
#1266=ORIENTED_EDGE('',*,*,#924,.T.);
#1267=ORIENTED_EDGE('',*,*,#905,.F.);
#1268=ORIENTED_EDGE('',*,*,#925,.F.);
#1269=ORIENTED_EDGE('',*,*,#926,.F.);
#1270=ORIENTED_EDGE('',*,*,#927,.T.);
#1271=ORIENTED_EDGE('',*,*,#906,.F.);
#1272=ORIENTED_EDGE('',*,*,#924,.F.);
#1273=ORIENTED_EDGE('',*,*,#928,.F.);
#1274=ORIENTED_EDGE('',*,*,#929,.T.);
#1275=ORIENTED_EDGE('',*,*,#907,.F.);
#1276=ORIENTED_EDGE('',*,*,#927,.F.);
#1277=ORIENTED_EDGE('',*,*,#930,.F.);
#1278=ORIENTED_EDGE('',*,*,#931,.F.);
#1279=ORIENTED_EDGE('',*,*,#908,.F.);
#1280=ORIENTED_EDGE('',*,*,#929,.F.);
#1281=ORIENTED_EDGE('',*,*,#932,.T.);
#1282=ORIENTED_EDGE('',*,*,#794,.T.);
#1283=ORIENTED_EDGE('',*,*,#904,.T.);
#1284=ORIENTED_EDGE('',*,*,#933,.T.);
#1285=ORIENTED_EDGE('',*,*,#934,.T.);
#1286=ORIENTED_EDGE('',*,*,#935,.F.);
#1287=ORIENTED_EDGE('',*,*,#936,.F.);
#1288=ORIENTED_EDGE('',*,*,#795,.T.);
#1289=ORIENTED_EDGE('',*,*,#932,.F.);
#1290=ORIENTED_EDGE('',*,*,#936,.T.);
#1291=ORIENTED_EDGE('',*,*,#937,.T.);
#1292=ORIENTED_EDGE('',*,*,#938,.T.);
#1293=ORIENTED_EDGE('',*,*,#900,.F.);
#1294=ORIENTED_EDGE('',*,*,#790,.T.);
#1295=ORIENTED_EDGE('',*,*,#939,.T.);
#1296=ORIENTED_EDGE('',*,*,#940,.T.);
#1297=ORIENTED_EDGE('',*,*,#925,.T.);
#1298=ORIENTED_EDGE('',*,*,#909,.T.);
#1299=ORIENTED_EDGE('',*,*,#931,.T.);
#1300=ORIENTED_EDGE('',*,*,#941,.T.);
#1301=ORIENTED_EDGE('',*,*,#933,.F.);
#1302=ORIENTED_EDGE('',*,*,#903,.F.);
#1303=ORIENTED_EDGE('',*,*,#901,.F.);
#1304=ORIENTED_EDGE('',*,*,#898,.F.);
#1305=ORIENTED_EDGE('',*,*,#938,.F.);
#1306=ORIENTED_EDGE('',*,*,#942,.T.);
#1307=ORIENTED_EDGE('',*,*,#943,.T.);
#1308=ORIENTED_EDGE('',*,*,#914,.T.);
#1309=ORIENTED_EDGE('',*,*,#910,.T.);
#1310=ORIENTED_EDGE('',*,*,#944,.F.);
#1311=ORIENTED_EDGE('',*,*,#945,.T.);
#1312=ORIENTED_EDGE('',*,*,#915,.F.);
#1313=ORIENTED_EDGE('',*,*,#943,.F.);
#1314=ORIENTED_EDGE('',*,*,#946,.F.);
#1315=ORIENTED_EDGE('',*,*,#947,.T.);
#1316=ORIENTED_EDGE('',*,*,#916,.F.);
#1317=ORIENTED_EDGE('',*,*,#945,.F.);
#1318=ORIENTED_EDGE('',*,*,#948,.F.);
#1319=ORIENTED_EDGE('',*,*,#949,.T.);
#1320=ORIENTED_EDGE('',*,*,#912,.F.);
#1321=ORIENTED_EDGE('',*,*,#947,.F.);
#1322=ORIENTED_EDGE('',*,*,#950,.F.);
#1323=ORIENTED_EDGE('',*,*,#939,.F.);
#1324=ORIENTED_EDGE('',*,*,#913,.F.);
#1325=ORIENTED_EDGE('',*,*,#949,.F.);
#1326=ORIENTED_EDGE('',*,*,#951,.F.);
#1327=ORIENTED_EDGE('',*,*,#952,.T.);
#1328=ORIENTED_EDGE('',*,*,#917,.F.);
#1329=ORIENTED_EDGE('',*,*,#953,.F.);
#1330=ORIENTED_EDGE('',*,*,#954,.F.);
#1331=ORIENTED_EDGE('',*,*,#955,.T.);
#1332=ORIENTED_EDGE('',*,*,#918,.F.);
#1333=ORIENTED_EDGE('',*,*,#952,.F.);
#1334=ORIENTED_EDGE('',*,*,#956,.F.);
#1335=ORIENTED_EDGE('',*,*,#957,.T.);
#1336=ORIENTED_EDGE('',*,*,#919,.F.);
#1337=ORIENTED_EDGE('',*,*,#955,.F.);
#1338=ORIENTED_EDGE('',*,*,#958,.F.);
#1339=ORIENTED_EDGE('',*,*,#959,.T.);
#1340=ORIENTED_EDGE('',*,*,#920,.F.);
#1341=ORIENTED_EDGE('',*,*,#957,.F.);
#1342=ORIENTED_EDGE('',*,*,#960,.F.);
#1343=ORIENTED_EDGE('',*,*,#961,.T.);
#1344=ORIENTED_EDGE('',*,*,#921,.F.);
#1345=ORIENTED_EDGE('',*,*,#959,.F.);
#1346=ORIENTED_EDGE('',*,*,#962,.F.);
#1347=ORIENTED_EDGE('',*,*,#953,.T.);
#1348=ORIENTED_EDGE('',*,*,#922,.F.);
#1349=ORIENTED_EDGE('',*,*,#961,.F.);
#1350=ORIENTED_EDGE('',*,*,#950,.T.);
#1351=ORIENTED_EDGE('',*,*,#948,.T.);
#1352=ORIENTED_EDGE('',*,*,#946,.T.);
#1353=ORIENTED_EDGE('',*,*,#944,.T.);
#1354=ORIENTED_EDGE('',*,*,#942,.F.);
#1355=ORIENTED_EDGE('',*,*,#937,.F.);
#1356=ORIENTED_EDGE('',*,*,#935,.T.);
#1357=ORIENTED_EDGE('',*,*,#934,.F.);
#1358=ORIENTED_EDGE('',*,*,#941,.F.);
#1359=ORIENTED_EDGE('',*,*,#930,.T.);
#1360=ORIENTED_EDGE('',*,*,#928,.T.);
#1361=ORIENTED_EDGE('',*,*,#926,.T.);
#1362=ORIENTED_EDGE('',*,*,#923,.T.);
#1363=ORIENTED_EDGE('',*,*,#940,.F.);
#1364=ORIENTED_EDGE('',*,*,#962,.T.);
#1365=ORIENTED_EDGE('',*,*,#960,.T.);
#1366=ORIENTED_EDGE('',*,*,#958,.T.);
#1367=ORIENTED_EDGE('',*,*,#956,.T.);
#1368=ORIENTED_EDGE('',*,*,#954,.T.);
#1369=ORIENTED_EDGE('',*,*,#951,.T.);
#1370=ORIENTED_EDGE('',*,*,#963,.T.);
#1371=ORIENTED_EDGE('',*,*,#964,.T.);
#1372=ORIENTED_EDGE('',*,*,#965,.T.);
#1373=ORIENTED_EDGE('',*,*,#966,.T.);
#1374=ORIENTED_EDGE('',*,*,#967,.T.);
#1375=ORIENTED_EDGE('',*,*,#968,.T.);
#1376=ORIENTED_EDGE('',*,*,#963,.F.);
#1377=ORIENTED_EDGE('',*,*,#969,.T.);
#1378=ORIENTED_EDGE('',*,*,#970,.F.);
#1379=ORIENTED_EDGE('',*,*,#971,.F.);
#1380=ORIENTED_EDGE('',*,*,#964,.F.);
#1381=ORIENTED_EDGE('',*,*,#971,.T.);
#1382=ORIENTED_EDGE('',*,*,#972,.F.);
#1383=ORIENTED_EDGE('',*,*,#973,.F.);
#1384=ORIENTED_EDGE('',*,*,#965,.F.);
#1385=ORIENTED_EDGE('',*,*,#973,.T.);
#1386=ORIENTED_EDGE('',*,*,#974,.F.);
#1387=ORIENTED_EDGE('',*,*,#975,.F.);
#1388=ORIENTED_EDGE('',*,*,#966,.F.);
#1389=ORIENTED_EDGE('',*,*,#975,.T.);
#1390=ORIENTED_EDGE('',*,*,#976,.F.);
#1391=ORIENTED_EDGE('',*,*,#977,.F.);
#1392=ORIENTED_EDGE('',*,*,#967,.F.);
#1393=ORIENTED_EDGE('',*,*,#977,.T.);
#1394=ORIENTED_EDGE('',*,*,#978,.F.);
#1395=ORIENTED_EDGE('',*,*,#979,.F.);
#1396=ORIENTED_EDGE('',*,*,#968,.F.);
#1397=ORIENTED_EDGE('',*,*,#979,.T.);
#1398=ORIENTED_EDGE('',*,*,#980,.F.);
#1399=ORIENTED_EDGE('',*,*,#969,.F.);
#1400=ORIENTED_EDGE('',*,*,#980,.T.);
#1401=ORIENTED_EDGE('',*,*,#978,.T.);
#1402=ORIENTED_EDGE('',*,*,#976,.T.);
#1403=ORIENTED_EDGE('',*,*,#974,.T.);
#1404=ORIENTED_EDGE('',*,*,#972,.T.);
#1405=ORIENTED_EDGE('',*,*,#970,.T.);
#1406=ORIENTED_EDGE('',*,*,#981,.T.);
#1407=ORIENTED_EDGE('',*,*,#981,.F.);
#1408=ORIENTED_EDGE('',*,*,#982,.T.);
#1409=ORIENTED_EDGE('',*,*,#827,.T.);
#1410=ORIENTED_EDGE('',*,*,#982,.F.);
#1411=PLANE('',#1561);
#1412=PLANE('',#1562);
#1413=PLANE('',#1563);
#1414=PLANE('',#1570);
#1415=PLANE('',#1571);
#1416=PLANE('',#1572);
#1417=PLANE('',#1573);
#1418=PLANE('',#1574);
#1419=PLANE('',#1575);
#1420=PLANE('',#1576);
#1421=PLANE('',#1577);
#1422=PLANE('',#1582);
#1423=PLANE('',#1587);
#1424=PLANE('',#1592);
#1425=PLANE('',#1597);
#1426=PLANE('',#1598);
#1427=PLANE('',#1600);
#1428=PLANE('',#1602);
#1429=PLANE('',#1604);
#1430=PLANE('',#1606);
#1431=PLANE('',#1618);
#1432=PLANE('',#1622);
#1433=PLANE('',#1625);
#1434=PLANE('',#1628);
#1435=PLANE('',#1640);
#1436=PLANE('',#1646);
#1437=PLANE('',#1651);
#1438=PLANE('',#1653);
#1439=PLANE('',#1654);
#1440=PLANE('',#1656);
#1441=PLANE('',#1659);
#1442=PLANE('',#1661);
#1443=PLANE('',#1672);
#1444=PLANE('',#1675);
#1445=PLANE('',#1677);
#1446=PLANE('',#1679);
#1447=PLANE('',#1682);
#1448=PLANE('',#1685);
#1449=PLANE('',#1686);
#1450=PLANE('',#1687);
#1451=PLANE('',#1688);
#1452=PLANE('',#1689);
#1453=PLANE('',#1690);
#1454=PLANE('',#1691);
#1455=PLANE('',#1692);
#1456=PLANE('',#1695);
#1457=PLANE('',#1696);
#1458=PLANE('',#1699);
#1459=PLANE('',#1700);
#1460=PLANE('',#1703);
#1461=PLANE('',#1704);
#1462=PLANE('',#1707);
#1463=PLANE('',#1710);
#1464=PLANE('',#1711);
#1465=PLANE('',#1714);
#1466=PLANE('',#1715);
#1467=ADVANCED_FACE('',(#144),#1411,.T.);
#1468=ADVANCED_FACE('',(#145),#1412,.T.);
#1469=ADVANCED_FACE('',(#146,#62),#1413,.F.);
#1470=ADVANCED_FACE('',(#147),#1414,.T.);
#1471=ADVANCED_FACE('',(#148),#1415,.T.);
#1472=ADVANCED_FACE('',(#149),#1416,.T.);
#1473=ADVANCED_FACE('',(#150),#1417,.T.);
#1474=ADVANCED_FACE('',(#151),#1418,.T.);
#1475=ADVANCED_FACE('',(#152),#1419,.T.);
#1476=ADVANCED_FACE('',(#153),#1420,.T.);
#1477=ADVANCED_FACE('',(#154),#1421,.T.);
#1478=ADVANCED_FACE('',(#155),#56,.F.);
#1479=ADVANCED_FACE('',(#156),#1422,.T.);
#1480=ADVANCED_FACE('',(#157),#57,.F.);
#1481=ADVANCED_FACE('',(#158),#1423,.T.);
#1482=ADVANCED_FACE('',(#159),#58,.F.);
#1483=ADVANCED_FACE('',(#160),#1424,.T.);
#1484=ADVANCED_FACE('',(#161),#59,.F.);
#1485=ADVANCED_FACE('',(#162),#1425,.T.);
#1486=ADVANCED_FACE('',(#163),#1426,.T.);
#1487=ADVANCED_FACE('',(#164),#1427,.T.);
#1488=ADVANCED_FACE('',(#165),#1428,.T.);
#1489=ADVANCED_FACE('',(#166),#1429,.T.);
#1490=ADVANCED_FACE('',(#167),#1430,.T.);
#1491=ADVANCED_FACE('',(#168),#60,.T.);
#1492=ADVANCED_FACE('',(#169),#61,.T.);
#1493=ADVANCED_FACE('',(#170),#1431,.T.);
#1494=ADVANCED_FACE('',(#171),#29,.T.);
#1495=ADVANCED_FACE('',(#172),#1432,.T.);
#1496=ADVANCED_FACE('',(#173),#30,.T.);
#1497=ADVANCED_FACE('',(#174),#1433,.T.);
#1498=ADVANCED_FACE('',(#175),#31,.T.);
#1499=ADVANCED_FACE('',(#176),#1434,.T.);
#1500=ADVANCED_FACE('',(#177),#32,.T.);
#1501=ADVANCED_FACE('',(#178),#33,.F.);
#1502=ADVANCED_FACE('',(#179),#34,.F.);
#1503=ADVANCED_FACE('',(#180),#35,.F.);
#1504=ADVANCED_FACE('',(#181),#36,.F.);
#1505=ADVANCED_FACE('',(#182,#63,#64,#65,#66),#1435,.F.);
#1506=ADVANCED_FACE('',(#183),#37,.T.);
#1507=ADVANCED_FACE('',(#184),#38,.T.);
#1508=ADVANCED_FACE('',(#185),#39,.T.);
#1509=ADVANCED_FACE('',(#186,#67,#68,#69,#70,#71),#1436,.F.);
#1510=ADVANCED_FACE('',(#187),#1437,.T.);
#1511=ADVANCED_FACE('',(#188,#72),#1438,.F.);
#1512=ADVANCED_FACE('',(#189),#1439,.T.);
#1513=ADVANCED_FACE('',(#190),#1440,.T.);
#1514=ADVANCED_FACE('',(#191),#40,.T.);
#1515=ADVANCED_FACE('',(#192),#1441,.T.);
#1516=ADVANCED_FACE('',(#193),#41,.T.);
#1517=ADVANCED_FACE('',(#194),#1442,.T.);
#1518=ADVANCED_FACE('',(#195),#42,.T.);
#1519=ADVANCED_FACE('',(#196),#43,.T.);
#1520=ADVANCED_FACE('',(#197),#44,.F.);
#1521=ADVANCED_FACE('',(#198),#19,.T.);
#1522=ADVANCED_FACE('',(#199),#45,.F.);
#1523=ADVANCED_FACE('',(#200),#46,.F.);
#1524=ADVANCED_FACE('',(#201),#47,.F.);
#1525=ADVANCED_FACE('',(#202),#1443,.T.);
#1526=ADVANCED_FACE('',(#203),#48,.F.);
#1527=ADVANCED_FACE('',(#204,#73),#1444,.T.);
#1528=ADVANCED_FACE('',(#205),#20,.F.);
#1529=ADVANCED_FACE('',(#206,#74),#1445,.T.);
#1530=ADVANCED_FACE('',(#207,#75),#1446,.T.);
#1531=ADVANCED_FACE('',(#208),#1447,.T.);
#1532=ADVANCED_FACE('',(#209),#49,.T.);
#1533=ADVANCED_FACE('',(#210),#1448,.T.);
#1534=ADVANCED_FACE('',(#211),#1449,.T.);
#1535=ADVANCED_FACE('',(#212),#1450,.T.);
#1536=ADVANCED_FACE('',(#213),#1451,.F.);
#1537=ADVANCED_FACE('',(#214),#1452,.T.);
#1538=ADVANCED_FACE('',(#215,#76),#1453,.T.);
#1539=ADVANCED_FACE('',(#216),#1454,.T.);
#1540=ADVANCED_FACE('',(#217),#1455,.T.);
#1541=ADVANCED_FACE('',(#218),#50,.T.);
#1542=ADVANCED_FACE('',(#219),#1456,.T.);
#1543=ADVANCED_FACE('',(#220),#1457,.T.);
#1544=ADVANCED_FACE('',(#221),#51,.T.);
#1545=ADVANCED_FACE('',(#222),#1458,.T.);
#1546=ADVANCED_FACE('',(#223),#1459,.T.);
#1547=ADVANCED_FACE('',(#224),#52,.T.);
#1548=ADVANCED_FACE('',(#225),#1460,.T.);
#1549=ADVANCED_FACE('',(#226,#77,#78),#1461,.F.);
#1550=ADVANCED_FACE('',(#227),#1462,.T.);
#1551=ADVANCED_FACE('',(#228),#53,.T.);
#1552=ADVANCED_FACE('',(#229),#1463,.T.);
#1553=ADVANCED_FACE('',(#230),#1464,.T.);
#1554=ADVANCED_FACE('',(#231),#54,.T.);
#1555=ADVANCED_FACE('',(#232),#1465,.T.);
#1556=ADVANCED_FACE('',(#233,#79),#1466,.T.);
#1557=ADVANCED_FACE('',(#234),#55,.F.);
#1558=CLOSED_SHELL('',(#1467,#1468,#1469,#1470,#1471,#1472,#1473,#1474,
#1475,#1476,#1477,#1478,#1479,#1480,#1481,#1482,#1483,#1484,#1485,#1486,
#1487,#1488,#1489,#1490,#1491,#1492,#1493,#1494,#1495,#1496,#1497,#1498,
#1499,#1500,#1501,#1502,#1503,#1504,#1505,#1506,#1507,#1508,#1509,#1510,
#1511,#1512,#1513,#1514,#1515,#1516,#1517,#1518,#1519,#1520,#1521,#1522,
#1523,#1524,#1525,#1526,#1527,#1528,#1529,#1530,#1531,#1532,#1533,#1534,
#1535,#1536,#1537,#1538,#1539,#1540,#1541,#1542,#1543,#1544,#1545,#1546,
#1547,#1548,#1549,#1550,#1551,#1552,#1553,#1554,#1555,#1556,#1557));
#1559=AXIS2_PLACEMENT_3D('',#2181,#1719,#1720);
#1560=AXIS2_PLACEMENT_3D('',#2182,#1721,#1722);
#1561=AXIS2_PLACEMENT_3D('',#2183,#1723,#1724);
#1562=AXIS2_PLACEMENT_3D('',#2192,#1729,#1730);
#1563=AXIS2_PLACEMENT_3D('',#2198,#1734,#1735);
#1564=AXIS2_PLACEMENT_3D('',#2202,#1737,#1738);
#1565=AXIS2_PLACEMENT_3D('',#2210,#1742,#1743);
#1566=AXIS2_PLACEMENT_3D('',#2218,#1747,#1748);
#1567=AXIS2_PLACEMENT_3D('',#2225,#1752,#1753);
#1568=AXIS2_PLACEMENT_3D('',#2230,#1755,#1756);
#1569=AXIS2_PLACEMENT_3D('',#2234,#1758,#1759);
#1570=AXIS2_PLACEMENT_3D('',#2238,#1762,#1763);
#1571=AXIS2_PLACEMENT_3D('',#2242,#1766,#1767);
#1572=AXIS2_PLACEMENT_3D('',#2248,#1771,#1772);
#1573=AXIS2_PLACEMENT_3D('',#2252,#1775,#1776);
#1574=AXIS2_PLACEMENT_3D('',#2258,#1780,#1781);
#1575=AXIS2_PLACEMENT_3D('',#2262,#1784,#1785);
#1576=AXIS2_PLACEMENT_3D('',#2268,#1789,#1790);
#1577=AXIS2_PLACEMENT_3D('',#2272,#1793,#1794);
#1578=AXIS2_PLACEMENT_3D('',#2276,#1797,#1798);
#1579=AXIS2_PLACEMENT_3D('',#2278,#1799,#1800);
#1580=AXIS2_PLACEMENT_3D('',#2280,#1801,#1802);
#1581=AXIS2_PLACEMENT_3D('',#2281,#1803,#1804);
#1582=AXIS2_PLACEMENT_3D('',#2282,#1805,#1806);
#1583=AXIS2_PLACEMENT_3D('',#2283,#1807,#1808);
#1584=AXIS2_PLACEMENT_3D('',#2285,#1809,#1810);
#1585=AXIS2_PLACEMENT_3D('',#2287,#1811,#1812);
#1586=AXIS2_PLACEMENT_3D('',#2288,#1813,#1814);
#1587=AXIS2_PLACEMENT_3D('',#2289,#1815,#1816);
#1588=AXIS2_PLACEMENT_3D('',#2290,#1817,#1818);
#1589=AXIS2_PLACEMENT_3D('',#2292,#1819,#1820);
#1590=AXIS2_PLACEMENT_3D('',#2294,#1821,#1822);
#1591=AXIS2_PLACEMENT_3D('',#2295,#1823,#1824);
#1592=AXIS2_PLACEMENT_3D('',#2296,#1825,#1826);
#1593=AXIS2_PLACEMENT_3D('',#2297,#1827,#1828);
#1594=AXIS2_PLACEMENT_3D('',#2299,#1829,#1830);
#1595=AXIS2_PLACEMENT_3D('',#2301,#1831,#1832);
#1596=AXIS2_PLACEMENT_3D('',#2302,#1833,#1834);
#1597=AXIS2_PLACEMENT_3D('',#2303,#1835,#1836);
#1598=AXIS2_PLACEMENT_3D('',#2304,#1837,#1838);
#1599=AXIS2_PLACEMENT_3D('',#2306,#1839,#1840);
#1600=AXIS2_PLACEMENT_3D('',#2307,#1841,#1842);
#1601=AXIS2_PLACEMENT_3D('',#2309,#1843,#1844);
#1602=AXIS2_PLACEMENT_3D('',#2310,#1845,#1846);
#1603=AXIS2_PLACEMENT_3D('',#2312,#1847,#1848);
#1604=AXIS2_PLACEMENT_3D('',#2313,#1849,#1850);
#1605=AXIS2_PLACEMENT_3D('',#2315,#1851,#1852);
#1606=AXIS2_PLACEMENT_3D('',#2316,#1853,#1854);
#1607=AXIS2_PLACEMENT_3D('',#2318,#1855,#1856);
#1608=AXIS2_PLACEMENT_3D('',#2319,#1857,#1858);
#1609=AXIS2_PLACEMENT_3D('',#2322,#1859,#1860);
#1610=AXIS2_PLACEMENT_3D('',#2324,#1861,#1862);
#1611=AXIS2_PLACEMENT_3D('',#2326,#1863,#1864);
#1612=AXIS2_PLACEMENT_3D('',#2327,#1865,#1866);
#1613=AXIS2_PLACEMENT_3D('',#2328,#1867,#1868);
#1614=AXIS2_PLACEMENT_3D('',#2331,#1869,#1870);
#1615=AXIS2_PLACEMENT_3D('',#2333,#1871,#1872);
#1616=AXIS2_PLACEMENT_3D('',#2335,#1873,#1874);
#1617=AXIS2_PLACEMENT_3D('',#2336,#1875,#1876);
#1618=AXIS2_PLACEMENT_3D('',#2337,#1877,#1878);
#1619=AXIS2_PLACEMENT_3D('',#2346,#1883,#1884);
#1620=AXIS2_PLACEMENT_3D('',#2348,#1885,#1886);
#1621=AXIS2_PLACEMENT_3D('',#2351,#1888,#1889);
#1622=AXIS2_PLACEMENT_3D('',#2352,#1890,#1891);
#1623=AXIS2_PLACEMENT_3D('',#2359,#1896,#1897);
#1624=AXIS2_PLACEMENT_3D('',#2361,#1898,#1899);
#1625=AXIS2_PLACEMENT_3D('',#2363,#1901,#1902);
#1626=AXIS2_PLACEMENT_3D('',#2368,#1906,#1907);
#1627=AXIS2_PLACEMENT_3D('',#2370,#1908,#1909);
#1628=AXIS2_PLACEMENT_3D('',#2372,#1911,#1912);
#1629=AXIS2_PLACEMENT_3D('',#2380,#1917,#1918);
#1630=AXIS2_PLACEMENT_3D('',#2381,#1919,#1920);
#1631=AXIS2_PLACEMENT_3D('',#2382,#1921,#1922);
#1632=AXIS2_PLACEMENT_3D('',#2383,#1923,#1924);
#1633=AXIS2_PLACEMENT_3D('',#2385,#1925,#1926);
#1634=AXIS2_PLACEMENT_3D('',#2387,#1928,#1929);
#1635=AXIS2_PLACEMENT_3D('',#2389,#1930,#1931);
#1636=AXIS2_PLACEMENT_3D('',#2391,#1933,#1934);
#1637=AXIS2_PLACEMENT_3D('',#2393,#1935,#1936);
#1638=AXIS2_PLACEMENT_3D('',#2395,#1938,#1939);
#1639=AXIS2_PLACEMENT_3D('',#2397,#1940,#1941);
#1640=AXIS2_PLACEMENT_3D('',#2399,#1943,#1944);
#1641=AXIS2_PLACEMENT_3D('',#2401,#1945,#1946);
#1642=AXIS2_PLACEMENT_3D('',#2404,#1948,#1949);
#1643=AXIS2_PLACEMENT_3D('',#2405,#1950,#1951);
#1644=AXIS2_PLACEMENT_3D('',#2407,#1953,#1954);
#1645=AXIS2_PLACEMENT_3D('',#2409,#1956,#1957);
#1646=AXIS2_PLACEMENT_3D('',#2411,#1959,#1960);
#1647=AXIS2_PLACEMENT_3D('',#2412,#1961,#1962);
#1648=AXIS2_PLACEMENT_3D('',#2413,#1963,#1964);
#1649=AXIS2_PLACEMENT_3D('',#2415,#1965,#1966);
#1650=AXIS2_PLACEMENT_3D('',#2418,#1968,#1969);
#1651=AXIS2_PLACEMENT_3D('',#2420,#1971,#1972);
#1652=AXIS2_PLACEMENT_3D('',#2422,#1973,#1974);
#1653=AXIS2_PLACEMENT_3D('',#2423,#1975,#1976);
#1654=AXIS2_PLACEMENT_3D('',#2462,#1977,#1978);
#1655=AXIS2_PLACEMENT_3D('',#2464,#1979,#1980);
#1656=AXIS2_PLACEMENT_3D('',#2465,#1981,#1982);
#1657=AXIS2_PLACEMENT_3D('',#2467,#1983,#1984);
#1658=AXIS2_PLACEMENT_3D('',#2468,#1985,#1986);
#1659=AXIS2_PLACEMENT_3D('',#2470,#1988,#1989);
#1660=AXIS2_PLACEMENT_3D('',#2471,#1990,#1991);
#1661=AXIS2_PLACEMENT_3D('',#2473,#1993,#1994);
#1662=AXIS2_PLACEMENT_3D('',#2474,#1995,#1996);
#1663=AXIS2_PLACEMENT_3D('',#2475,#1997,#1998);
#1664=AXIS2_PLACEMENT_3D('',#2476,#1999,#2000);
#1665=AXIS2_PLACEMENT_3D('',#2478,#2001,#2002);
#1666=AXIS2_PLACEMENT_3D('',#2670,#2004,#2005);
#1667=AXIS2_PLACEMENT_3D('',#2672,#2006,#2007);
#1668=AXIS2_PLACEMENT_3D('',#2674,#2009,#2010);
#1669=AXIS2_PLACEMENT_3D('',#2676,#2011,#2012);
#1670=AXIS2_PLACEMENT_3D('',#2678,#2014,#2015);
#1671=AXIS2_PLACEMENT_3D('',#2681,#2016,#2017);
#1672=AXIS2_PLACEMENT_3D('',#2684,#2020,#2021);
#1673=AXIS2_PLACEMENT_3D('',#2688,#2024,#2025);
#1674=AXIS2_PLACEMENT_3D('',#2690,#2026,#2027);
#1675=AXIS2_PLACEMENT_3D('',#2692,#2029,#2030);
#1676=AXIS2_PLACEMENT_3D('',#2697,#2032,#2033);
#1677=AXIS2_PLACEMENT_3D('',#2888,#2038,#2039);
#1678=AXIS2_PLACEMENT_3D('',#2891,#2040,#2041);
#1679=AXIS2_PLACEMENT_3D('',#2899,#2046,#2047);
#1680=AXIS2_PLACEMENT_3D('',#2904,#2049,#2050);
#1681=AXIS2_PLACEMENT_3D('',#2910,#2053,#2054);
#1682=AXIS2_PLACEMENT_3D('',#2912,#2056,#2057);
#1683=AXIS2_PLACEMENT_3D('',#2918,#2061,#2062);
#1684=AXIS2_PLACEMENT_3D('',#2920,#2063,#2064);
#1685=AXIS2_PLACEMENT_3D('',#2922,#2066,#2067);
#1686=AXIS2_PLACEMENT_3D('',#2926,#2070,#2071);
#1687=AXIS2_PLACEMENT_3D('',#2930,#2074,#2075);
#1688=AXIS2_PLACEMENT_3D('',#2936,#2079,#2080);
#1689=AXIS2_PLACEMENT_3D('',#2940,#2083,#2084);
#1690=AXIS2_PLACEMENT_3D('',#2944,#2087,#2088);
#1691=AXIS2_PLACEMENT_3D('',#2952,#2094,#2095);
#1692=AXIS2_PLACEMENT_3D('',#2956,#2098,#2099);
#1693=AXIS2_PLACEMENT_3D('',#2960,#2102,#2103);
#1694=AXIS2_PLACEMENT_3D('',#2962,#2104,#2105);
#1695=AXIS2_PLACEMENT_3D('',#2964,#2107,#2108);
#1696=AXIS2_PLACEMENT_3D('',#2966,#2110,#2111);
#1697=AXIS2_PLACEMENT_3D('',#2972,#2115,#2116);
#1698=AXIS2_PLACEMENT_3D('',#2974,#2117,#2118);
#1699=AXIS2_PLACEMENT_3D('',#2976,#2120,#2121);
#1700=AXIS2_PLACEMENT_3D('',#2980,#2124,#2125);
#1701=AXIS2_PLACEMENT_3D('',#2984,#2128,#2129);
#1702=AXIS2_PLACEMENT_3D('',#2986,#2130,#2131);
#1703=AXIS2_PLACEMENT_3D('',#2988,#2133,#2134);
#1704=AXIS2_PLACEMENT_3D('',#2990,#2136,#2137);
#1705=AXIS2_PLACEMENT_3D('',#2995,#2139,#2140);
#1706=AXIS2_PLACEMENT_3D('',#3001,#2143,#2144);
#1707=AXIS2_PLACEMENT_3D('',#3003,#2146,#2147);
#1708=AXIS2_PLACEMENT_3D('',#3009,#2151,#2152);
#1709=AXIS2_PLACEMENT_3D('',#3011,#2153,#2154);
#1710=AXIS2_PLACEMENT_3D('',#3013,#2156,#2157);
#1711=AXIS2_PLACEMENT_3D('',#3017,#2160,#2161);
#1712=AXIS2_PLACEMENT_3D('',#3021,#2164,#2165);
#1713=AXIS2_PLACEMENT_3D('',#3023,#2166,#2167);
#1714=AXIS2_PLACEMENT_3D('',#3025,#2169,#2170);
#1715=AXIS2_PLACEMENT_3D('',#3027,#2172,#2173);
#1716=AXIS2_PLACEMENT_3D('',#3029,#2174,#2175);
#1717=AXIS2_PLACEMENT_3D('',#3030,#2176,#2177);
#1718=AXIS2_PLACEMENT_3D('',#3032,#2179,#2180);
#1719=DIRECTION('axis',(0.,0.,1.));
#1720=DIRECTION('refdir',(1.,0.,0.));
#1721=DIRECTION('axis',(0.,0.,1.));
#1722=DIRECTION('refdir',(1.,0.,0.));
#1723=DIRECTION('center_axis',(1.,0.,4.44089209850072E-14));
#1724=DIRECTION('ref_axis',(4.44089209850072E-14,0.,-1.));
#1725=DIRECTION('',(0.,-1.,0.));
#1726=DIRECTION('',(-4.55446245955926E-14,0.,1.));
#1727=DIRECTION('',(0.,1.,0.));
#1728=DIRECTION('',(-4.44089209850072E-14,0.,1.));
#1729=DIRECTION('center_axis',(5.21956999422038E-14,0.,1.));
#1730=DIRECTION('ref_axis',(1.,0.,-5.21956999422038E-14));
#1731=DIRECTION('',(-1.,0.,5.21956999422038E-14));
#1732=DIRECTION('',(0.,1.,0.));
#1733=DIRECTION('',(1.,0.,-5.21956999422038E-14));
#1734=DIRECTION('center_axis',(0.,-1.,0.));
#1735=DIRECTION('ref_axis',(1.,0.,0.));
#1736=DIRECTION('',(1.,0.,5.21956999411958E-14));
#1737=DIRECTION('center_axis',(0.,-1.,0.));
#1738=DIRECTION('ref_axis',(4.64585634920065E-14,0.,-1.));
#1739=DIRECTION('',(1.33060179851701E-9,0.,1.));
#1740=DIRECTION('',(1.,0.,-1.33058009055279E-9));
#1741=DIRECTION('',(1.33060179851701E-9,0.,-1.));
#1742=DIRECTION('center_axis',(0.,-1.,0.));
#1743=DIRECTION('ref_axis',(-1.,0.,-1.33060058697783E-9));
#1744=DIRECTION('',(1.,0.,-5.21956999414505E-14));
#1745=DIRECTION('',(0.,0.,-1.));
#1746=DIRECTION('',(-1.,0.,-5.21956999415854E-14));
#1747=DIRECTION('center_axis',(0.,-1.,0.));
#1748=DIRECTION('ref_axis',(-4.64585634920065E-14,0.,1.));
#1749=DIRECTION('',(-1.33060179851701E-9,0.,-1.));
#1750=DIRECTION('',(-1.,0.,-4.44089209850072E-14));
#1751=DIRECTION('',(-1.33060179851701E-9,0.,1.));
#1752=DIRECTION('center_axis',(0.,-1.,0.));
#1753=DIRECTION('ref_axis',(1.,0.,1.33060058697783E-9));
#1754=DIRECTION('',(-3.75675473684031E-14,0.,1.));
#1755=DIRECTION('center_axis',(0.,1.,0.));
#1756=DIRECTION('ref_axis',(-0.999999999999721,0.,7.4707554737547E-7));
#1757=DIRECTION('',(-1.,0.,-4.51616152296738E-15));
#1758=DIRECTION('center_axis',(0.,1.,0.));
#1759=DIRECTION('ref_axis',(-7.4707555181637E-7,0.,-0.999999999999721));
#1760=DIRECTION('',(-1.64807380001061E-8,0.,-1.));
#1761=DIRECTION('',(1.,0.,1.30717709088734E-8));
#1762=DIRECTION('center_axis',(5.21956999411958E-14,0.,-1.));
#1763=DIRECTION('ref_axis',(-1.,0.,-5.21956999411958E-14));
#1764=DIRECTION('',(-1.,0.,-5.21956999411958E-14));
#1765=DIRECTION('',(0.,1.,0.));
#1766=DIRECTION('center_axis',(-1.,0.,0.));
#1767=DIRECTION('ref_axis',(0.,0.,1.));
#1768=DIRECTION('',(0.,1.,0.));
#1769=DIRECTION('',(0.,-1.,0.));
#1770=DIRECTION('',(-6.11532683863891E-15,0.,-1.));
#1771=DIRECTION('center_axis',(-5.21956999414505E-14,0.,-1.));
#1772=DIRECTION('ref_axis',(-1.,0.,5.21956999414505E-14));
#1773=DIRECTION('',(0.,1.,0.));
#1774=DIRECTION('',(-1.,0.,5.21956999414505E-14));
#1775=DIRECTION('center_axis',(-1.33058009055279E-9,0.,-1.));
#1776=DIRECTION('ref_axis',(-1.,0.,1.33058009055279E-9));
#1777=DIRECTION('',(0.,1.,0.));
#1778=DIRECTION('',(0.,-1.,0.));
#1779=DIRECTION('',(1.,0.,-1.33060047299243E-9));
#1780=DIRECTION('center_axis',(1.,0.,-1.33060179851701E-9));
#1781=DIRECTION('ref_axis',(-1.33060179851701E-9,0.,-1.));
#1782=DIRECTION('',(0.,1.,0.));
#1783=DIRECTION('',(-1.33060179851701E-9,0.,-1.));
#1784=DIRECTION('center_axis',(-4.44089209850072E-14,0.,1.));
#1785=DIRECTION('ref_axis',(1.,0.,4.44089209850072E-14));
#1786=DIRECTION('',(0.,-1.,0.));
#1787=DIRECTION('',(-1.,0.,-2.29592369829097E-14));
#1788=DIRECTION('',(0.,1.,0.));
#1789=DIRECTION('center_axis',(-1.,0.,1.33060179851701E-9));
#1790=DIRECTION('ref_axis',(1.33060179851701E-9,0.,1.));
#1791=DIRECTION('',(0.,1.,0.));
#1792=DIRECTION('',(1.33060179851701E-9,0.,1.));
#1793=DIRECTION('center_axis',(1.,0.,1.33060179851701E-9));
#1794=DIRECTION('ref_axis',(1.33060179851701E-9,0.,-1.));
#1795=DIRECTION('',(1.33060179851701E-9,0.,-1.));
#1796=DIRECTION('',(0.,1.,0.));
#1797=DIRECTION('center_axis',(0.,0.965925826289068,-0.258819045102521));
#1798=DIRECTION('ref_axis',(0.,0.258819045102522,0.965925826289068));
#1799=DIRECTION('center_axis',(0.,0.965925826289068,-0.258819045102521));
#1800=DIRECTION('ref_axis',(1.,-4.1076873756351E-16,-1.53300979874794E-15));
#1801=DIRECTION('center_axis',(-1.,0.,0.));
#1802=DIRECTION('ref_axis',(0.,-0.25881904510252,-0.965925826289069));
#1803=DIRECTION('center_axis',(0.,0.965925826289068,-0.25881904510252));
#1804=DIRECTION('ref_axis',(1.,0.,0.));
#1805=DIRECTION('center_axis',(0.,-0.965925826289068,0.258819045102521));
#1806=DIRECTION('ref_axis',(1.,0.,0.));
#1807=DIRECTION('center_axis',(0.,0.965925826289068,-0.258819045102521));
#1808=DIRECTION('ref_axis',(0.,0.258819045102522,0.965925826289068));
#1809=DIRECTION('center_axis',(0.,0.965925826289068,-0.258819045102521));
#1810=DIRECTION('ref_axis',(1.,8.29504258199699E-17,3.09575203669601E-16));
#1811=DIRECTION('center_axis',(-1.,0.,0.));
#1812=DIRECTION('ref_axis',(0.,-0.25881904510252,-0.965925826289069));
#1813=DIRECTION('center_axis',(0.,0.965925826289068,-0.25881904510252));
#1814=DIRECTION('ref_axis',(1.,0.,0.));
#1815=DIRECTION('center_axis',(0.,-0.965925826289068,0.258819045102521));
#1816=DIRECTION('ref_axis',(1.,0.,0.));
#1817=DIRECTION('center_axis',(0.,0.965925826289068,-0.258819045102521));
#1818=DIRECTION('ref_axis',(0.,0.25881904510252,0.965925826289068));
#1819=DIRECTION('center_axis',(0.,0.965925826289068,-0.258819045102521));
#1820=DIRECTION('ref_axis',(1.,-4.10491965248087E-16,-1.53197687040466E-15));
#1821=DIRECTION('center_axis',(-1.,0.,0.));
#1822=DIRECTION('ref_axis',(0.,-0.258819045102521,-0.965925826289068));
#1823=DIRECTION('center_axis',(0.,0.965925826289068,-0.25881904510252));
#1824=DIRECTION('ref_axis',(1.,0.,0.));
#1825=DIRECTION('center_axis',(0.,-0.965925826289068,0.258819045102521));
#1826=DIRECTION('ref_axis',(1.,0.,0.));
#1827=DIRECTION('center_axis',(0.,0.965925826289068,-0.258819045102521));
#1828=DIRECTION('ref_axis',(0.,0.25881904510252,0.965925826289068));
#1829=DIRECTION('center_axis',(0.,0.965925826289068,-0.258819045102521));
#1830=DIRECTION('ref_axis',(1.,1.16132583283777E-16,4.33412701229281E-16));
#1831=DIRECTION('center_axis',(-1.,0.,0.));
#1832=DIRECTION('ref_axis',(0.,-0.258819045102521,-0.965925826289068));
#1833=DIRECTION('center_axis',(0.,0.965925826289068,-0.25881904510252));
#1834=DIRECTION('ref_axis',(1.,0.,0.));
#1835=DIRECTION('center_axis',(0.,-0.965925826289068,0.258819045102521));
#1836=DIRECTION('ref_axis',(1.,0.,0.));
#1837=DIRECTION('center_axis',(0.,0.965925826289069,-0.25881904510252));
#1838=DIRECTION('ref_axis',(-1.,0.,0.));
#1839=DIRECTION('center_axis',(0.,-0.965925826289069,0.25881904510252));
#1840=DIRECTION('ref_axis',(-1.,0.,0.));
#1841=DIRECTION('center_axis',(0.,1.,0.));
#1842=DIRECTION('ref_axis',(-1.,0.,0.));
#1843=DIRECTION('center_axis',(0.,-1.,0.));
#1844=DIRECTION('ref_axis',(-1.,0.,0.));
#1845=DIRECTION('center_axis',(0.,1.,0.));
#1846=DIRECTION('ref_axis',(-1.,0.,0.));
#1847=DIRECTION('center_axis',(0.,-1.,0.));
#1848=DIRECTION('ref_axis',(-1.,0.,0.));
#1849=DIRECTION('center_axis',(0.,1.,0.));
#1850=DIRECTION('ref_axis',(-1.,0.,0.));
#1851=DIRECTION('center_axis',(0.,-1.,0.));
#1852=DIRECTION('ref_axis',(-1.,0.,0.));
#1853=DIRECTION('center_axis',(0.,1.,0.));
#1854=DIRECTION('ref_axis',(-1.,0.,0.));
#1855=DIRECTION('center_axis',(0.,-1.,0.));
#1856=DIRECTION('ref_axis',(-1.,0.,0.));
#1857=DIRECTION('center_axis',(1.,0.,-6.18352065785529E-15));
#1858=DIRECTION('ref_axis',(-6.3948846218409E-15,0.,-1.));
#1859=DIRECTION('center_axis',(0.,-1.,0.));
#1860=DIRECTION('ref_axis',(-7.42148360610639E-15,0.,-1.));
#1861=DIRECTION('center_axis',(-1.,0.,6.18352065785529E-15));
#1862=DIRECTION('ref_axis',(-6.13061978142942E-15,-0.130526192220068,-0.991444861373808));
#1863=DIRECTION('center_axis',(1.28054753345099E-15,-0.965925826289068,
0.258819045102522));
#1864=DIRECTION('ref_axis',(0.,-0.258819045102522,-0.965925826289068));
#1865=DIRECTION('center_axis',(1.,0.,-6.18352065785529E-15));
#1866=DIRECTION('ref_axis',(-6.13398221105401E-15,-0.130526192220067,-0.991444861373808));
#1867=DIRECTION('center_axis',(1.,0.,4.55331975193286E-14));
#1868=DIRECTION('ref_axis',(4.61852778244065E-14,0.,-1.));
#1869=DIRECTION('center_axis',(0.,-1.,0.));
#1870=DIRECTION('ref_axis',(-1.,0.,-4.45289016366331E-14));
#1871=DIRECTION('center_axis',(-1.,0.,-4.55331975193286E-14));
#1872=DIRECTION('ref_axis',(4.51305659510129E-14,-0.130526192220037,-0.991444861373812));
#1873=DIRECTION('center_axis',(-1.15249278010588E-14,-0.965925826289068,
0.258819045102522));
#1874=DIRECTION('ref_axis',(-1.,0.,-4.45289016366382E-14));
#1875=DIRECTION('center_axis',(1.,0.,4.55331975193286E-14));
#1876=DIRECTION('ref_axis',(4.51436547024571E-14,-0.130526192220037,-0.991444861373812));
#1877=DIRECTION('center_axis',(1.33060048597828E-9,0.,1.));
#1878=DIRECTION('ref_axis',(1.,0.,-1.33060048597828E-9));
#1879=DIRECTION('',(0.,-1.,0.));
#1880=DIRECTION('',(1.,0.,-1.33060048597828E-9));
#1881=DIRECTION('',(0.,1.,0.));
#1882=DIRECTION('',(-1.,3.5653332566634E-10,1.33060048597828E-9));
#1883=DIRECTION('center_axis',(0.,1.,0.));
#1884=DIRECTION('ref_axis',(-0.707106780716126,0.,0.707106781656969));
#1885=DIRECTION('center_axis',(0.,-1.,0.));
#1886=DIRECTION('ref_axis',(-0.707106780716126,0.,0.707106781656969));
#1887=DIRECTION('',(0.,-1.,0.));
#1888=DIRECTION('center_axis',(0.,0.965925826289068,-0.25881904510252));
#1889=DIRECTION('ref_axis',(7.46729446304072E-17,0.25881904510252,0.965925826289068));
#1890=DIRECTION('center_axis',(-1.,0.,-4.55331975193286E-14));
#1891=DIRECTION('ref_axis',(-4.55331975193286E-14,0.,1.));
#1892=DIRECTION('',(-4.55331975193286E-14,0.,1.));
#1893=DIRECTION('',(0.,1.,0.));
#1894=DIRECTION('',(1.17848587024171E-14,0.965925826289068,-0.258819045102521));
#1895=DIRECTION('',(4.39816914374408E-14,-0.25881904510252,-0.965925826289068));
#1896=DIRECTION('center_axis',(0.,-1.,0.));
#1897=DIRECTION('ref_axis',(-0.707106781186525,0.,-0.70710678118657));
#1898=DIRECTION('center_axis',(0.,-1.,0.));
#1899=DIRECTION('ref_axis',(-0.707106781186525,0.,-0.70710678118657));
#1900=DIRECTION('',(0.,-1.,0.));
#1901=DIRECTION('center_axis',(2.32493766222897E-14,0.,-1.));
#1902=DIRECTION('ref_axis',(-1.,0.,-2.32493766222897E-14));
#1903=DIRECTION('',(-1.,0.,-2.32493766222897E-14));
#1904=DIRECTION('',(0.,1.,0.));
#1905=DIRECTION('',(1.,-8.67678547986894E-14,2.32493766222897E-14));
#1906=DIRECTION('center_axis',(0.,1.,0.));
#1907=DIRECTION('ref_axis',(0.707106781186554,0.,-0.70710678118654));
#1908=DIRECTION('center_axis',(0.,-1.,0.));
#1909=DIRECTION('ref_axis',(0.707106781186554,0.,-0.70710678118654));
#1910=DIRECTION('',(0.,-1.,0.));
#1911=DIRECTION('center_axis',(1.,0.,-6.18352065785529E-15));
#1912=DIRECTION('ref_axis',(-6.18352065785529E-15,0.,-1.));
#1913=DIRECTION('',(0.,1.,0.));
#1914=DIRECTION('',(5.9728223008144E-15,0.25881904510252,0.965925826289068));
#1915=DIRECTION('',(1.60041291203782E-15,-0.965925826289068,0.258819045102521));
#1916=DIRECTION('',(-6.18352065785529E-15,0.,-1.));
#1917=DIRECTION('center_axis',(0.,1.,0.));
#1918=DIRECTION('ref_axis',(0.707106781656988,0.,0.707106780716107));
#1919=DIRECTION('center_axis',(0.,-1.,0.));
#1920=DIRECTION('ref_axis',(0.707106781656988,0.,0.707106780716107));
#1921=DIRECTION('center_axis',(0.,0.965925826289068,-0.25881904510252));
#1922=DIRECTION('ref_axis',(3.73364723152036E-16,0.25881904510252,0.965925826289068));
#1923=DIRECTION('center_axis',(0.,-1.,0.));
#1924=DIRECTION('ref_axis',(-1.,0.,0.));
#1925=DIRECTION('center_axis',(0.,-1.,0.));
#1926=DIRECTION('ref_axis',(-1.,0.,0.));
#1927=DIRECTION('',(0.,-1.,0.));
#1928=DIRECTION('center_axis',(0.,-1.,0.));
#1929=DIRECTION('ref_axis',(-1.,0.,0.));
#1930=DIRECTION('center_axis',(0.,-1.,0.));
#1931=DIRECTION('ref_axis',(-1.,0.,0.));
#1932=DIRECTION('',(0.,-1.,0.));
#1933=DIRECTION('center_axis',(0.,-1.,0.));
#1934=DIRECTION('ref_axis',(-1.,0.,0.));
#1935=DIRECTION('center_axis',(0.,-1.,0.));
#1936=DIRECTION('ref_axis',(-1.,0.,0.));
#1937=DIRECTION('',(0.,-1.,0.));
#1938=DIRECTION('center_axis',(0.,-1.,0.));
#1939=DIRECTION('ref_axis',(-1.,0.,0.));
#1940=DIRECTION('center_axis',(0.,-1.,0.));
#1941=DIRECTION('ref_axis',(-1.,0.,0.));
#1942=DIRECTION('',(0.,-1.,0.));
#1943=DIRECTION('center_axis',(0.,0.965925826289068,-0.25881904510252));
#1944=DIRECTION('ref_axis',(0.,0.25881904510252,0.965925826289068));
#1945=DIRECTION('center_axis',(0.,0.965925826289068,-0.25881904510252));
#1946=DIRECTION('ref_axis',(-0.707106781186535,-0.183012701892216,-0.683012701892234));
#1947=DIRECTION('',(1.,0.,0.));
#1948=DIRECTION('center_axis',(0.,0.965925826289068,-0.25881904510252));
#1949=DIRECTION('ref_axis',(0.707106781186545,-0.183012701892219,-0.683012701892222));
#1950=DIRECTION('center_axis',(-1.60041291203782E-15,0.965925826289068,
-0.258819045102521));
#1951=DIRECTION('ref_axis',(0.707106781186545,-0.183012701892219,-0.683012701892222));
#1952=DIRECTION('',(-1.60041291203782E-15,0.965925826289068,-0.258819045102521));
#1953=DIRECTION('center_axis',(1.,-8.67678547986894E-14,2.32493766222897E-14));
#1954=DIRECTION('ref_axis',(1.18699128106021E-14,-0.130526192220051,-0.99144486137381));
#1955=DIRECTION('',(-1.,8.67678547986894E-14,-2.32493766222897E-14));
#1956=DIRECTION('center_axis',(1.17848587024171E-14,0.965925826289068,-0.258819045102521));
#1957=DIRECTION('ref_axis',(-0.707106781186535,-0.183012701892216,-0.683012701892234));
#1958=DIRECTION('',(-1.17848587024171E-14,-0.965925826289068,0.258819045102521));
#1959=DIRECTION('center_axis',(0.,-1.,0.));
#1960=DIRECTION('ref_axis',(1.,0.,0.));
#1961=DIRECTION('center_axis',(0.,1.,0.));
#1962=DIRECTION('ref_axis',(4.64585634920065E-14,0.,-1.));
#1963=DIRECTION('center_axis',(0.,1.,0.));
#1964=DIRECTION('ref_axis',(1.,0.,1.33060058697783E-9));
#1965=DIRECTION('center_axis',(0.,1.,0.));
#1966=DIRECTION('ref_axis',(-4.64585634920065E-14,0.,1.));
#1967=DIRECTION('',(1.,0.,5.21956999415854E-14));
#1968=DIRECTION('center_axis',(0.,1.,0.));
#1969=DIRECTION('ref_axis',(-1.,0.,-1.33060058697783E-9));
#1970=DIRECTION('',(-1.33060179851701E-9,0.,1.));
#1971=DIRECTION('center_axis',(0.,0.965925826289069,-0.25881904510252));
#1972=DIRECTION('ref_axis',(-1.,0.,0.));
#1973=DIRECTION('center_axis',(0.,-0.965925826289069,0.25881904510252));
#1974=DIRECTION('ref_axis',(-1.,0.,0.));
#1975=DIRECTION('center_axis',(0.,0.258819045102521,0.965925826289068));
#1976=DIRECTION('ref_axis',(1.,0.,0.));
#1977=DIRECTION('center_axis',(0.,0.965925826289069,-0.25881904510252));
#1978=DIRECTION('ref_axis',(-1.,0.,0.));
#1979=DIRECTION('center_axis',(0.,-0.965925826289069,0.25881904510252));
#1980=DIRECTION('ref_axis',(-1.,0.,0.));
#1981=DIRECTION('center_axis',(0.,0.965925826289069,-0.25881904510252));
#1982=DIRECTION('ref_axis',(-1.,0.,0.));
#1983=DIRECTION('center_axis',(0.,-0.965925826289069,0.25881904510252));
#1984=DIRECTION('ref_axis',(-1.,0.,0.));
#1985=DIRECTION('center_axis',(0.,1.,0.));
#1986=DIRECTION('ref_axis',(-4.64585634920065E-14,0.,1.));
#1987=DIRECTION('',(0.,1.,0.));
#1988=DIRECTION('center_axis',(-5.21956999415854E-14,0.,1.));
#1989=DIRECTION('ref_axis',(1.,0.,5.21956999415854E-14));
#1990=DIRECTION('center_axis',(0.,1.,0.));
#1991=DIRECTION('ref_axis',(-1.,0.,-1.33060058697783E-9));
#1992=DIRECTION('',(0.,1.,0.));
#1993=DIRECTION('center_axis',(-1.,0.,-1.33060179851701E-9));
#1994=DIRECTION('ref_axis',(-1.33060179851701E-9,0.,1.));
#1995=DIRECTION('center_axis',(0.,1.,0.));
#1996=DIRECTION('ref_axis',(4.64585634920065E-14,0.,-1.));
#1997=DIRECTION('center_axis',(0.,1.,0.));
#1998=DIRECTION('ref_axis',(1.,0.,1.33060058697783E-9));
#1999=DIRECTION('center_axis',(0.,-0.965925826289069,0.258819045102519));
#2000=DIRECTION('ref_axis',(-1.,0.,0.));
#2001=DIRECTION('center_axis',(0.,-0.965925826289069,0.258819045102519));
#2002=DIRECTION('ref_axis',(-1.,0.,0.));
#2003=DIRECTION('',(0.,-0.965925826289069,0.258819045102519));
#2004=DIRECTION('center_axis',(0.,-0.965925826289069,0.258819045102519));
#2005=DIRECTION('ref_axis',(-1.,0.,0.));
#2006=DIRECTION('center_axis',(0.,-0.965925826289069,0.25881904510252));
#2007=DIRECTION('ref_axis',(-1.,0.,0.));
#2008=DIRECTION('',(0.,-0.965925826289069,0.25881904510252));
#2009=DIRECTION('center_axis',(0.,-0.965925826289069,0.258819045102519));
#2010=DIRECTION('ref_axis',(-1.,0.,0.));
#2011=DIRECTION('center_axis',(2.83496887813801E-31,-0.965925826289069,
0.25881904510252));
#2012=DIRECTION('ref_axis',(-1.,0.,0.));
#2013=DIRECTION('',(0.,-0.965925826289069,0.258819045102519));
#2014=DIRECTION('center_axis',(0.,-1.,0.));
#2015=DIRECTION('ref_axis',(-0.999999999999721,0.,7.4707554737547E-7));
#2016=DIRECTION('center_axis',(0.,-0.258819045102522,-0.965925826289068));
#2017=DIRECTION('ref_axis',(-1.93357379791213E-7,0.96592582628905,-0.258819045102517));
#2018=DIRECTION('',(0.,-1.,0.));
#2019=DIRECTION('',(0.,-1.,0.));
#2020=DIRECTION('center_axis',(-4.51616152296738E-15,0.,1.));
#2021=DIRECTION('ref_axis',(-1.,0.,-4.51616152296738E-15));
#2022=DIRECTION('',(1.,-1.68545442589018E-14,4.51616152296738E-15));
#2023=DIRECTION('',(0.,-1.,0.));
#2024=DIRECTION('center_axis',(0.,-1.,0.));
#2025=DIRECTION('ref_axis',(-7.4707555181637E-7,0.,-0.999999999999721));
#2026=DIRECTION('center_axis',(0.,-0.258819045102522,-0.965925826289068));
#2027=DIRECTION('ref_axis',(-1.93357380940603E-7,0.96592582628905,-0.258819045102517));
#2028=DIRECTION('',(0.,-1.,0.));
#2029=DIRECTION('center_axis',(0.,0.965925826289069,-0.258819045102519));
#2030=DIRECTION('ref_axis',(-1.,0.,0.));
#2031=DIRECTION('',(0.,0.258819045102521,0.965925826289068));
#2032=DIRECTION('center_axis',(0.,0.965925826289068,-0.258819045102521));
#2033=DIRECTION('ref_axis',(-1.,0.,0.));
#2034=DIRECTION('',(1.,0.,0.));
#2035=DIRECTION('',(1.26882631385732E-16,-0.258819045102519,-0.965925826289069));
#2036=DIRECTION('',(1.,0.,0.));
#2037=DIRECTION('',(-3.54259370815773E-15,0.25881904510252,0.965925826289068));
#2038=DIRECTION('center_axis',(0.,0.965925826289069,-0.25881904510252));
#2039=DIRECTION('ref_axis',(-1.,0.,0.));
#2040=DIRECTION('center_axis',(0.,0.965925826289068,-0.258819045102521));
#2041=DIRECTION('ref_axis',(0.,0.258819045102521,0.965925826289068));
#2042=DIRECTION('',(0.,-0.258819045102521,-0.965925826289068));
#2043=DIRECTION('',(1.,0.,0.));
#2044=DIRECTION('',(-3.80647894157197E-16,0.25881904510252,0.965925826289069));
#2045=DIRECTION('',(1.,0.,0.));
#2046=DIRECTION('center_axis',(-2.83496887813801E-31,0.965925826289069,
-0.25881904510252));
#2047=DIRECTION('ref_axis',(-1.,-2.73836965611925E-31,7.33743937935045E-32));
#2048=DIRECTION('',(0.,-0.258819045102521,-0.965925826289068));
#2049=DIRECTION('center_axis',(0.,0.965925826289068,-0.258819045102521));
#2050=DIRECTION('ref_axis',(1.,0.,0.));
#2051=DIRECTION('',(-1.,0.,0.));
#2052=DIRECTION('',(-3.80647894157197E-16,0.25881904510252,0.965925826289069));
#2053=DIRECTION('center_axis',(-2.10540579433987E-30,0.965925826289069,
-0.258819045102519));
#2054=DIRECTION('ref_axis',(-1.,-2.29877490467451E-15,-8.57914473940961E-15));
#2055=DIRECTION('',(1.,2.73836965611925E-31,-7.33743937935045E-32));
#2056=DIRECTION('center_axis',(-1.,0.,0.));
#2057=DIRECTION('ref_axis',(0.,0.258819045102521,0.965925826289068));
#2058=DIRECTION('',(0.,-0.25881904510252,-0.965925826289068));
#2059=DIRECTION('',(0.,0.965925826289068,-0.258819045102521));
#2060=DIRECTION('',(0.,0.965925826289068,-0.258819045102522));
#2061=DIRECTION('center_axis',(0.,0.965925826289068,-0.258819045102521));
#2062=DIRECTION('ref_axis',(-1.,0.,0.));
#2063=DIRECTION('center_axis',(0.,-0.965925826289068,0.25881904510252));
#2064=DIRECTION('ref_axis',(-1.,0.,0.));
#2065=DIRECTION('',(0.,0.965925826289068,-0.258819045102521));
#2066=DIRECTION('center_axis',(0.,0.258819045102521,0.965925826289068));
#2067=DIRECTION('ref_axis',(1.,0.,0.));
#2068=DIRECTION('',(-1.,0.,0.));
#2069=DIRECTION('',(0.,0.965925826289068,-0.258819045102521));
#2070=DIRECTION('center_axis',(1.,3.28396414953504E-17,1.22559210562995E-16));
#2071=DIRECTION('ref_axis',(1.26882631385732E-16,-0.258819045102519,-0.965925826289069));
#2072=DIRECTION('',(-1.26882631385732E-16,0.25881904510252,0.965925826289068));
#2073=DIRECTION('',(-1.35585468084861E-31,-0.965925826289068,0.258819045102522));
#2074=DIRECTION('center_axis',(-1.,0.,1.64807380001061E-8));
#2075=DIRECTION('ref_axis',(-1.64807380001061E-8,0.,-1.));
#2076=DIRECTION('',(-4.26552887177228E-9,0.965925826289068,-0.258819045102521));
#2077=DIRECTION('',(4.26552887177231E-9,-0.965925826289068,0.258819045102522));
#2078=DIRECTION('',(1.59191704706061E-8,0.25881904510252,0.965925826289068));
#2079=DIRECTION('center_axis',(-1.2626361116215E-8,0.258819045102521,0.965925826289068));
#2080=DIRECTION('ref_axis',(1.,0.,1.30717709088734E-8));
#2081=DIRECTION('',(1.,3.26794273474529E-9,1.21961282921873E-8));
#2082=DIRECTION('',(-9.72319673673382E-15,-0.965925826289068,0.258819045102521));
#2083=DIRECTION('center_axis',(1.,0.,3.75675473684031E-14));
#2084=DIRECTION('ref_axis',(-3.75675473684031E-14,0.,1.));
#2085=DIRECTION('',(3.62874642334785E-14,-0.25881904510252,-0.965925826289068));
#2086=DIRECTION('',(9.72319673673387E-15,0.965925826289068,-0.258819045102522));
#2087=DIRECTION('center_axis',(0.,0.258819045102522,0.965925826289068));
#2088=DIRECTION('ref_axis',(1.,0.,0.));
#2089=DIRECTION('',(0.,-0.965925826289068,0.258819045102522));
#2090=DIRECTION('',(1.,0.,0.));
#2091=DIRECTION('',(1.,0.,0.));
#2092=DIRECTION('',(1.,0.,0.));
#2093=DIRECTION('',(4.06756404254584E-31,0.965925826289068,-0.258819045102522));
#2094=DIRECTION('center_axis',(-1.,-9.85189244860511E-17,-3.67677631688984E-16));
#2095=DIRECTION('ref_axis',(-3.80647894157197E-16,0.25881904510252,0.965925826289069));
#2096=DIRECTION('',(3.80647894157197E-16,-0.25881904510252,-0.965925826289068));
#2097=DIRECTION('',(0.,0.965925826289068,-0.258819045102521));
#2098=DIRECTION('center_axis',(0.,0.258819045102521,0.965925826289068));
#2099=DIRECTION('ref_axis',(1.,0.,0.));
#2100=DIRECTION('',(-1.,0.,0.));
#2101=DIRECTION('',(0.,0.965925826289068,-0.258819045102521));
#2102=DIRECTION('center_axis',(0.,0.965925826289068,-0.258819045102521));
#2103=DIRECTION('ref_axis',(0.,0.258819045102521,0.965925826289068));
#2104=DIRECTION('center_axis',(0.,-0.965925826289068,0.25881904510252));
#2105=DIRECTION('ref_axis',(0.,0.258819045102521,0.965925826289068));
#2106=DIRECTION('',(0.,0.965925826289068,-0.258819045102521));
#2107=DIRECTION('center_axis',(1.,0.,0.));
#2108=DIRECTION('ref_axis',(0.,-0.258819045102521,-0.965925826289068));
#2109=DIRECTION('',(0.,0.25881904510252,0.965925826289068));
#2110=DIRECTION('center_axis',(1.,0.,0.));
#2111=DIRECTION('ref_axis',(0.,-0.258819045102521,-0.965925826289068));
#2112=DIRECTION('',(0.,0.25881904510252,0.965925826289068));
#2113=DIRECTION('',(0.,0.965925826289068,-0.258819045102521));
#2114=DIRECTION('',(0.,0.965925826289068,-0.258819045102521));
#2115=DIRECTION('center_axis',(0.,0.965925826289068,-0.258819045102521));
#2116=DIRECTION('ref_axis',(1.,0.,0.));
#2117=DIRECTION('center_axis',(0.,-0.965925826289068,0.25881904510252));
#2118=DIRECTION('ref_axis',(1.,0.,0.));
#2119=DIRECTION('',(0.,0.965925826289068,-0.258819045102521));
#2120=DIRECTION('center_axis',(0.,-0.258819045102521,-0.965925826289068));
#2121=DIRECTION('ref_axis',(-1.,0.,0.));
#2122=DIRECTION('',(1.,0.,0.));
#2123=DIRECTION('',(0.,0.965925826289068,-0.258819045102521));
#2124=DIRECTION('center_axis',(-1.,-9.85189244860511E-17,-3.67677631688984E-16));
#2125=DIRECTION('ref_axis',(-3.80647894157197E-16,0.25881904510252,0.965925826289069));
#2126=DIRECTION('',(3.80647894157197E-16,-0.25881904510252,-0.965925826289068));
#2127=DIRECTION('',(0.,0.965925826289068,-0.258819045102521));
#2128=DIRECTION('center_axis',(0.,0.965925826289068,-0.258819045102521));
#2129=DIRECTION('ref_axis',(-1.,-2.29877490467452E-15,-8.5791447394096E-15));
#2130=DIRECTION('center_axis',(0.,-0.965925826289068,0.25881904510252));
#2131=DIRECTION('ref_axis',(-1.,-2.29877490467452E-15,-8.5791447394096E-15));
#2132=DIRECTION('',(0.,0.965925826289068,-0.258819045102521));
#2133=DIRECTION('center_axis',(-6.56858655152258E-47,0.258819045102521,
0.965925826289068));
#2134=DIRECTION('ref_axis',(1.,2.73836965611925E-31,-7.33743937935045E-32));
#2135=DIRECTION('',(-1.,-1.70007529893833E-47,-6.34476739233071E-47));
#2136=DIRECTION('center_axis',(0.,-0.965925826289068,0.25881904510252));
#2137=DIRECTION('ref_axis',(1.,0.,0.));
#2138=DIRECTION('',(-1.26882631385732E-16,0.25881904510252,0.965925826289068));
#2139=DIRECTION('center_axis',(0.,-0.965925826289068,0.25881904510252));
#2140=DIRECTION('ref_axis',(-2.22044604925032E-15,0.258819045102521,0.965925826289068));
#2141=DIRECTION('',(-1.,-1.70007529893833E-47,-6.34476739233071E-47));
#2142=DIRECTION('',(0.,-0.25881904510252,-0.965925826289068));
#2143=DIRECTION('center_axis',(0.,-0.965925826289068,0.25881904510252));
#2144=DIRECTION('ref_axis',(0.,-0.258819045102521,-0.965925826289068));
#2145=DIRECTION('',(1.,0.,0.));
#2146=DIRECTION('center_axis',(1.,3.28396414953504E-17,1.22559210562995E-16));
#2147=DIRECTION('ref_axis',(1.26882631385732E-16,-0.258819045102519,-0.965925826289069));
#2148=DIRECTION('',(0.,0.965925826289068,-0.258819045102521));
#2149=DIRECTION('',(1.26882631385732E-16,-0.258819045102519,-0.965925826289069));
#2150=DIRECTION('',(0.,0.965925826289068,-0.258819045102521));
#2151=DIRECTION('center_axis',(0.,0.965925826289068,-0.258819045102521));
#2152=DIRECTION('ref_axis',(-2.22044604925032E-15,0.258819045102521,0.965925826289068));
#2153=DIRECTION('center_axis',(-3.5337007058593E-30,0.965925826289069,-0.258819045102519));
#2154=DIRECTION('ref_axis',(-2.22044604925032E-15,0.258819045102519,0.965925826289069));
#2155=DIRECTION('',(0.,0.965925826289068,-0.258819045102521));
#2156=DIRECTION('center_axis',(-6.56858655152258E-47,0.258819045102521,
0.965925826289068));
#2157=DIRECTION('ref_axis',(1.,2.73836965611925E-31,-7.33743937935045E-32));
#2158=DIRECTION('',(1.,2.73836965611925E-31,-7.33743937935045E-32));
#2159=DIRECTION('',(0.,0.965925826289068,-0.258819045102521));
#2160=DIRECTION('center_axis',(-1.,0.,0.));
#2161=DIRECTION('ref_axis',(0.,0.258819045102521,0.965925826289068));
#2162=DIRECTION('',(0.,0.258819045102521,0.965925826289068));
#2163=DIRECTION('',(0.,0.965925826289068,-0.258819045102521));
#2164=DIRECTION('center_axis',(0.,0.965925826289068,-0.258819045102521));
#2165=DIRECTION('ref_axis',(0.,-0.258819045102521,-0.965925826289068));
#2166=DIRECTION('center_axis',(0.,0.965925826289068,-0.258819045102521));
#2167=DIRECTION('ref_axis',(0.,-0.258819045102521,-0.965925826289068));
#2168=DIRECTION('',(0.,0.965925826289068,-0.258819045102521));
#2169=DIRECTION('center_axis',(0.,-0.258819045102521,-0.965925826289068));
#2170=DIRECTION('ref_axis',(-1.,0.,0.));
#2171=DIRECTION('',(-1.,0.,0.));
#2172=DIRECTION('center_axis',(-2.83496887813801E-31,0.965925826289069,
-0.258819045102519));
#2173=DIRECTION('ref_axis',(-1.,-2.73836965611925E-31,7.33743937935045E-32));
#2174=DIRECTION('center_axis',(2.83496887813801E-31,-0.965925826289069,
0.258819045102519));
#2175=DIRECTION('ref_axis',(-1.,0.,0.));
#2176=DIRECTION('center_axis',(0.,-0.965925826289069,0.258819045102519));
#2177=DIRECTION('ref_axis',(-1.,0.,0.));
#2178=DIRECTION('',(0.,-0.965925826289069,0.258819045102519));
#2179=DIRECTION('',(0.,0.,1.));
#2180=DIRECTION('',(1.,0.,0.));
#2181=CARTESIAN_POINT('',(0.,0.,0.));
#2182=CARTESIAN_POINT('',(0.,0.,0.));
#2183=CARTESIAN_POINT('Origin',(-64.5499990000003,-11.5,74.2068952377888));
#2184=CARTESIAN_POINT('',(-64.5499989999938,-8.8,-72.1596745289008));
#2185=CARTESIAN_POINT('',(-64.5499989999938,-11.5,-72.1596745289008));
#2186=CARTESIAN_POINT('',(-64.5499989999938,-11.5,-72.1596745289008));
#2187=CARTESIAN_POINT('',(-64.5499990000003,-8.8,72.1596745289008));
#2188=CARTESIAN_POINT('',(-64.5499990000005,-8.8,76.2500008073772));
#2189=CARTESIAN_POINT('',(-64.5499990000003,-11.5,72.1596745289008));
#2190=CARTESIAN_POINT('',(-64.5499990000002,-11.5,72.1596745289008));
#2191=CARTESIAN_POINT('',(-64.5499989999986,-11.5,37.1034480723171));
#2192=CARTESIAN_POINT('Origin',(-64.7499989999937,-11.5,-72.1596745289008));
#2193=CARTESIAN_POINT('',(-64.4096727199808,-11.5,-72.1596745289008));
#2194=CARTESIAN_POINT('',(-32.3749994999992,-11.5,-72.1596745289025));
#2195=CARTESIAN_POINT('',(-64.4096727199808,-8.8,-72.1596745289008));
#2196=CARTESIAN_POINT('',(-64.4096727199808,-11.5,-72.1596745289008));
#2197=CARTESIAN_POINT('',(-64.4096727199808,-8.8,-72.1596745289008));
#2198=CARTESIAN_POINT('Origin',(-9.59232693276135E-13,-11.5,9.06848391935E-7));
#2199=CARTESIAN_POINT('',(-64.4096727199808,-11.5,72.1596745289008));
#2200=CARTESIAN_POINT('',(-32.2048363599928,-11.5,72.1596745289025));
#2201=CARTESIAN_POINT('',(-61.1596727199809,-11.5,75.4096745245764));
#2202=CARTESIAN_POINT('Origin',(-64.4096727199809,-11.5,75.4096745289008));
#2203=CARTESIAN_POINT('',(-61.159672717133,-11.5,77.5500008045959));
#2204=CARTESIAN_POINT('',(-61.159672768594,-11.5,38.8750008964117));
#2205=CARTESIAN_POINT('',(61.1596727166008,-11.5,77.5500008045959));
#2206=CARTESIAN_POINT('',(31.624999552457,-11.5,77.5500008438942));
#2207=CARTESIAN_POINT('',(61.1596727199809,-11.5,75.4096745245764));
#2208=CARTESIAN_POINT('',(61.1596727701511,-11.5,37.704837756402));
#2209=CARTESIAN_POINT('',(64.4096727199808,-11.5,72.1596745289008));
#2210=CARTESIAN_POINT('Origin',(64.4096727199809,-11.5,75.4096745289008));
#2211=CARTESIAN_POINT('',(64.5499989999987,-11.5,72.1596745289008));
#2212=CARTESIAN_POINT('',(32.3749995000007,-11.5,72.1596745289025));
#2213=CARTESIAN_POINT('',(64.5499989999978,-11.5,-72.1596745289008));
#2214=CARTESIAN_POINT('',(64.5499989999978,-11.5,-37.1034462610089));
#2215=CARTESIAN_POINT('',(64.4096727199808,-11.5,-72.1596745289008));
#2216=CARTESIAN_POINT('',(32.2048363599918,-11.5,-72.1596745289025));
#2217=CARTESIAN_POINT('',(61.1596727199809,-11.5,-75.4096745245764));
#2218=CARTESIAN_POINT('Origin',(64.4096727199809,-11.5,-75.4096745289008));
#2219=CARTESIAN_POINT('',(61.1596727168669,-11.5,-77.5500008045959));
#2220=CARTESIAN_POINT('',(61.159672768594,-11.5,-38.8749999895633));
#2221=CARTESIAN_POINT('',(-61.1596727168669,-11.5,-77.5500008045959));
#2222=CARTESIAN_POINT('',(-31.6249994999955,-11.5,-77.5500008046));
#2223=CARTESIAN_POINT('',(-61.1596727199809,-11.5,-75.4096745245764));
#2224=CARTESIAN_POINT('',(-61.1596727701511,-11.5,-37.7048368495536));
#2225=CARTESIAN_POINT('Origin',(-64.4096727199809,-11.5,-75.4096745289008));
#2226=CARTESIAN_POINT('',(-60.9999989999944,-11.5,-73.9999982529246));
#2227=CARTESIAN_POINT('',(-60.9999989810351,-11.5,74.4449959767226));
#2228=CARTESIAN_POINT('',(-60.9999989999944,-11.5,-73.9999982529246));
#2229=CARTESIAN_POINT('',(-59.,-11.5,-75.9999990000001));
#2230=CARTESIAN_POINT('Origin',(-58.99999974707,-11.5,-73.9999997470751));
#2231=CARTESIAN_POINT('',(58.9999982529245,-11.5,-75.9999989999996));
#2232=CARTESIAN_POINT('',(58.9999982529245,-11.5,-75.9999989999996));
#2233=CARTESIAN_POINT('',(60.9999989999999,-11.5,-73.9999990000001));
#2234=CARTESIAN_POINT('Origin',(58.999999747075,-11.5,-73.9999997470751));
#2235=CARTESIAN_POINT('',(61.0000014910756,-11.5,74.4449975714787));
#2236=CARTESIAN_POINT('',(61.000001439149,-11.5,73.999997545823));
#2237=CARTESIAN_POINT('',(-30.4999988619862,-11.5,74.4449963754116));
#2238=CARTESIAN_POINT('Origin',(-64.4096727199808,-11.5,72.1596745289008));
#2239=CARTESIAN_POINT('',(-64.4096727199808,-8.8,72.1596745289008));
#2240=CARTESIAN_POINT('',(-64.4096727199808,-8.8,72.1596745289008));
#2241=CARTESIAN_POINT('',(-64.4096727199808,-11.5,72.1596745289008));
#2242=CARTESIAN_POINT('Origin',(64.5499989999978,-11.5,-74.2068934288662));
#2243=CARTESIAN_POINT('',(64.5499989999978,-8.8,-72.1596745289008));
#2244=CARTESIAN_POINT('',(64.5499989999978,-11.5,-72.1596745289008));
#2245=CARTESIAN_POINT('',(64.5499989999987,-8.8,72.1596745289008));
#2246=CARTESIAN_POINT('',(64.5499989999978,-11.5,72.1596745289008));
#2247=CARTESIAN_POINT('',(64.5499989999978,-8.8,-76.2499989999978));
#2248=CARTESIAN_POINT('Origin',(64.7499989999987,-11.5,72.1596745289008));
#2249=CARTESIAN_POINT('',(64.4096727199808,-8.8,72.1596745289008));
#2250=CARTESIAN_POINT('',(64.4096727199808,-11.5,72.1596745289008));
#2251=CARTESIAN_POINT('',(64.4096727199808,-8.8,72.1596745289008));
#2252=CARTESIAN_POINT('Origin',(63.2499990017285,-11.5,77.5500008018146));
#2253=CARTESIAN_POINT('',(61.1596727166008,-8.8,77.5500008045959));
#2254=CARTESIAN_POINT('',(61.159672717133,-11.5,77.5500008045959));
#2255=CARTESIAN_POINT('',(-61.159672717133,-8.8,77.5500008045959));
#2256=CARTESIAN_POINT('',(-61.159672717133,-11.5,77.5500009673516));
#2257=CARTESIAN_POINT('',(63.2499990017285,-8.8,77.5500006390563));
#2258=CARTESIAN_POINT('Origin',(-61.1596727168669,-11.5,77.7500008045959));
#2259=CARTESIAN_POINT('',(-61.1596727199809,-8.8,75.4096745245764));
#2260=CARTESIAN_POINT('',(-61.1596727199809,-11.5,75.4096745245764));
#2261=CARTESIAN_POINT('',(-61.1596727199809,-8.8,75.4096745245764));
#2262=CARTESIAN_POINT('Origin',(-63.2499989999935,-11.5,-77.5500008046014));
#2263=CARTESIAN_POINT('',(61.1596727168669,-8.8,-77.5500008045959));
#2264=CARTESIAN_POINT('',(61.159672717133,-11.5,-77.5500008045959));
#2265=CARTESIAN_POINT('',(-61.1596727168669,-8.8,-77.5500008045959));
#2266=CARTESIAN_POINT('',(-63.2499989999935,-8.8,-77.5499990000007));
#2267=CARTESIAN_POINT('',(-61.159672717133,-11.5,-77.5500008046013));
#2268=CARTESIAN_POINT('Origin',(61.1596727168669,-11.5,-77.7500008045959));
#2269=CARTESIAN_POINT('',(61.1596727199809,-8.8,-75.4096745245764));
#2270=CARTESIAN_POINT('',(61.1596727199809,-11.5,-75.4096745245764));
#2271=CARTESIAN_POINT('',(61.1596727199809,-8.8,-75.4096745245764));
#2272=CARTESIAN_POINT('Origin',(-61.1596727199809,-11.5,-75.4096745245764));
#2273=CARTESIAN_POINT('',(-61.1596727199809,-8.8,-75.4096745245764));
#2274=CARTESIAN_POINT('',(-61.1596727199809,-8.8,-75.4096745245764));
#2275=CARTESIAN_POINT('',(-61.1596727199809,-11.5,-75.4096745245764));
#2276=CARTESIAN_POINT('Origin',(61.9999989999987,-54.3126465656486,-62.120575421726));
#2277=CARTESIAN_POINT('',(61.9999989999987,-54.8649598329141,-66.1136882494335));
#2278=CARTESIAN_POINT('Origin',(61.9999989999987,-53.8296836525041,-62.2499849442772));
#2279=CARTESIAN_POINT('',(61.9999989999987,-55.4773322686098,-66.4672416400268));
#2280=CARTESIAN_POINT('Origin',(61.9999989999987,-55.3479227460587,-65.9842787268823));
#2281=CARTESIAN_POINT('Origin',(61.9999989999987,-54.3126465656484,-62.120575421726));
#2282=CARTESIAN_POINT('Origin',(61.9999989999987,-53.8296836525041,-62.2499849442772));
#2283=CARTESIAN_POINT('Origin',(-61.9999990000004,-54.3126465656486,-62.120575421726));
#2284=CARTESIAN_POINT('',(-61.9999990000004,-54.8649598329142,-66.1136882494335));
#2285=CARTESIAN_POINT('Origin',(-61.9999990000004,-53.8296836525041,-62.2499849442773));
#2286=CARTESIAN_POINT('',(-61.9999990000004,-55.4773322686098,-66.4672416400269));
#2287=CARTESIAN_POINT('Origin',(-61.9999990000004,-55.3479227460587,-65.9842787268823));
#2288=CARTESIAN_POINT('Origin',(-61.9999990000004,-54.3126465656484,-62.120575421726));
#2289=CARTESIAN_POINT('Origin',(-61.9999990000004,-53.8296836525041,-62.2499849442773));
#2290=CARTESIAN_POINT('Origin',(-61.9999990000004,-18.0524164449166,73.2044456829852));
#2291=CARTESIAN_POINT('',(-61.9999990000004,-18.6047297121821,69.2113328552776));
#2292=CARTESIAN_POINT('Origin',(-61.9999990000004,-17.5694535317721,73.0750361604339));
#2293=CARTESIAN_POINT('',(-61.9999990000004,-19.2171021478782,68.8577794646844));
#2294=CARTESIAN_POINT('Origin',(-61.9999990000004,-19.0876926253267,69.3407423778289));
#2295=CARTESIAN_POINT('Origin',(-61.9999990000004,-18.0524164449169,73.2044456829852));
#2296=CARTESIAN_POINT('Origin',(-61.9999990000004,-17.5694535317721,73.0750361604339));
#2297=CARTESIAN_POINT('Origin',(61.9999989999987,-18.0524164449166,73.2044456829852));
#2298=CARTESIAN_POINT('',(61.9999989999987,-18.6047297121821,69.2113328552776));
#2299=CARTESIAN_POINT('Origin',(61.9999989999987,-17.5694535317721,73.0750361604339));
#2300=CARTESIAN_POINT('',(61.9999989999987,-19.2171021478782,68.8577794646845));
#2301=CARTESIAN_POINT('Origin',(61.9999989999987,-19.0876926253267,69.3407423778289));
#2302=CARTESIAN_POINT('Origin',(61.9999989999987,-18.0524164449169,73.2044456829853));
#2303=CARTESIAN_POINT('Origin',(61.9999989999987,-17.5694535317721,73.0750361604339));
#2304=CARTESIAN_POINT('Origin',(7.,-48.921412981247,-51.6594760321581));
#2305=CARTESIAN_POINT('',(8.6,-48.921412981247,-51.6594760321581));
#2306=CARTESIAN_POINT('Origin',(7.,-48.921412981247,-51.6594760321581));
#2307=CARTESIAN_POINT('Origin',(-64.4096727199809,-15.8,75.4096745289008));
#2308=CARTESIAN_POINT('',(-62.8096727199809,-15.8,75.4096745289008));
#2309=CARTESIAN_POINT('Origin',(-64.4096727199809,-15.8,75.4096745289008));
#2310=CARTESIAN_POINT('Origin',(64.4096736882288,-15.8,75.4096753257434));
#2311=CARTESIAN_POINT('',(66.0096736882288,-15.8,75.4096753257434));
#2312=CARTESIAN_POINT('Origin',(64.4096736882288,-15.8,75.4096753257434));
#2313=CARTESIAN_POINT('Origin',(64.4096727199782,-15.8,-75.4096727199782));
#2314=CARTESIAN_POINT('',(66.0096727199782,-15.8,-75.4096727199782));
#2315=CARTESIAN_POINT('Origin',(64.4096727199782,-15.8,-75.4096727199782));
#2316=CARTESIAN_POINT('Origin',(-64.4096727199741,-15.8,-75.4096727199813));
#2317=CARTESIAN_POINT('',(-62.8096727199741,-15.8,-75.4096727199813));
#2318=CARTESIAN_POINT('Origin',(-64.4096727199741,-15.8,-75.4096727199813));
#2319=CARTESIAN_POINT('Origin',(64.4096990000019,-11.8669500482518,-58.9999989999978));
#2320=CARTESIAN_POINT('',(64.4096990000018,-11.8669500482518,-78.9999989999978));
#2321=CARTESIAN_POINT('',(67.9999989999978,-11.8669500482518,-75.4096989999978));
#2322=CARTESIAN_POINT('Origin',(64.4096990000018,-11.8669500482518,-75.4096989999978));
#2323=CARTESIAN_POINT('',(67.9999989999978,-16.1140929326706,-74.8505520316535));
#2324=CARTESIAN_POINT('Origin',(67.9999989999979,-11.8669500482518,-58.9999989999978));
#2325=CARTESIAN_POINT('',(64.4096989999978,-17.0433309503022,-78.3185155257792));
#2326=CARTESIAN_POINT('Origin',(64.4096989999978,-16.1140929326706,-74.8505520316535));
#2327=CARTESIAN_POINT('Origin',(64.4096990000019,-11.8669500482518,-58.9999989999978));
#2328=CARTESIAN_POINT('Origin',(-64.4096989999939,-11.8669500482406,-58.9999990000008));
#2329=CARTESIAN_POINT('',(-67.9999989999936,-11.8669500482406,-75.409699000001));
#2330=CARTESIAN_POINT('',(-64.409698999993,-11.8669500482406,-78.9999990000008));
#2331=CARTESIAN_POINT('Origin',(-64.4096989999932,-11.8669500482406,-75.4096990000008));
#2332=CARTESIAN_POINT('',(-64.4096989999936,-17.043330950291,-78.3185155257822));
#2333=CARTESIAN_POINT('Origin',(-64.4096989999939,-11.8669500482406,-58.9999990000008));
#2334=CARTESIAN_POINT('',(-67.9999989999936,-16.1140929326594,-74.8505520316567));
#2335=CARTESIAN_POINT('Origin',(-64.4096989999936,-16.1140929326594,-74.8505520316565));
#2336=CARTESIAN_POINT('Origin',(-67.9999989999944,-11.8669500482406,-58.999999000001));
#2337=CARTESIAN_POINT('Origin',(-67.9999990000006,-11.5,79.0000008136977));
#2338=CARTESIAN_POINT('',(64.409699004776,-8.8,79.0000006375133));
#2339=CARTESIAN_POINT('',(64.409699004776,-16.4995021751606,79.0000006375133));
#2340=CARTESIAN_POINT('',(64.409699004776,-11.5,79.0000006375133));
#2341=CARTESIAN_POINT('',(-64.4096989952232,-8.8,79.0000008089204));
#2342=CARTESIAN_POINT('',(67.9999989999987,-8.8,79.000000632736));
#2343=CARTESIAN_POINT('',(-64.4096989952232,-16.4995021292322,79.0000008089204));
#2344=CARTESIAN_POINT('',(-64.4096989952232,-11.5,79.0000008089204));
#2345=CARTESIAN_POINT('',(33.9999995559747,-16.4995021643186,79.0000006779764));
#2346=CARTESIAN_POINT('Origin',(-64.4096990000005,-11.5,75.4097008089204));
#2347=CARTESIAN_POINT('',(-67.9999990000005,-8.8,75.4097008089202));
#2348=CARTESIAN_POINT('Origin',(-64.4096990000005,-8.8,75.4097008089204));
#2349=CARTESIAN_POINT('',(-67.9999990000005,-17.4615201148177,75.4097008089202));
#2350=CARTESIAN_POINT('',(-67.9999990000005,-11.5,75.4097008089202));
#2351=CARTESIAN_POINT('Origin',(-64.4096990000005,-17.4615201148177,75.4097008089204));
#2352=CARTESIAN_POINT('Origin',(-67.9999989999934,-11.5,-78.9999990000009));
#2353=CARTESIAN_POINT('',(-67.9999989999936,-8.8,-75.409699000001));
#2354=CARTESIAN_POINT('',(-67.9999990000006,-8.8,79.0000008136977));
#2355=CARTESIAN_POINT('',(-67.9999989999936,-11.5,-75.409699000001));
#2356=CARTESIAN_POINT('',(-67.9999989999941,-54.9363228186321,-64.4481668853349));
#2357=CARTESIAN_POINT('',(-67.9999989999938,-32.3876331269512,-70.4900700786008));
#2358=CARTESIAN_POINT('',(-67.9999989999989,-27.0165245939459,39.7499386262656));
#2359=CARTESIAN_POINT('Origin',(-64.4096989999936,-11.5,-75.4096990000008));
#2360=CARTESIAN_POINT('',(-64.4096989999935,-8.8,-78.9999990000008));
#2361=CARTESIAN_POINT('Origin',(-64.4096989999936,-8.8,-75.4096990000008));
#2362=CARTESIAN_POINT('',(-64.4096989999935,-11.5,-78.9999990000008));
#2363=CARTESIAN_POINT('Origin',(67.9999989999977,-11.5,-78.9999989999977));
#2364=CARTESIAN_POINT('',(64.4096989999978,-8.8,-78.9999989999978));
#2365=CARTESIAN_POINT('',(-67.9999989999934,-8.8,-78.9999990000009));
#2366=CARTESIAN_POINT('',(64.4096989999978,-11.5,-78.9999989999978));
#2367=CARTESIAN_POINT('',(33.9999995000004,-11.8669500482492,-78.9999989999985));
#2368=CARTESIAN_POINT('Origin',(64.4096989999978,-11.5,-75.4096989999978));
#2369=CARTESIAN_POINT('',(67.9999989999978,-8.8,-75.4096989999978));
#2370=CARTESIAN_POINT('Origin',(64.4096989999978,-8.8,-75.4096989999978));
#2371=CARTESIAN_POINT('',(67.9999989999978,-11.5,-75.4096989999978));
#2372=CARTESIAN_POINT('Origin',(67.9999989999987,-11.5,79.000000632736));
#2373=CARTESIAN_POINT('',(67.9999989999987,-17.4615201607461,75.4097006375133));
#2374=CARTESIAN_POINT('',(67.9999989999987,-8.8,75.4097006375133));
#2375=CARTESIAN_POINT('',(67.9999989999987,-11.5,75.4097006375133));
#2376=CARTESIAN_POINT('',(67.9999989999978,-54.9363228186321,-64.4481668853348));
#2377=CARTESIAN_POINT('',(67.999998999998,-46.7665245706575,-33.9580647363062));
#2378=CARTESIAN_POINT('',(67.9999989999978,-52.1376330810436,-65.1980735403869));
#2379=CARTESIAN_POINT('',(67.9999989999977,-8.8,-78.9999989999977));
#2380=CARTESIAN_POINT('Origin',(64.4096989999987,-11.5,75.4097006375133));
#2381=CARTESIAN_POINT('Origin',(64.4096989999987,-8.8,75.4097006375133));
#2382=CARTESIAN_POINT('Origin',(64.4096989999987,-17.4615201607461,75.4097006375133));
#2383=CARTESIAN_POINT('Origin',(-64.4096727199809,-8.8,75.4096745289008));
#2384=CARTESIAN_POINT('',(-62.8096727199809,-8.8,75.4096745289008));
#2385=CARTESIAN_POINT('Origin',(-64.4096727199809,-8.8,75.4096745289008));
#2386=CARTESIAN_POINT('',(-62.8096727199809,-8.8,75.4096745289008));
#2387=CARTESIAN_POINT('Origin',(64.4096736882288,-8.8,75.4096753257434));
#2388=CARTESIAN_POINT('',(66.0096736882288,-8.8,75.4096753257434));
#2389=CARTESIAN_POINT('Origin',(64.4096736882288,-8.8,75.4096753257434));
#2390=CARTESIAN_POINT('',(66.0096736882288,-8.8,75.4096753257434));
#2391=CARTESIAN_POINT('Origin',(64.4096727199782,-8.8,-75.4096727199782));
#2392=CARTESIAN_POINT('',(66.0096727199782,-8.8,-75.4096727199782));
#2393=CARTESIAN_POINT('Origin',(64.4096727199782,-8.8,-75.4096727199782));
#2394=CARTESIAN_POINT('',(66.0096727199782,-8.8,-75.4096727199782));
#2395=CARTESIAN_POINT('Origin',(-64.4096727199741,-8.8,-75.4096727199813));
#2396=CARTESIAN_POINT('',(-62.8096727199741,-8.8,-75.4096727199813));
#2397=CARTESIAN_POINT('Origin',(-64.4096727199741,-8.8,-75.4096727199813));
#2398=CARTESIAN_POINT('',(-62.8096727199741,-8.8,-75.4096727199813));
#2399=CARTESIAN_POINT('Origin',(-9.59232693276135E-13,-37.6674883050512,
9.06848391935E-7));
#2400=CARTESIAN_POINT('',(-64.4096989999941,-55.8655608362637,-67.9161303794604));
#2401=CARTESIAN_POINT('Origin',(-64.4096989999941,-54.9363228186314,-64.4481668853349));
#2402=CARTESIAN_POINT('',(64.4096989999978,-55.8655608362637,-67.9161303794604));
#2403=CARTESIAN_POINT('',(-9.57012247226885E-13,-55.8655608362637,-67.9161303794604));
#2404=CARTESIAN_POINT('Origin',(64.4096989999978,-54.936322818632,-64.4481668853348));
#2405=CARTESIAN_POINT('Origin',(64.4096989999978,-52.1376330810436,-65.1980735403869));
#2406=CARTESIAN_POINT('',(64.4096989999978,-53.0668710986752,-68.6660370345125));
#2407=CARTESIAN_POINT('Origin',(33.9999994999999,-11.8669500482492,-58.9999989999985));
#2408=CARTESIAN_POINT('',(33.9999994999999,-17.0433309502996,-78.3185155257799));
#2409=CARTESIAN_POINT('Origin',(-64.4096989999938,-32.3876331269512,-70.4900700786006));
#2410=CARTESIAN_POINT('',(-64.4096989999938,-33.3168711445828,-73.9580335727263));
#2411=CARTESIAN_POINT('Origin',(-9.59232693276135E-13,-8.8,9.06848391935E-7));
#2412=CARTESIAN_POINT('Origin',(-64.4096727199809,-8.8,75.4096745289008));
#2413=CARTESIAN_POINT('Origin',(-64.4096727199809,-8.8,-75.4096745289008));
#2414=CARTESIAN_POINT('',(64.4096727199808,-8.8,-72.1596745289008));
#2415=CARTESIAN_POINT('Origin',(64.4096727199809,-8.8,-75.4096745289008));
#2416=CARTESIAN_POINT('',(64.4096727199808,-8.8,-72.1596745289008));
#2417=CARTESIAN_POINT('',(61.1596727199809,-8.8,75.4096745245764));
#2418=CARTESIAN_POINT('Origin',(64.4096727199809,-8.8,75.4096745289008));
#2419=CARTESIAN_POINT('',(61.1596727199809,-8.8,75.4096745245764));
#2420=CARTESIAN_POINT('Origin',(7.,-52.1566510450285,-63.7335488607714));
#2421=CARTESIAN_POINT('',(8.6,-52.1566510450285,-63.7335488607714));
#2422=CARTESIAN_POINT('Origin',(7.,-52.1566510450285,-63.7335488607714));
#2423=CARTESIAN_POINT('Origin',(-9.54791801177635E-13,-54.9327803948438,
-68.1660681454544));
#2424=CARTESIAN_POINT('',(7.46800000000001,-44.6608212513106,-70.9184313026496));
#2425=CARTESIAN_POINT('Ctrl Pts',(7.46800000000001,-44.6608212513106,-70.9184313026496));
#2426=CARTESIAN_POINT('Ctrl Pts',(7.46800000000001,-44.2862910702399,-71.0187863622086));
#2427=CARTESIAN_POINT('Ctrl Pts',(7.35838261111861,-43.2800785183684,-71.2884002028966));
#2428=CARTESIAN_POINT('Ctrl Pts',(6.33560476242098,-41.6452822963581,-71.7264425303737));
#2429=CARTESIAN_POINT('Ctrl Pts',(4.64296528759915,-40.6580818686254,-71.9909620877524));
#2430=CARTESIAN_POINT('Ctrl Pts',(3.60044319364018,-40.5506083923287,-72.0197595189339));
#2431=CARTESIAN_POINT('Ctrl Pts',(2.67831949702938,-40.5505228863331,-72.0197824301963));
#2432=CARTESIAN_POINT('Ctrl Pts',(1.6057963980266,-40.5506824449673,-72.0197396765892));
#2433=CARTESIAN_POINT('Ctrl Pts',(-0.537166967128834,-40.5508059579464,
-72.0197065813862));
#2434=CARTESIAN_POINT('Ctrl Pts',(-2.14529826572184,-40.5506981217874,-72.019735475998));
#2435=CARTESIAN_POINT('Ctrl Pts',(-3.60438305594273,-40.5521103399269,-72.019357073288));
#2436=CARTESIAN_POINT('Ctrl Pts',(-4.64663297881652,-40.657183205358,-71.9912028838494));
#2437=CARTESIAN_POINT('Ctrl Pts',(-6.33882942485378,-41.6452587157887,-71.7264488487685));
#2438=CARTESIAN_POINT('Ctrl Pts',(-7.36178985666114,-43.2797588528295,-71.28848585702));
#2439=CARTESIAN_POINT('Ctrl Pts',(-7.47066014676808,-44.2863902138551,-71.0187597967574));
#2440=CARTESIAN_POINT('Ctrl Pts',(-7.47109345263436,-44.7171305217511,-70.9033432791092));
#2441=CARTESIAN_POINT('Ctrl Pts',(-7.47106109335974,-44.8298291081887,-70.8731457838851));
#2442=CARTESIAN_POINT('Ctrl Pts',(-7.47108287306218,-44.998863718835,-70.8278530964696));
#2443=CARTESIAN_POINT('Ctrl Pts',(-7.47105789711696,-45.1678956602515,-70.7825611242719));
#2444=CARTESIAN_POINT('Ctrl Pts',(-7.47109254968327,-45.2805952115568,-70.7523633705123));
#2445=CARTESIAN_POINT('Ctrl Pts',(-7.47066181872375,-45.7113329659302,-70.6369475370784));
#2446=CARTESIAN_POINT('Ctrl Pts',(-7.36180991230529,-46.7179530755291,-70.3672244916263));
#2447=CARTESIAN_POINT('Ctrl Pts',(-6.33885727920317,-48.3524429443858,-69.9292642512293));
#2448=CARTESIAN_POINT('Ctrl Pts',(-4.64667000649152,-49.3405067268831,-69.6645133586386));
#2449=CARTESIAN_POINT('Ctrl Pts',(-3.60444391612472,-49.4455462738688,-69.6363680968504));
#2450=CARTESIAN_POINT('Ctrl Pts',(-2.14540635307865,-49.4468555199952,-69.6360172854081));
#2451=CARTESIAN_POINT('Ctrl Pts',(-0.537618100952181,-49.4465551094411,
-69.6360977801733));
#2452=CARTESIAN_POINT('Ctrl Pts',(1.60562235602173,-49.4464960697878,-69.6361135998007));
#2453=CARTESIAN_POINT('Ctrl Pts',(2.6775039456012,-49.4465765233969,-69.6360920423211));
#2454=CARTESIAN_POINT('Ctrl Pts',(3.60086803794327,-49.4457037038609,-69.6363259136109));
#2455=CARTESIAN_POINT('Ctrl Pts',(4.64313199941506,-49.3406042883604,-69.6644872171192));
#2456=CARTESIAN_POINT('Ctrl Pts',(6.33539185830649,-48.3525257649776,-69.9292420595182));
#2457=CARTESIAN_POINT('Ctrl Pts',(7.35836674354732,-46.7180145140578,-70.3672080292217));
#2458=CARTESIAN_POINT('Ctrl Pts',(7.46748349499343,-45.7113678544107,-70.6369381887376));
#2459=CARTESIAN_POINT('Ctrl Pts',(7.46808982231937,-45.1116209764037,-70.7976398803627));
#2460=CARTESIAN_POINT('Ctrl Pts',(7.46800000000001,-44.8862039441113,-70.8580401921257));
#2461=CARTESIAN_POINT('Ctrl Pts',(7.46800000000001,-44.6608212513106,-70.9184313026496));
#2462=CARTESIAN_POINT('Origin',(-7.,-52.1566510450285,-63.7335488607714));
#2463=CARTESIAN_POINT('',(-5.4,-52.1566510450285,-63.7335488607714));
#2464=CARTESIAN_POINT('Origin',(-7.,-52.1566510450285,-63.7335488607714));
#2465=CARTESIAN_POINT('Origin',(-7.,-48.921412981247,-51.6594760321581));
#2466=CARTESIAN_POINT('',(-5.4,-48.921412981247,-51.6594760321581));
#2467=CARTESIAN_POINT('Origin',(-7.,-48.921412981247,-51.6594760321581));
#2468=CARTESIAN_POINT('Origin',(64.4096727199809,-11.5,-75.4096745289008));
#2469=CARTESIAN_POINT('',(64.4096727199808,-11.5,-72.1596745289008));
#2470=CARTESIAN_POINT('Origin',(64.4096727199808,-11.5,-72.1596745289008));
#2471=CARTESIAN_POINT('Origin',(64.4096727199809,-11.5,75.4096745289008));
#2472=CARTESIAN_POINT('',(61.1596727199809,-11.5,75.4096745245764));
#2473=CARTESIAN_POINT('Origin',(61.1596727199809,-11.5,75.4096745245764));
#2474=CARTESIAN_POINT('Origin',(-64.4096727199809,-11.5,75.4096745289008));
#2475=CARTESIAN_POINT('Origin',(-64.4096727199809,-11.5,-75.4096745289008));
#2476=CARTESIAN_POINT('Origin',(7.,-46.8440590004386,-65.1570536088353));
#2477=CARTESIAN_POINT('',(8.6,-46.8440590004386,-65.1570536088353));
#2478=CARTESIAN_POINT('Origin',(7.,-46.8440590004386,-65.1570536088353));
#2479=CARTESIAN_POINT('',(8.6,-46.8440590004386,-65.1570536088353));
#2480=CARTESIAN_POINT('Ctrl Pts',(4.968,-44.0137736385542,-68.5036167369269));
#2481=CARTESIAN_POINT('Ctrl Pts',(6.3305646933205,-44.0857858429751,-68.7723699425908));
#2482=CARTESIAN_POINT('Ctrl Pts',(7.16389802665383,-44.3014683805606,-69.577308131165));
#2483=CARTESIAN_POINT('Ctrl Pts',(7.46800000000001,-44.6608212513106,-70.9184313026496));
#2484=CARTESIAN_POINT('Ctrl Pts',(4.968,-43.7918725003452,-68.5630749677096));
#2485=CARTESIAN_POINT('Ctrl Pts',(6.33130854891702,-43.7234700123999,-68.8694521767984));
#2486=CARTESIAN_POINT('Ctrl Pts',(7.16553161301678,-43.8869757899302,-69.6883710860931));
#2487=CARTESIAN_POINT('Ctrl Pts',(7.46800000000001,-44.2862910702399,-71.0187863622086));
#2488=CARTESIAN_POINT('Ctrl Pts',(4.87666934018543,-43.348125159328,-68.6819767093786));
#2489=CARTESIAN_POINT('Ctrl Pts',(6.1910900216782,-42.9465246692721,-69.0776340540527));
#2490=CARTESIAN_POINT('Ctrl Pts',(7.01859825631529,-42.9239257925506,-69.9464195551618));
#2491=CARTESIAN_POINT('Ctrl Pts',(7.35838261111861,-43.2800785183684,-71.2884002028966));
#2492=CARTESIAN_POINT('Ctrl Pts',(4.48634083771058,-42.7838056203082,-68.8331856741321));
#2493=CARTESIAN_POINT('Ctrl Pts',(5.48075991361906,-41.8954972479529,-69.3592560028181));
#2494=CARTESIAN_POINT('Ctrl Pts',(6.09818682013353,-41.5155917108245,-70.3237815350335));
#2495=CARTESIAN_POINT('Ctrl Pts',(6.33560476242098,-41.6452822963581,-71.7264425303737));
#2496=CARTESIAN_POINT('Ctrl Pts',(3.90210079447161,-42.4067835943057,-68.9342084215282));
#2497=CARTESIAN_POINT('Ctrl Pts',(4.39211204450293,-41.2088989287874,-69.5432294679631));
#2498=CARTESIAN_POINT('Ctrl Pts',(4.63951983068963,-40.6262067461921,-70.5620915180672));
#2499=CARTESIAN_POINT('Ctrl Pts',(4.64296528759915,-40.6580818686254,-71.9909620877524));
#2500=CARTESIAN_POINT('Ctrl Pts',(3.44273053072005,-42.3184757435508,-68.9578704388233));
#2501=CARTESIAN_POINT('Ctrl Pts',(3.58843544769432,-41.0739761523412,-69.5793819169524));
#2502=CARTESIAN_POINT('Ctrl Pts',(3.64170569522169,-40.4842642004412,-70.6001249085728));
#2503=CARTESIAN_POINT('Ctrl Pts',(3.60044319364018,-40.5506083923287,-72.0197595189339));
#2504=CARTESIAN_POINT('Ctrl Pts',(2.8955354768003,-42.3185834501119,-68.9578415789373));
#2505=CARTESIAN_POINT('Ctrl Pts',(2.69391444555729,-41.0746277962674,-69.5792073094887));
#2506=CARTESIAN_POINT('Ctrl Pts',(2.62167721101096,-40.4853623295994,-70.5998306657517));
#2507=CARTESIAN_POINT('Ctrl Pts',(2.67831949702938,-40.5505228863331,-72.0197824301963));
#2508=CARTESIAN_POINT('Ctrl Pts',(1.9330477341124,-42.3185483366073,-68.9578509875725));
#2509=CARTESIAN_POINT('Ctrl Pts',(1.63001668694435,-41.0744042095456,-69.5792672193702));
#2510=CARTESIAN_POINT('Ctrl Pts',(1.52158057373369,-40.485002752901,-70.5999270140376));
#2511=CARTESIAN_POINT('Ctrl Pts',(1.6057963980266,-40.5506824449673,-72.0197396765892));
#2512=CARTESIAN_POINT('Ctrl Pts',(-0.647009102021554,-42.3185741457237,
-68.9578440720407));
#2513=CARTESIAN_POINT('Ctrl Pts',(-0.545772876380504,-41.0743718093994,
-69.5792759009633));
#2514=CARTESIAN_POINT('Ctrl Pts',(-0.509373632267546,-40.4850060806918,
-70.5999261223588));
#2515=CARTESIAN_POINT('Ctrl Pts',(-0.537166967128834,-40.5508059579464,
-72.0197065813862));
#2516=CARTESIAN_POINT('Ctrl Pts',(-2.58206102022658,-42.3185512218171,-68.957850214483));
#2517=CARTESIAN_POINT('Ctrl Pts',(-2.17863703648031,-41.0746217463957,-69.579208930547));
#2518=CARTESIAN_POINT('Ctrl Pts',(-2.03224673683134,-40.485573380135,-70.5997741149312));
#2519=CARTESIAN_POINT('Ctrl Pts',(-2.14529826572184,-40.5506981217874,-72.019735475998));
#2520=CARTESIAN_POINT('Ctrl Pts',(-3.44670379020189,-42.3185605159383,-68.9578477241308));
#2521=CARTESIAN_POINT('Ctrl Pts',(-3.59247694519941,-41.0741581084618,-69.5793331619571));
#2522=CARTESIAN_POINT('Ctrl Pts',(-3.6455345508647,-40.4858526452827,-70.5996992860605));
#2523=CARTESIAN_POINT('Ctrl Pts',(-3.60438305594273,-40.5521103399269,-72.019357073288));
#2524=CARTESIAN_POINT('Ctrl Pts',(-3.90611944247188,-42.4067738048661,-68.9342110446009));
#2525=CARTESIAN_POINT('Ctrl Pts',(-4.39617224397532,-41.2088461707022,-69.5432436044497));
#2526=CARTESIAN_POINT('Ctrl Pts',(-4.64317324753203,-40.6256029175944,-70.5622533134525));
#2527=CARTESIAN_POINT('Ctrl Pts',(-4.64663297881652,-40.657183205358,-71.9912028838494));
#2528=CARTESIAN_POINT('Ctrl Pts',(-4.49034445602462,-42.783806710761,-68.8331853819464));
#2529=CARTESIAN_POINT('Ctrl Pts',(-5.48473337975344,-41.8955181981292,-69.3592503892356));
#2530=CARTESIAN_POINT('Ctrl Pts',(-6.10142085911057,-41.5153860645567,-70.3238366377852));
#2531=CARTESIAN_POINT('Ctrl Pts',(-6.33882942485378,-41.6452587157887,-71.7264488487685));
#2532=CARTESIAN_POINT('Ctrl Pts',(-4.88067920580774,-43.3481242098368,-68.6819769637944));
#2533=CARTESIAN_POINT('Ctrl Pts',(-6.19512881878821,-42.9465128002477,-69.0776372343485));
#2534=CARTESIAN_POINT('Ctrl Pts',(-7.02200566818909,-42.9237513394978,-69.9464662997167));
#2535=CARTESIAN_POINT('Ctrl Pts',(-7.36178985666114,-43.2797588528295,-71.28848585702));
#2536=CARTESIAN_POINT('Ctrl Pts',(-4.97200493783365,-43.7918805786706,-68.5630728031293));
#2537=CARTESIAN_POINT('Ctrl Pts',(-6.33528594707469,-43.7234724476412,-68.869451524278));
#2538=CARTESIAN_POINT('Ctrl Pts',(-7.16817173097403,-43.8870013186908,-69.6883642456828));
#2539=CARTESIAN_POINT('Ctrl Pts',(-7.47066014676808,-44.2863902138551,-71.0187597967574));
#2540=CARTESIAN_POINT('Ctrl Pts',(-4.97200860772569,-44.0471570659306,-68.4946716745214));
#2541=CARTESIAN_POINT('Ctrl Pts',(-6.33449714411633,-44.1403227915052,-68.757756811275));
#2542=CARTESIAN_POINT('Ctrl Pts',(-7.1667746631341,-44.363761493854,-69.5606167417646));
#2543=CARTESIAN_POINT('Ctrl Pts',(-7.47109345263436,-44.7171305217511,-70.9033432791092));
#2544=CARTESIAN_POINT('Ctrl Pts',(-4.97200827777008,-44.1483677831089,-68.4675523445881));
#2545=CARTESIAN_POINT('Ctrl Pts',(-6.33463612360814,-44.2522634667667,-68.7277623977385));
#2546=CARTESIAN_POINT('Ctrl Pts',(-7.16714462286868,-44.4793265898506,-69.529651167619));
#2547=CARTESIAN_POINT('Ctrl Pts',(-7.47106109335974,-44.8298291081887,-70.8731457838851));
#2548=CARTESIAN_POINT('Ctrl Pts',(-4.97200846717679,-44.3518477309193,-68.4130300568963));
#2549=CARTESIAN_POINT('Ctrl Pts',(-6.33452935906649,-44.4238523537305,-68.6817852940464));
#2550=CARTESIAN_POINT('Ctrl Pts',(-7.16685183954414,-44.6395169038041,-69.4867283023599));
#2551=CARTESIAN_POINT('Ctrl Pts',(-7.47108287306218,-44.998863718835,-70.8278530964696));
#2552=CARTESIAN_POINT('Ctrl Pts',(-4.97200824662758,-44.5553275304655,-68.3585078089319));
#2553=CARTESIAN_POINT('Ctrl Pts',(-6.33462516430262,-44.5954711989803,-68.6358001630557));
#2554=CARTESIAN_POINT('Ctrl Pts',(-7.16710882347635,-44.7996805903766,-69.443812571886));
#2555=CARTESIAN_POINT('Ctrl Pts',(-7.47105789711696,-45.1678956602515,-70.7825611242719));
#2556=CARTESIAN_POINT('Ctrl Pts',(-4.97200859921485,-44.6565383118156,-68.3313884618038));
#2557=CARTESIAN_POINT('Ctrl Pts',(-6.33449942341287,-44.7073944090702,-68.6058104292979));
#2558=CARTESIAN_POINT('Ctrl Pts',(-7.1667806514333,-44.9152604914442,-69.4128430307337));
#2559=CARTESIAN_POINT('Ctrl Pts',(-7.47109254968327,-45.2805952115568,-70.7523633705123));
#2560=CARTESIAN_POINT('Ctrl Pts',(-4.97200502971238,-44.9118147761161,-68.2629873393478));
#2561=CARTESIAN_POINT('Ctrl Pts',(-6.33528484972679,-45.1242487500376,-68.4941146452742));
#2562=CARTESIAN_POINT('Ctrl Pts',(-7.16816931089427,-45.3920154480459,-69.2850969251247));
#2563=CARTESIAN_POINT('Ctrl Pts',(-7.47066181872375,-45.7113329659302,-70.6369475370784));
#2564=CARTESIAN_POINT('Ctrl Pts',(-4.88067986310507,-45.3555711385329,-68.1440831804019));
#2565=CARTESIAN_POINT('Ctrl Pts',(-6.19512992526803,-45.9012062551439,-68.2859295092275));
#2566=CARTESIAN_POINT('Ctrl Pts',(-7.02202801841899,-46.3552545875978,-69.0269977755636));
#2567=CARTESIAN_POINT('Ctrl Pts',(-7.36180991230529,-46.7179530755291,-70.3672244916263));
#2568=CARTESIAN_POINT('Ctrl Pts',(-4.49034534392327,-45.9198886715854,-67.9928747531457));
#2569=CARTESIAN_POINT('Ctrl Pts',(-5.48473416713712,-46.9522019645175,-68.0043160576523));
#2570=CARTESIAN_POINT('Ctrl Pts',(-6.10144720549911,-47.76361059257,-68.6496299213757));
#2571=CARTESIAN_POINT('Ctrl Pts',(-6.33885727920317,-48.3524429443858,-69.9292642512293));
#2572=CARTESIAN_POINT('Ctrl Pts',(-3.90612065161397,-46.2969214986197,-67.8918491116218));
#2573=CARTESIAN_POINT('Ctrl Pts',(-4.39617328988528,-47.6388732320408,-67.8203230460537));
#2574=CARTESIAN_POINT('Ctrl Pts',(-4.64321205809442,-48.6533795778653,-68.4112170403155));
#2575=CARTESIAN_POINT('Ctrl Pts',(-4.64667000649152,-49.3405067268831,-69.6645133586386));
#2576=CARTESIAN_POINT('Ctrl Pts',(-3.44670566374355,-46.3851349685259,-67.8682123835989));
#2577=CARTESIAN_POINT('Ctrl Pts',(-3.59247943425614,-47.7735620008554,-67.7842332992203));
#2578=CARTESIAN_POINT('Ctrl Pts',(-3.64559309893381,-48.7931016022723,-68.3737786367108));
#2579=CARTESIAN_POINT('Ctrl Pts',(-3.60444391612472,-49.4455462738688,-69.6363680968504));
#2580=CARTESIAN_POINT('Ctrl Pts',(-2.58206492686597,-46.385143084481,-67.8682102089352));
#2581=CARTESIAN_POINT('Ctrl Pts',(-2.17863833761314,-47.7730963169584,-67.7843580788443));
#2582=CARTESIAN_POINT('Ctrl Pts',(-2.03236340225289,-48.7932610699647,-68.3737359074713));
#2583=CARTESIAN_POINT('Ctrl Pts',(-2.14540635307865,-49.4468555199952,-69.6360172854081));
#2584=CARTESIAN_POINT('Ctrl Pts',(-0.647016807039358,-46.3851351042012,
-67.8682123472447));
#2585=CARTESIAN_POINT('Ctrl Pts',(-0.545784320575161,-47.7733627504272,
-67.7842866882114));
#2586=CARTESIAN_POINT('Ctrl Pts',(-0.509812489357551,-48.7936683713751,
-68.3736267713872));
#2587=CARTESIAN_POINT('Ctrl Pts',(-0.537618100952181,-49.4465551094411,
-69.6360977801733));
#2588=CARTESIAN_POINT('Ctrl Pts',(1.93303674898154,-46.385135263629,-67.8682123045261));
#2589=CARTESIAN_POINT('Ctrl Pts',(1.63000939118776,-47.7733028679427,-67.7843027336748));
#2590=CARTESIAN_POINT('Ctrl Pts',(1.52139388303373,-48.7934511957167,-68.3736849634295));
#2591=CARTESIAN_POINT('Ctrl Pts',(1.60562235602173,-49.4464960697878,-69.6361135998007));
#2592=CARTESIAN_POINT('Ctrl Pts',(2.89552290635077,-46.3851399136509,-67.8682110585565));
#2593=CARTESIAN_POINT('Ctrl Pts',(2.69389679849998,-47.7731218505626,-67.7843512371356));
#2594=CARTESIAN_POINT('Ctrl Pts',(2.62088477466915,-48.7930575283844,-68.3737904462732));
#2595=CARTESIAN_POINT('Ctrl Pts',(2.6775039456012,-49.4465765233969,-69.6360920423211));
#2596=CARTESIAN_POINT('Ctrl Pts',(3.44270381454925,-46.3851339485595,-67.8682126568978));
#2597=CARTESIAN_POINT('Ctrl Pts',(3.58838094000589,-47.77365375838,-67.7842087128654));
#2598=CARTESIAN_POINT('Ctrl Pts',(3.64212088630357,-48.7934768578008,-68.3736780872947));
#2599=CARTESIAN_POINT('Ctrl Pts',(3.60086803794327,-49.4457037038609,-69.6363259136109));
#2600=CARTESIAN_POINT('Ctrl Pts',(3.90211750971093,-46.2969207892805,-67.8918493016885));
#2601=CARTESIAN_POINT('Ctrl Pts',(4.39223370035296,-47.6388112685925,-67.8203396491094));
#2602=CARTESIAN_POINT('Ctrl Pts',(4.63964125315242,-48.6533641530641,-68.4112211733783));
#2603=CARTESIAN_POINT('Ctrl Pts',(4.64313199941506,-49.3406042883604,-69.6644872171192));
#2604=CARTESIAN_POINT('Ctrl Pts',(4.48634146399178,-45.9198879106707,-67.9928749570319));
#2605=CARTESIAN_POINT('Ctrl Pts',(5.48068597949639,-46.9522439980958,-68.0043047947886));
#2606=CARTESIAN_POINT('Ctrl Pts',(6.09797254449943,-47.7637441440756,-68.6495941363573));
#2607=CARTESIAN_POINT('Ctrl Pts',(6.33539185830649,-48.3525257649776,-69.9292420595182));
#2608=CARTESIAN_POINT('Ctrl Pts',(4.87667531874703,-45.355570284062,-68.1440834093564));
#2609=CARTESIAN_POINT('Ctrl Pts',(6.19118022019592,-45.9011523711575,-68.2859439473979));
#2610=CARTESIAN_POINT('Ctrl Pts',(7.01864341700948,-46.3552945604902,-69.026987064859));
#2611=CARTESIAN_POINT('Ctrl Pts',(7.35836674354732,-46.7180145140578,-70.3672080292217));
#2612=CARTESIAN_POINT('Ctrl Pts',(4.96799801072665,-44.9118140904908,-68.2629875230601));
#2613=CARTESIAN_POINT('Ctrl Pts',(6.33120097567497,-45.1243221910642,-68.4940949668099));
#2614=CARTESIAN_POINT('Ctrl Pts',(7.16483994492193,-45.3920197289503,-69.2850957780593));
#2615=CARTESIAN_POINT('Ctrl Pts',(7.46748349499343,-45.7113678544107,-70.6369381887376));
#2616=CARTESIAN_POINT('Ctrl Pts',(4.96800164475782,-44.5563890220166,-68.3582233831275));
#2617=CARTESIAN_POINT('Ctrl Pts',(6.33030680172909,-44.5437416440083,-68.6496610555348));
#2618=CARTESIAN_POINT('Ctrl Pts',(7.16335074665543,-44.7283237244443,-69.4629325864864));
#2619=CARTESIAN_POINT('Ctrl Pts',(7.46808982231937,-45.1116209764037,-70.7976398803627));
#2620=CARTESIAN_POINT('Ctrl Pts',(4.968,-44.1473080734085,-68.467836292946));
#2621=CARTESIAN_POINT('Ctrl Pts',(6.3307376377473,-44.3040636248599,-68.7138825872091));
#2622=CARTESIAN_POINT('Ctrl Pts',(7.16433613907211,-44.5507079675926,-69.5105245850979));
#2623=CARTESIAN_POINT('Ctrl Pts',(7.46800000000001,-44.8862039441113,-70.8580401921257));
#2624=CARTESIAN_POINT('Ctrl Pts',(4.968,-44.0137736385542,-68.5036167369269));
#2625=CARTESIAN_POINT('Ctrl Pts',(6.3305646933205,-44.0857858429751,-68.7723699425908));
#2626=CARTESIAN_POINT('Ctrl Pts',(7.16389802665383,-44.3014683805606,-69.577308131165));
#2627=CARTESIAN_POINT('Ctrl Pts',(7.46800000000001,-44.6608212513106,-70.9184313026496));
#2628=CARTESIAN_POINT('',(4.968,-44.0137736385542,-68.5036167369269));
#2629=CARTESIAN_POINT('Ctrl Pts',(4.968,-44.0137736385542,-68.5036167369269));
#2630=CARTESIAN_POINT('Ctrl Pts',(4.968,-43.7918725003452,-68.5630749677096));
#2631=CARTESIAN_POINT('Ctrl Pts',(4.87666934018543,-43.348125159328,-68.6819767093786));
#2632=CARTESIAN_POINT('Ctrl Pts',(4.48634083771058,-42.7838056203082,-68.8331856741321));
#2633=CARTESIAN_POINT('Ctrl Pts',(3.90210079447161,-42.4067835943057,-68.9342084215282));
#2634=CARTESIAN_POINT('Ctrl Pts',(3.44273053072005,-42.3184757435508,-68.9578704388233));
#2635=CARTESIAN_POINT('Ctrl Pts',(2.8955354768003,-42.3185834501119,-68.9578415789373));
#2636=CARTESIAN_POINT('Ctrl Pts',(1.9330477341124,-42.3185483366073,-68.9578509875725));
#2637=CARTESIAN_POINT('Ctrl Pts',(-0.647009102021554,-42.3185741457237,
-68.9578440720407));
#2638=CARTESIAN_POINT('Ctrl Pts',(-2.58206102022658,-42.3185512218171,-68.957850214483));
#2639=CARTESIAN_POINT('Ctrl Pts',(-3.44670379020189,-42.3185605159383,-68.9578477241308));
#2640=CARTESIAN_POINT('Ctrl Pts',(-3.90611944247188,-42.4067738048661,-68.9342110446009));
#2641=CARTESIAN_POINT('Ctrl Pts',(-4.49034445602462,-42.783806710761,-68.8331853819464));
#2642=CARTESIAN_POINT('Ctrl Pts',(-4.88067920580774,-43.3481242098368,-68.6819769637944));
#2643=CARTESIAN_POINT('Ctrl Pts',(-4.97200493783365,-43.7918805786706,-68.5630728031293));
#2644=CARTESIAN_POINT('Ctrl Pts',(-4.97200860772569,-44.0471570659306,-68.4946716745214));
#2645=CARTESIAN_POINT('Ctrl Pts',(-4.97200827777008,-44.1483677831089,-68.4675523445881));
#2646=CARTESIAN_POINT('Ctrl Pts',(-4.97200846717679,-44.3518477309193,-68.4130300568963));
#2647=CARTESIAN_POINT('Ctrl Pts',(-4.97200824662758,-44.5553275304655,-68.3585078089319));
#2648=CARTESIAN_POINT('Ctrl Pts',(-4.97200859921485,-44.6565383118156,-68.3313884618038));
#2649=CARTESIAN_POINT('Ctrl Pts',(-4.97200502971238,-44.9118147761161,-68.2629873393478));
#2650=CARTESIAN_POINT('Ctrl Pts',(-4.88067986310507,-45.3555711385329,-68.1440831804019));
#2651=CARTESIAN_POINT('Ctrl Pts',(-4.49034534392327,-45.9198886715854,-67.9928747531457));
#2652=CARTESIAN_POINT('Ctrl Pts',(-3.90612065161397,-46.2969214986197,-67.8918491116218));
#2653=CARTESIAN_POINT('Ctrl Pts',(-3.44670566374355,-46.3851349685259,-67.8682123835989));
#2654=CARTESIAN_POINT('Ctrl Pts',(-2.58206492686597,-46.385143084481,-67.8682102089352));
#2655=CARTESIAN_POINT('Ctrl Pts',(-0.647016807039358,-46.3851351042012,
-67.8682123472447));
#2656=CARTESIAN_POINT('Ctrl Pts',(1.93303674898154,-46.385135263629,-67.8682123045261));
#2657=CARTESIAN_POINT('Ctrl Pts',(2.89552290635077,-46.3851399136509,-67.8682110585565));
#2658=CARTESIAN_POINT('Ctrl Pts',(3.44270381454925,-46.3851339485595,-67.8682126568978));
#2659=CARTESIAN_POINT('Ctrl Pts',(3.90211750971093,-46.2969207892805,-67.8918493016885));
#2660=CARTESIAN_POINT('Ctrl Pts',(4.48634146399178,-45.9198879106707,-67.9928749570319));
#2661=CARTESIAN_POINT('Ctrl Pts',(4.87667531874703,-45.355570284062,-68.1440834093564));
#2662=CARTESIAN_POINT('Ctrl Pts',(4.96799801072665,-44.9118140904908,-68.2629875230601));
#2663=CARTESIAN_POINT('Ctrl Pts',(4.96800164475782,-44.5563890220166,-68.3582233831275));
#2664=CARTESIAN_POINT('Ctrl Pts',(4.968,-44.1473080734085,-68.467836292946));
#2665=CARTESIAN_POINT('Ctrl Pts',(4.968,-44.0137736385542,-68.5036167369269));
#2666=CARTESIAN_POINT('Ctrl Pts',(4.968,-44.0137736385542,-68.5036167369269));
#2667=CARTESIAN_POINT('Ctrl Pts',(6.3305646933205,-44.0857858429751,-68.7723699425908));
#2668=CARTESIAN_POINT('Ctrl Pts',(7.16389802665383,-44.3014683805606,-69.577308131165));
#2669=CARTESIAN_POINT('Ctrl Pts',(7.46800000000001,-44.6608212513106,-70.9184313026496));
#2670=CARTESIAN_POINT('Origin',(-7.,-46.8440590004386,-65.1570536088353));
#2671=CARTESIAN_POINT('',(-5.4,-46.8440590004386,-65.1570536088353));
#2672=CARTESIAN_POINT('Origin',(-7.,-46.8440590004386,-65.1570536088353));
#2673=CARTESIAN_POINT('',(-5.4,-46.8440590004386,-65.1570536088353));
#2674=CARTESIAN_POINT('Origin',(-7.,-43.6088209366571,-53.0829807802219));
#2675=CARTESIAN_POINT('',(-5.4,-43.6088209366571,-53.0829807802219));
#2676=CARTESIAN_POINT('Origin',(-7.,-43.6088209366571,-53.0829807802219));
#2677=CARTESIAN_POINT('',(-5.4,-43.6088209366571,-53.0829807802219));
#2678=CARTESIAN_POINT('Origin',(-58.99999974707,-11.5,-73.9999997470751));
#2679=CARTESIAN_POINT('',(-60.9999989999944,-21.5691469104908,-73.9999982529246));
#2680=CARTESIAN_POINT('',(-59.,-14.1050425072292,-75.9999990000001));
#2681=CARTESIAN_POINT('Origin',(-58.99999974707,-21.5691413342451,-73.9999997470751));
#2682=CARTESIAN_POINT('',(-59.,-11.5,-75.9999990000001));
#2683=CARTESIAN_POINT('',(-60.9999989999944,-11.5,-73.9999982529246));
#2684=CARTESIAN_POINT('Origin',(58.9999982529245,-11.5,-75.9999989999996));
#2685=CARTESIAN_POINT('',(58.9999982529245,-14.1050425072312,-75.9999989999996));
#2686=CARTESIAN_POINT('',(29.4999991264633,-14.1050425072307,-75.9999989999997));
#2687=CARTESIAN_POINT('',(58.9999982529245,-11.5,-75.9999989999996));
#2688=CARTESIAN_POINT('Origin',(58.999999747075,-11.5,-73.9999997470751));
#2689=CARTESIAN_POINT('',(60.9999989999999,-21.5691441223668,-73.9999990000001));
#2690=CARTESIAN_POINT('Origin',(58.999999747075,-21.569141334245,-73.9999997470751));
#2691=CARTESIAN_POINT('',(60.9999989999999,-11.5,-73.9999990000001));
#2692=CARTESIAN_POINT('Origin',(7.,-46.5852399553361,-64.1911277825462));
#2693=CARTESIAN_POINT('',(2.99999999999999,-47.3616970906436,-67.0889052614134));
#2694=CARTESIAN_POINT('',(2.99999999999999,-46.8440590004386,-65.1570536088353));
#2695=CARTESIAN_POINT('',(2.99999999999999,-46.8440590004386,-65.1570536088353));
#2696=CARTESIAN_POINT('',(7.,-45.8087828200285,-61.293350303679));
#2697=CARTESIAN_POINT('Origin',(7.,-46.8440590004386,-65.1570536088353));
#2698=CARTESIAN_POINT('',(11.,-45.8087828200285,-61.293350303679));
#2699=CARTESIAN_POINT('',(7.,-45.8087828200285,-61.293350303679));
#2700=CARTESIAN_POINT('',(11.,-47.3616970906436,-67.0889052614134));
#2701=CARTESIAN_POINT('',(11.,-47.3616970906436,-67.0889052614134));
#2702=CARTESIAN_POINT('',(3.50000000000095,-47.3616970906436,-67.0889052614134));
#2703=CARTESIAN_POINT('Ctrl Pts',(4.968,-44.0137736385542,-68.5036167369269));
#2704=CARTESIAN_POINT('Ctrl Pts',(4.96799999999993,-39.0659416001864,-50.038056182421));
#2705=CARTESIAN_POINT('Ctrl Pts',(4.968,-43.7864186226259,-68.5645363298401));
#2706=CARTESIAN_POINT('Ctrl Pts',(4.96799999999993,-38.8385865842581,-50.0989757753342));
#2707=CARTESIAN_POINT('Ctrl Pts',(4.9200197831421,-43.5591621491442,-68.6254295183843));
#2708=CARTESIAN_POINT('Ctrl Pts',(4.92001978314203,-38.6113301107764,-50.1598689638783));
#2709=CARTESIAN_POINT('Ctrl Pts',(4.82785095710096,-43.3499630237461,-68.681484255092));
#2710=CARTESIAN_POINT('Ctrl Pts',(4.82785095710089,-38.4021309853783,-50.215923700586));
#2711=CARTESIAN_POINT('Ctrl Pts',(4.75929066804368,-43.1943491017307,-68.7231808798271));
#2712=CARTESIAN_POINT('Ctrl Pts',(4.75929066804362,-38.2465170633629,-50.2576203253211));
#2713=CARTESIAN_POINT('Ctrl Pts',(4.66645276993485,-43.0487393578802,-68.7621968931019));
#2714=CARTESIAN_POINT('Ctrl Pts',(4.66645276993479,-38.1009073195123,-50.296636338596));
#2715=CARTESIAN_POINT('Ctrl Pts',(4.55344011841663,-42.9195688340393,-68.796808030651));
#2716=CARTESIAN_POINT('Ctrl Pts',(4.55344011841656,-37.9717367956714,-50.331247476145));
#2717=CARTESIAN_POINT('Ctrl Pts',(4.38733877724757,-42.7297193175361,-68.8476780552814));
#2718=CARTESIAN_POINT('Ctrl Pts',(4.38733877724751,-37.7818872791682,-50.3821175007755));
#2719=CARTESIAN_POINT('Ctrl Pts',(4.17742747468299,-42.5758332084178,-68.8889117139461));
#2720=CARTESIAN_POINT('Ctrl Pts',(4.17742747468292,-37.62800117005,-50.4233511594401));
#2721=CARTESIAN_POINT('Ctrl Pts',(3.94344229308153,-42.4723790411859,-68.9166321745095));
#2722=CARTESIAN_POINT('Ctrl Pts',(3.94344229308146,-37.5245470028181,-50.4510716200035));
#2723=CARTESIAN_POINT('Ctrl Pts',(3.71510410724289,-42.371421635672,-68.9436836297869));
#2724=CARTESIAN_POINT('Ctrl Pts',(3.71510410724282,-37.4235895973042,-50.4781230752809));
#2725=CARTESIAN_POINT('Ctrl Pts',(3.46412249216827,-42.3185738134169,-68.9578441610819));
#2726=CARTESIAN_POINT('Ctrl Pts',(3.4641224921682,-37.3707417750491,-50.4922836065759));
#2727=CARTESIAN_POINT('Ctrl Pts',(3.213,-42.3185738134169,-68.9578441610819));
#2728=CARTESIAN_POINT('Ctrl Pts',(3.21299999999994,-37.3707417750491,-50.4922836065759));
#2729=CARTESIAN_POINT('Ctrl Pts',(1.94312074789675,-42.3185738134169,-68.9578441610819));
#2730=CARTESIAN_POINT('Ctrl Pts',(1.94312074789668,-37.3707417750491,-50.4922836065759));
#2731=CARTESIAN_POINT('Ctrl Pts',(-1.94712074789675,-42.3185738134169,-68.9578441610819));
#2732=CARTESIAN_POINT('Ctrl Pts',(-1.94712074789682,-37.3707417750491,-50.4922836065759));
#2733=CARTESIAN_POINT('Ctrl Pts',(-3.217,-42.3185738134169,-68.9578441610819));
#2734=CARTESIAN_POINT('Ctrl Pts',(-3.21700000000007,-37.3707417750491,-50.4922836065759));
#2735=CARTESIAN_POINT('Ctrl Pts',(-3.45237523248738,-42.3185738134169,-68.9578441610819));
#2736=CARTESIAN_POINT('Ctrl Pts',(-3.45237523248744,-37.3707417750491,-50.492283606576));
#2737=CARTESIAN_POINT('Ctrl Pts',(-3.68764844632698,-42.3649191440309,-68.9454259671709));
#2738=CARTESIAN_POINT('Ctrl Pts',(-3.68764844632704,-37.4170871056631,-50.479865412665));
#2739=CARTESIAN_POINT('Ctrl Pts',(-3.90422731781421,-42.4539473934828,-68.9215709196267));
#2740=CARTESIAN_POINT('Ctrl Pts',(-3.90422731781428,-37.506115355115,-50.4560103651208));
#2741=CARTESIAN_POINT('Ctrl Pts',(-4.06533070461699,-42.5201715473411,-68.903826211081));
#2742=CARTESIAN_POINT('Ctrl Pts',(-4.06533070461706,-37.5723395089732,-50.438265656575));
#2743=CARTESIAN_POINT('Ctrl Pts',(-4.21607700406107,-42.6098460707828,-68.8797979949431));
#2744=CARTESIAN_POINT('Ctrl Pts',(-4.21607700406114,-37.6620140324149,-50.4142374404372));
#2745=CARTESIAN_POINT('Ctrl Pts',(-4.34980417060462,-42.7190079095816,-68.8505481683927));
#2746=CARTESIAN_POINT('Ctrl Pts',(-4.34980417060469,-37.7711758712138,-50.3849876138867));
#2747=CARTESIAN_POINT('Ctrl Pts',(-4.54635085290274,-42.8794494847981,-68.8075579778811));
#2748=CARTESIAN_POINT('Ctrl Pts',(-4.54635085290281,-37.9316174464302,-50.3419974233751));
#2749=CARTESIAN_POINT('Ctrl Pts',(-4.7056654761689,-43.0822082331752,-68.7532289349951));
#2750=CARTESIAN_POINT('Ctrl Pts',(-4.70566547616897,-38.1343761948074,-50.2876683804891));
#2751=CARTESIAN_POINT('Ctrl Pts',(-4.81276911126824,-43.308220563053,-68.6926691137248));
#2752=CARTESIAN_POINT('Ctrl Pts',(-4.81276911126831,-38.3603885246851,-50.2271085592189));
#2753=CARTESIAN_POINT('Ctrl Pts',(-4.91728790843276,-43.5287783138825,-68.6335708425056));
#2754=CARTESIAN_POINT('Ctrl Pts',(-4.91728790843283,-38.5809462755147,-50.1680102879997));
#2755=CARTESIAN_POINT('Ctrl Pts',(-4.97200000000001,-43.7712079378068,-68.5686120205537));
#2756=CARTESIAN_POINT('Ctrl Pts',(-4.97200000000008,-38.823375899439,-50.1030514660478));
#2757=CARTESIAN_POINT('Ctrl Pts',(-4.97200000000001,-44.0137736385542,-68.503616736927));
#2758=CARTESIAN_POINT('Ctrl Pts',(-4.97200000000008,-39.0659416001864,-50.038056182421));
#2759=CARTESIAN_POINT('Ctrl Pts',(-4.972,-44.1473080734085,-68.467836292946));
#2760=CARTESIAN_POINT('Ctrl Pts',(-4.97200000000007,-39.1994760350406,-50.0022757384401));
#2761=CARTESIAN_POINT('Ctrl Pts',(-4.972,-44.5563872821024,-68.3582238493362));
#2762=CARTESIAN_POINT('Ctrl Pts',(-4.97200000000007,-39.6085552437345,-49.8926632948302));
#2763=CARTESIAN_POINT('Ctrl Pts',(-4.972,-44.6899217169566,-68.3224434053552));
#2764=CARTESIAN_POINT('Ctrl Pts',(-4.97200000000007,-39.7420896785887,-49.8568828508493));
#2765=CARTESIAN_POINT('Ctrl Pts',(-4.972,-44.9172767328849,-68.2615238124421));
#2766=CARTESIAN_POINT('Ctrl Pts',(-4.97200000000007,-39.9694446945171,-49.7959632579361));
#2767=CARTESIAN_POINT('Ctrl Pts',(-4.9240197831421,-45.1445332063666,-68.2006306238979));
#2768=CARTESIAN_POINT('Ctrl Pts',(-4.92401978314217,-40.1967011679988,-49.7350700693919));
#2769=CARTESIAN_POINT('Ctrl Pts',(-4.83185095710096,-45.3537323317647,-68.1445758871902));
#2770=CARTESIAN_POINT('Ctrl Pts',(-4.83185095710103,-40.4059002933969,-49.6790153326842));
#2771=CARTESIAN_POINT('Ctrl Pts',(-4.76329066804369,-45.5093462537801,-68.1028792624551));
#2772=CARTESIAN_POINT('Ctrl Pts',(-4.76329066804376,-40.5615142154123,-49.6373187079492));
#2773=CARTESIAN_POINT('Ctrl Pts',(-4.67045276993486,-45.6549559976307,-68.0638632491802));
#2774=CARTESIAN_POINT('Ctrl Pts',(-4.67045276993493,-40.7071239592628,-49.5983026946743));
#2775=CARTESIAN_POINT('Ctrl Pts',(-4.55744011841664,-45.7841265214715,-68.0292521116312));
#2776=CARTESIAN_POINT('Ctrl Pts',(-4.5574401184167,-40.8362944831037,-49.5636915571252));
#2777=CARTESIAN_POINT('Ctrl Pts',(-4.39133877724758,-45.9739760379747,-67.9783820870007));
#2778=CARTESIAN_POINT('Ctrl Pts',(-4.39133877724765,-41.0261439996069,-49.5128215324948));
#2779=CARTESIAN_POINT('Ctrl Pts',(-4.18142747468299,-46.127862147093,-67.9371484283361));
#2780=CARTESIAN_POINT('Ctrl Pts',(-4.18142747468306,-41.1800301087252,-49.4715878738301));
#2781=CARTESIAN_POINT('Ctrl Pts',(-3.94744229308153,-46.2313163143249,-67.9094279677727));
#2782=CARTESIAN_POINT('Ctrl Pts',(-3.9474422930816,-41.2834842759571,-49.4438674132667));
#2783=CARTESIAN_POINT('Ctrl Pts',(-3.71910410724289,-46.3322737198388,-67.8823765124953));
#2784=CARTESIAN_POINT('Ctrl Pts',(-3.71910410724296,-41.384441681471,-49.4168159579893));
#2785=CARTESIAN_POINT('Ctrl Pts',(-3.46812249216827,-46.3851215420939,-67.8682159812003));
#2786=CARTESIAN_POINT('Ctrl Pts',(-3.46812249216834,-41.437289503726,-49.4026554266943));
#2787=CARTESIAN_POINT('Ctrl Pts',(-3.217,-46.3851215420939,-67.8682159812003));
#2788=CARTESIAN_POINT('Ctrl Pts',(-3.21700000000007,-41.437289503726,-49.4026554266943));
#2789=CARTESIAN_POINT('Ctrl Pts',(-1.94712074789676,-46.3851215420939,-67.8682159812003));
#2790=CARTESIAN_POINT('Ctrl Pts',(-1.94712074789683,-41.437289503726,-49.4026554266943));
#2791=CARTESIAN_POINT('Ctrl Pts',(1.94312074789675,-46.3851215420939,-67.8682159812003));
#2792=CARTESIAN_POINT('Ctrl Pts',(1.94312074789668,-41.4372895037261,-49.4026554266943));
#2793=CARTESIAN_POINT('Ctrl Pts',(3.213,-46.3851215420939,-67.8682159812003));
#2794=CARTESIAN_POINT('Ctrl Pts',(3.21299999999993,-41.4372895037261,-49.4026554266943));
#2795=CARTESIAN_POINT('Ctrl Pts',(3.44837523248737,-46.3851215420939,-67.8682159812003));
#2796=CARTESIAN_POINT('Ctrl Pts',(3.44837523248731,-41.4372895037261,-49.4026554266943));
#2797=CARTESIAN_POINT('Ctrl Pts',(3.68364844632697,-46.3387762114799,-67.8806341751112));
#2798=CARTESIAN_POINT('Ctrl Pts',(3.68364844632691,-41.3909441731121,-49.4150736206053));
#2799=CARTESIAN_POINT('Ctrl Pts',(3.90022731781421,-46.249747962028,-67.9044892226554));
#2800=CARTESIAN_POINT('Ctrl Pts',(3.90022731781414,-41.3019159236602,-49.4389286681495));
#2801=CARTESIAN_POINT('Ctrl Pts',(4.06133070461699,-46.1835238081698,-67.9222339312012));
#2802=CARTESIAN_POINT('Ctrl Pts',(4.06133070461692,-41.2356917698019,-49.4566733766952));
#2803=CARTESIAN_POINT('Ctrl Pts',(4.21207700406107,-46.0938492847281,-67.946262147339));
#2804=CARTESIAN_POINT('Ctrl Pts',(4.212077004061,-41.1460172463602,-49.4807015928331));
#2805=CARTESIAN_POINT('Ctrl Pts',(4.34580417060461,-45.9846874459292,-67.9755119738895));
#2806=CARTESIAN_POINT('Ctrl Pts',(4.34580417060455,-41.0368554075614,-49.5099514193835));
#2807=CARTESIAN_POINT('Ctrl Pts',(4.54235085290274,-45.8242458707128,-68.0185021644011));
#2808=CARTESIAN_POINT('Ctrl Pts',(4.54235085290267,-40.8764138323449,-49.5529416098952));
#2809=CARTESIAN_POINT('Ctrl Pts',(4.7016654761689,-45.6214871223356,-68.0728312072871));
#2810=CARTESIAN_POINT('Ctrl Pts',(4.70166547616883,-40.6736550839678,-49.6072706527812));
#2811=CARTESIAN_POINT('Ctrl Pts',(4.80876911126823,-45.3954747924578,-68.1333910285573));
#2812=CARTESIAN_POINT('Ctrl Pts',(4.80876911126817,-40.44764275409,-49.6678304740514));
#2813=CARTESIAN_POINT('Ctrl Pts',(4.91328790843276,-45.1749170416283,-68.1924892997765));
#2814=CARTESIAN_POINT('Ctrl Pts',(4.91328790843269,-40.2270850032605,-49.7269287452706));
#2815=CARTESIAN_POINT('Ctrl Pts',(4.968,-44.932487417704,-68.2574481217284));
#2816=CARTESIAN_POINT('Ctrl Pts',(4.96799999999994,-39.9846553793362,-49.7918875672225));
#2817=CARTESIAN_POINT('Ctrl Pts',(4.968,-44.6899217169566,-68.3224434053552));
#2818=CARTESIAN_POINT('Ctrl Pts',(4.96799999999994,-39.7420896785888,-49.8568828508492));
#2819=CARTESIAN_POINT('Ctrl Pts',(4.968,-44.5563872821024,-68.3582238493361));
#2820=CARTESIAN_POINT('Ctrl Pts',(4.96799999999993,-39.6085552437345,-49.8926632948302));
#2821=CARTESIAN_POINT('Ctrl Pts',(4.968,-44.1473080734085,-68.467836292946));
#2822=CARTESIAN_POINT('Ctrl Pts',(4.96799999999993,-39.1994760350406,-50.0022757384401));
#2823=CARTESIAN_POINT('Ctrl Pts',(4.968,-44.0137736385542,-68.5036167369269));
#2824=CARTESIAN_POINT('Ctrl Pts',(4.96799999999993,-39.0659416001864,-50.038056182421));
#2825=CARTESIAN_POINT('',(4.968,-43.884364116003,-68.0206538237824));
#2826=CARTESIAN_POINT('Ctrl Pts',(4.968,-43.884364116003,-68.0206538237823));
#2827=CARTESIAN_POINT('Ctrl Pts',(4.968,-44.0178985508572,-67.9848733798014));
#2828=CARTESIAN_POINT('Ctrl Pts',(4.968,-44.4269777595511,-67.8752609361915));
#2829=CARTESIAN_POINT('Ctrl Pts',(4.968,-44.5605121944053,-67.8394804922106));
#2830=CARTESIAN_POINT('Ctrl Pts',(4.968,-44.8030778951527,-67.7744852085838));
#2831=CARTESIAN_POINT('Ctrl Pts',(4.91328790843276,-45.045507519077,-67.7095263866319));
#2832=CARTESIAN_POINT('Ctrl Pts',(4.80876911126823,-45.2660652699066,-67.6504281154127));
#2833=CARTESIAN_POINT('Ctrl Pts',(4.70166547616889,-45.4920775997844,-67.5898682941425));
#2834=CARTESIAN_POINT('Ctrl Pts',(4.54235085290274,-45.6948363481615,-67.5355392512565));
#2835=CARTESIAN_POINT('Ctrl Pts',(4.34580417060461,-45.8552779233779,-67.4925490607449));
#2836=CARTESIAN_POINT('Ctrl Pts',(4.21207700406107,-45.9644397621768,-67.4632992341944));
#2837=CARTESIAN_POINT('Ctrl Pts',(4.06133070461699,-46.0541142856185,-67.4392710180566));
#2838=CARTESIAN_POINT('Ctrl Pts',(3.90022731781421,-46.1203384394768,-67.4215263095108));
#2839=CARTESIAN_POINT('Ctrl Pts',(3.68364844632697,-46.2093666889286,-67.3976712619666));
#2840=CARTESIAN_POINT('Ctrl Pts',(3.44837523248737,-46.2557120195426,-67.3852530680556));
#2841=CARTESIAN_POINT('Ctrl Pts',(3.213,-46.2557120195426,-67.3852530680556));
#2842=CARTESIAN_POINT('Ctrl Pts',(1.94312074789675,-46.2557120195426,-67.3852530680556));
#2843=CARTESIAN_POINT('Ctrl Pts',(-1.94712074789676,-46.2557120195426,-67.3852530680557));
#2844=CARTESIAN_POINT('Ctrl Pts',(-3.21700000000001,-46.2557120195426,-67.3852530680556));
#2845=CARTESIAN_POINT('Ctrl Pts',(-3.46812249216827,-46.2557120195426,-67.3852530680556));
#2846=CARTESIAN_POINT('Ctrl Pts',(-3.71910410724289,-46.2028641972875,-67.3994135993507));
#2847=CARTESIAN_POINT('Ctrl Pts',(-3.94744229308153,-46.1019067917736,-67.426465054628));
#2848=CARTESIAN_POINT('Ctrl Pts',(-4.18142747468299,-45.9984526245417,-67.4541855151915));
#2849=CARTESIAN_POINT('Ctrl Pts',(-4.39133877724758,-45.8445665154235,-67.4954191738561));
#2850=CARTESIAN_POINT('Ctrl Pts',(-4.55744011841664,-45.6547169989203,-67.5462891984865));
#2851=CARTESIAN_POINT('Ctrl Pts',(-4.67045276993486,-45.5255464750794,-67.5809003360356));
#2852=CARTESIAN_POINT('Ctrl Pts',(-4.76329066804369,-45.3799367312289,-67.6199163493105));
#2853=CARTESIAN_POINT('Ctrl Pts',(-4.83185095710097,-45.2243228092134,-67.6616129740456));
#2854=CARTESIAN_POINT('Ctrl Pts',(-4.9240197831421,-45.0151236838153,-67.7176677107533));
#2855=CARTESIAN_POINT('Ctrl Pts',(-4.972,-44.7878672103337,-67.7785608992974));
#2856=CARTESIAN_POINT('Ctrl Pts',(-4.972,-44.5605121944053,-67.8394804922106));
#2857=CARTESIAN_POINT('Ctrl Pts',(-4.972,-44.4269777595511,-67.8752609361915));
#2858=CARTESIAN_POINT('Ctrl Pts',(-4.972,-44.0178985508572,-67.9848733798014));
#2859=CARTESIAN_POINT('Ctrl Pts',(-4.97200000000001,-43.884364116003,-68.0206538237824));
#2860=CARTESIAN_POINT('Ctrl Pts',(-4.97200000000001,-43.6417984152556,-68.0856491074091));
#2861=CARTESIAN_POINT('Ctrl Pts',(-4.91728790843276,-43.3993687913312,-68.150607929361));
#2862=CARTESIAN_POINT('Ctrl Pts',(-4.81276911126824,-43.1788110405017,-68.2097062005802));
#2863=CARTESIAN_POINT('Ctrl Pts',(-4.7056654761689,-42.9527987106239,-68.2702660218504));
#2864=CARTESIAN_POINT('Ctrl Pts',(-4.54635085290274,-42.7500399622468,-68.3245950647364));
#2865=CARTESIAN_POINT('Ctrl Pts',(-4.34980417060462,-42.5895983870303,-68.367585255248));
#2866=CARTESIAN_POINT('Ctrl Pts',(-4.21607700406108,-42.4804365482315,-68.3968350817985));
#2867=CARTESIAN_POINT('Ctrl Pts',(-4.065330704617,-42.3907620247898,-68.4208632979364));
#2868=CARTESIAN_POINT('Ctrl Pts',(-3.90422731781421,-42.3245378709315,-68.4386080064821));
#2869=CARTESIAN_POINT('Ctrl Pts',(-3.68764844632698,-42.2355096214796,-68.4624630540263));
#2870=CARTESIAN_POINT('Ctrl Pts',(-3.45237523248738,-42.1891642908656,-68.4748812479373));
#2871=CARTESIAN_POINT('Ctrl Pts',(-3.217,-42.1891642908656,-68.4748812479373));
#2872=CARTESIAN_POINT('Ctrl Pts',(-1.94712074789675,-42.1891642908656,-68.4748812479373));
#2873=CARTESIAN_POINT('Ctrl Pts',(1.94312074789675,-42.1891642908656,-68.4748812479372));
#2874=CARTESIAN_POINT('Ctrl Pts',(3.213,-42.1891642908656,-68.4748812479372));
#2875=CARTESIAN_POINT('Ctrl Pts',(3.46412249216827,-42.1891642908656,-68.4748812479372));
#2876=CARTESIAN_POINT('Ctrl Pts',(3.71510410724288,-42.2420121131207,-68.4607207166423));
#2877=CARTESIAN_POINT('Ctrl Pts',(3.94344229308153,-42.3429695186346,-68.4336692613649));
#2878=CARTESIAN_POINT('Ctrl Pts',(4.17742747468299,-42.4464236858665,-68.4059488008014));
#2879=CARTESIAN_POINT('Ctrl Pts',(4.38733877724757,-42.6003097949848,-68.3647151421368));
#2880=CARTESIAN_POINT('Ctrl Pts',(4.55344011841663,-42.790159311488,-68.3138451175063));
#2881=CARTESIAN_POINT('Ctrl Pts',(4.66645276993485,-42.9193298353289,-68.2792339799573));
#2882=CARTESIAN_POINT('Ctrl Pts',(4.75929066804368,-43.0649395791794,-68.2402179666824));
#2883=CARTESIAN_POINT('Ctrl Pts',(4.82785095710096,-43.2205535011948,-68.1985213419474));
#2884=CARTESIAN_POINT('Ctrl Pts',(4.92001978314209,-43.4297526265929,-68.1424666052396));
#2885=CARTESIAN_POINT('Ctrl Pts',(4.968,-43.6570091000746,-68.0815734166955));
#2886=CARTESIAN_POINT('Ctrl Pts',(4.968,-43.884364116003,-68.0206538237823));
#2887=CARTESIAN_POINT('',(4.968,-44.0137736385542,-68.5036167369269));
#2888=CARTESIAN_POINT('Origin',(-7.00000000000001,-46.5852399553361,-64.1911277825462));
#2889=CARTESIAN_POINT('',(-7.,-45.8087828200285,-61.293350303679));
#2890=CARTESIAN_POINT('',(-3.00000000000002,-46.8440590004386,-65.1570536088353));
#2891=CARTESIAN_POINT('Origin',(-7.,-46.8440590004386,-65.1570536088353));
#2892=CARTESIAN_POINT('',(-3.00000000000002,-47.3616970906436,-67.0889052614134));
#2893=CARTESIAN_POINT('',(-3.00000000000002,-46.8440590004386,-65.1570536088353));
#2894=CARTESIAN_POINT('',(-11.,-47.3616970906436,-67.0889052614134));
#2895=CARTESIAN_POINT('',(-3.49999999999905,-47.3616970906436,-67.0889052614134));
#2896=CARTESIAN_POINT('',(-11.,-45.8087828200285,-61.293350303679));
#2897=CARTESIAN_POINT('',(-11.,-42.8323638013495,-50.1852033013547));
#2898=CARTESIAN_POINT('',(-7.,-45.8087828200285,-61.293350303679));
#2899=CARTESIAN_POINT('Origin',(-7.,-43.6088209366571,-53.0829807802219));
#2900=CARTESIAN_POINT('',(-3.,-42.573544756247,-49.2192774750656));
#2901=CARTESIAN_POINT('',(-3.,-43.6088209366571,-53.0829807802219));
#2902=CARTESIAN_POINT('',(-3.,-43.6088209366571,-53.0829807802219));
#2903=CARTESIAN_POINT('',(-7.,-44.6440971170672,-56.9466840853782));
#2904=CARTESIAN_POINT('Origin',(-7.,-43.6088209366571,-53.0829807802219));
#2905=CARTESIAN_POINT('',(-11.,-44.6440971170672,-56.9466840853782));
#2906=CARTESIAN_POINT('',(-7.,-44.6440971170672,-56.9466840853782));
#2907=CARTESIAN_POINT('',(-11.,-42.8323638013495,-50.1852033013547));
#2908=CARTESIAN_POINT('',(-11.,-42.8323638013495,-50.1852033013547));
#2909=CARTESIAN_POINT('',(-9.99999999999999,-42.573544756247,-49.2192774750656));
#2910=CARTESIAN_POINT('Origin',(-9.99999999999999,-42.8323638013495,-50.1852033013547));
#2911=CARTESIAN_POINT('',(10.,-42.573544756247,-49.2192774750656));
#2912=CARTESIAN_POINT('Origin',(2.99999999999999,-49.2935487432218,-66.5712671712083));
#2913=CARTESIAN_POINT('',(2.99999999999999,-48.7759106530167,-64.6394155186302));
#2914=CARTESIAN_POINT('',(2.99999999999999,-49.2935487432218,-66.5712671712083));
#2915=CARTESIAN_POINT('',(2.99999999999999,-39.8471102693844,-31.316678836274));
#2916=CARTESIAN_POINT('',(2.99999999999999,-48.7759106530167,-64.6394155186302));
#2917=CARTESIAN_POINT('',(2.99999999999999,-41.849936013023,-68.5657771910351));
#2918=CARTESIAN_POINT('Origin',(7.,-48.7759106530167,-64.6394155186302));
#2919=CARTESIAN_POINT('',(7.,-47.7406344726066,-60.7757122134739));
#2920=CARTESIAN_POINT('Origin',(7.,-48.7759106530167,-64.6394155186302));
#2921=CARTESIAN_POINT('',(7.,-47.7406344726066,-60.7757122134739));
#2922=CARTESIAN_POINT('Origin',(7.,-47.7406344726066,-60.7757122134739));
#2923=CARTESIAN_POINT('',(11.,-47.7406344726066,-60.7757122134739));
#2924=CARTESIAN_POINT('',(3.50000060978781,-47.7406344726066,-60.7757122134739));
#2925=CARTESIAN_POINT('',(11.,-47.7406344726066,-60.7757122134739));
#2926=CARTESIAN_POINT('Origin',(11.,-47.7406344726066,-60.7757122134739));
#2927=CARTESIAN_POINT('',(11.,-49.2935487432217,-66.5712671712084));
#2928=CARTESIAN_POINT('',(11.,-39.0706531340768,-28.4189013574068));
#2929=CARTESIAN_POINT('',(11.,-41.849936013023,-68.5657771910351));
#2930=CARTESIAN_POINT('Origin',(61.000001439149,-11.5,73.999997545823));
#2931=CARTESIAN_POINT('',(61.0000014721106,-11.5077948413369,74.44708619292));
#2932=CARTESIAN_POINT('',(61.0000014526442,-12.8952123208952,74.8188435861325));
#2933=CARTESIAN_POINT('',(60.999999148024,-49.2935487432217,-66.5712671712083));
#2934=CARTESIAN_POINT('',(60.999999089297,-41.7904134634821,-68.581726210116));
#2935=CARTESIAN_POINT('',(61.0000008620744,-21.0098584473146,38.9849020386601));
#2936=CARTESIAN_POINT('Origin',(1.24553776998303E-6,-14.4016750988802,75.2224982735431));
#2937=CARTESIAN_POINT('',(-60.9999990000001,-11.5077952400259,74.4470847049923));
#2938=CARTESIAN_POINT('',(-58.9999982529306,-11.50779523349,74.4470847293846));
#2939=CARTESIAN_POINT('',(-60.9999989999999,5.60478662959384,69.8617822126162));
#2940=CARTESIAN_POINT('Origin',(-60.9999989999944,-11.5,-73.9999982529246));
#2941=CARTESIAN_POINT('',(-60.9999989999948,-49.2935487432217,-66.5712671712084));
#2942=CARTESIAN_POINT('',(-60.9999989999961,-39.5098577964927,-30.0580354724638));
#2943=CARTESIAN_POINT('',(-60.9999989999945,-23.2904141143039,-73.5387860957047));
#2944=CARTESIAN_POINT('Origin',(1.90070181815827E-12,-34.4063232828243,
-70.5602872108619));
#2945=CARTESIAN_POINT('',(-3.00000000000002,-49.2935487432218,-66.5712671712083));
#2946=CARTESIAN_POINT('',(-3.00000000000002,-41.849936013023,-68.5657771910351));
#2947=CARTESIAN_POINT('',(6.09788761707364E-7,-49.2935487432217,-66.5712671712083));
#2948=CARTESIAN_POINT('',(6.09788761707364E-7,-49.2935487432217,-66.5712671712083));
#2949=CARTESIAN_POINT('',(-11.,-49.2935487432217,-66.5712671712084));
#2950=CARTESIAN_POINT('',(6.09788761707364E-7,-49.2935487432217,-66.5712671712083));
#2951=CARTESIAN_POINT('',(-11.,-41.849936013023,-68.5657771910351));
#2952=CARTESIAN_POINT('Origin',(-11.,-49.2935487432217,-66.5712671712083));
#2953=CARTESIAN_POINT('',(-11.,-47.7406344726066,-60.775712213474));
#2954=CARTESIAN_POINT('',(-11.,-39.8471102693844,-31.316678836274));
#2955=CARTESIAN_POINT('',(-11.,-47.7406344726066,-60.775712213474));
#2956=CARTESIAN_POINT('Origin',(-11.,-47.7406344726066,-60.775712213474));
#2957=CARTESIAN_POINT('',(-7.,-47.7406344726066,-60.775712213474));
#2958=CARTESIAN_POINT('',(-5.49999939021219,-47.7406344726066,-60.775712213474));
#2959=CARTESIAN_POINT('',(-7.,-47.7406344726066,-60.775712213474));
#2960=CARTESIAN_POINT('Origin',(-7.,-48.7759106530167,-64.6394155186302));
#2961=CARTESIAN_POINT('',(-3.00000000000002,-48.7759106530167,-64.6394155186302));
#2962=CARTESIAN_POINT('Origin',(-7.,-48.7759106530167,-64.6394155186302));
#2963=CARTESIAN_POINT('',(-3.00000000000002,-48.7759106530167,-64.6394155186302));
#2964=CARTESIAN_POINT('Origin',(-3.00000000000002,-48.7759106530167,-64.6394155186302));
#2965=CARTESIAN_POINT('',(-3.00000000000002,-39.5882912242819,-30.350753009985));
#2966=CARTESIAN_POINT('Origin',(-3.,-44.5053964088251,-48.7016393848606));
#2967=CARTESIAN_POINT('',(-3.,-45.5406725892352,-52.5653426900169));
#2968=CARTESIAN_POINT('',(-3.,-44.5053964088251,-48.7016393848606));
#2969=CARTESIAN_POINT('',(-3.,-37.4530341021861,-22.3818649431001));
#2970=CARTESIAN_POINT('',(-3.,-45.5406725892352,-52.5653426900169));
#2971=CARTESIAN_POINT('',(-3.,-44.5053964088251,-48.7016393848606));
#2972=CARTESIAN_POINT('Origin',(-7.,-45.5406725892352,-52.5653426900169));
#2973=CARTESIAN_POINT('',(-7.,-46.5759487696453,-56.4290459951731));
#2974=CARTESIAN_POINT('Origin',(-7.,-45.5406725892352,-52.5653426900169));
#2975=CARTESIAN_POINT('',(-7.,-46.5759487696453,-56.4290459951731));
#2976=CARTESIAN_POINT('Origin',(-7.,-46.5759487696453,-56.4290459951731));
#2977=CARTESIAN_POINT('',(-11.,-46.5759487696453,-56.4290459951731));
#2978=CARTESIAN_POINT('',(-3.49999939021219,-46.5759487696453,-56.4290459951731));
#2979=CARTESIAN_POINT('',(-11.,-46.5759487696453,-56.4290459951731));
#2980=CARTESIAN_POINT('Origin',(-11.,-46.5759487696453,-56.4290459951731));
#2981=CARTESIAN_POINT('',(-11.,-44.7642154539276,-49.6675652111497));
#2982=CARTESIAN_POINT('',(-11.,-38.4883102825962,-26.2455682482564));
#2983=CARTESIAN_POINT('',(-11.,-44.7642154539276,-49.6675652111497));
#2984=CARTESIAN_POINT('Origin',(-9.99999999999999,-44.7642154539276,-49.6675652111497));
#2985=CARTESIAN_POINT('',(-9.99999999999999,-44.5053964088251,-48.7016393848606));
#2986=CARTESIAN_POINT('Origin',(-9.99999999999999,-44.7642154539277,-49.6675652111496));
#2987=CARTESIAN_POINT('',(-9.99999999999999,-44.5053964088251,-48.7016393848606));
#2988=CARTESIAN_POINT('Origin',(-10.,-44.5053964088251,-48.7016393848606));
#2989=CARTESIAN_POINT('',(-4.99999939021219,-44.5053964088251,-48.7016393848606));
#2990=CARTESIAN_POINT('Origin',(1.21957562271291E-6,-30.4006717955471,3.93790949866029));
#2991=CARTESIAN_POINT('',(11.,-46.5759487696453,-56.4290459951731));
#2992=CARTESIAN_POINT('',(11.,-44.7642154539276,-49.6675652111497));
#2993=CARTESIAN_POINT('',(11.,-37.5824436247374,-22.8648278562447));
#2994=CARTESIAN_POINT('',(10.,-44.5053964088251,-48.7016393848606));
#2995=CARTESIAN_POINT('Origin',(10.,-44.7642154539277,-49.6675652111496));
#2996=CARTESIAN_POINT('',(2.99999999999999,-44.5053964088251,-48.7016393848606));
#2997=CARTESIAN_POINT('',(1.50000060978781,-44.5053964088251,-48.7016393848606));
#2998=CARTESIAN_POINT('',(2.99999999999999,-45.5406725892352,-52.5653426900169));
#2999=CARTESIAN_POINT('',(2.99999999999999,-37.9706721923911,-24.3137165956783));
#3000=CARTESIAN_POINT('',(7.,-46.5759487696453,-56.4290459951731));
#3001=CARTESIAN_POINT('Origin',(7.,-45.5406725892352,-52.5653426900169));
#3002=CARTESIAN_POINT('',(5.50000060978781,-46.5759487696453,-56.4290459951731));
#3003=CARTESIAN_POINT('Origin',(11.,-44.7642154539276,-49.6675652111497));
#3004=CARTESIAN_POINT('',(11.,-44.6440971170672,-56.9466840853782));
#3005=CARTESIAN_POINT('',(11.,-46.5759487696453,-56.4290459951731));
#3006=CARTESIAN_POINT('',(11.,-42.8323638013495,-50.1852033013547));
#3007=CARTESIAN_POINT('',(11.,-47.3616970906436,-67.0889052614134));
#3008=CARTESIAN_POINT('',(11.,-44.7642154539276,-49.6675652111497));
#3009=CARTESIAN_POINT('Origin',(10.,-44.7642154539276,-49.6675652111497));
#3010=CARTESIAN_POINT('',(10.,-42.573544756247,-49.2192774750656));
#3011=CARTESIAN_POINT('Origin',(10.,-42.8323638013495,-50.1852033013547));
#3012=CARTESIAN_POINT('',(10.,-44.5053964088251,-48.7016393848606));
#3013=CARTESIAN_POINT('Origin',(2.99999999999999,-44.5053964088251,-48.7016393848606));
#3014=CARTESIAN_POINT('',(2.99999999999999,-42.573544756247,-49.2192774750656));
#3015=CARTESIAN_POINT('',(10.,-42.573544756247,-49.2192774750656));
#3016=CARTESIAN_POINT('',(2.99999999999999,-44.5053964088251,-48.7016393848606));
#3017=CARTESIAN_POINT('Origin',(2.99999999999999,-45.5406725892352,-52.5653426900169));
#3018=CARTESIAN_POINT('',(2.99999999999999,-43.6088209366571,-53.0829807802219));
#3019=CARTESIAN_POINT('',(2.99999999999999,-43.6088209366571,-53.0829807802219));
#3020=CARTESIAN_POINT('',(2.99999999999999,-45.5406725892352,-52.5653426900169));
#3021=CARTESIAN_POINT('Origin',(7.,-45.5406725892352,-52.5653426900169));
#3022=CARTESIAN_POINT('',(7.,-44.6440971170672,-56.9466840853782));
#3023=CARTESIAN_POINT('Origin',(7.,-43.6088209366571,-53.0829807802219));
#3024=CARTESIAN_POINT('',(7.,-46.5759487696453,-56.4290459951731));
#3025=CARTESIAN_POINT('Origin',(11.,-46.5759487696453,-56.4290459951731));
#3026=CARTESIAN_POINT('',(7.,-44.6440971170672,-56.9466840853782));
#3027=CARTESIAN_POINT('Origin',(7.,-43.6088209366571,-53.0829807802219));
#3028=CARTESIAN_POINT('',(8.6,-43.6088209366571,-53.0829807802219));
#3029=CARTESIAN_POINT('Origin',(7.,-43.6088209366571,-53.0829807802219));
#3030=CARTESIAN_POINT('Origin',(7.,-43.6088209366571,-53.0829807802219));
#3031=CARTESIAN_POINT('',(8.6,-43.6088209366571,-53.0829807802219));
#3032=CARTESIAN_POINT('',(0.,0.,0.));
#3033=UNCERTAINTY_MEASURE_WITH_UNIT(LENGTH_MEASURE(0.01),#3039,
'DISTANCE_ACCURACY_VALUE',
'Maximum model space distance between geometric entities at asserted c
onnectivities');
#3034=UNCERTAINTY_MEASURE_WITH_UNIT(LENGTH_MEASURE(0.01),#3039,
'DISTANCE_ACCURACY_VALUE',
'Maximum model space distance between geometric entities at asserted c
onnectivities');
#3035=UNCERTAINTY_MEASURE_WITH_UNIT(LENGTH_MEASURE(0.01),#3039,
'DISTANCE_ACCURACY_VALUE',
'Maximum model space distance between geometric entities at asserted c
onnectivities');
#3036=(
GEOMETRIC_REPRESENTATION_CONTEXT(3)
GLOBAL_UNCERTAINTY_ASSIGNED_CONTEXT((#3033))
GLOBAL_UNIT_ASSIGNED_CONTEXT((#3039,#3040,#3041))
REPRESENTATION_CONTEXT('','3D')
);
#3037=(
GEOMETRIC_REPRESENTATION_CONTEXT(3)
GLOBAL_UNCERTAINTY_ASSIGNED_CONTEXT((#3034))
GLOBAL_UNIT_ASSIGNED_CONTEXT((#3039,#3040,#3041))
REPRESENTATION_CONTEXT('','3D')
);
#3038=(
GEOMETRIC_REPRESENTATION_CONTEXT(3)
GLOBAL_UNCERTAINTY_ASSIGNED_CONTEXT((#3035))
GLOBAL_UNIT_ASSIGNED_CONTEXT((#3039,#3040,#3041))
REPRESENTATION_CONTEXT('','3D')
);
#3039=(
LENGTH_UNIT()
NAMED_UNIT(*)
SI_UNIT(.MILLI.,.METRE.)
);
#3040=(
NAMED_UNIT(*)
PLANE_ANGLE_UNIT()
SI_UNIT($,.RADIAN.)
);
#3041=(
NAMED_UNIT(*)
SI_UNIT($,.STERADIAN.)
SOLID_ANGLE_UNIT()
);
#3042=SHAPE_DEFINITION_REPRESENTATION(#3044,#3047);
#3043=SHAPE_DEFINITION_REPRESENTATION(#3045,#3048);
#3044=PRODUCT_DEFINITION_SHAPE('',$,#3050);
#3045=PRODUCT_DEFINITION_SHAPE('',$,#3051);
#3046=PRODUCT_DEFINITION_SHAPE($,$,#14);
#3047=SHAPE_REPRESENTATION('',(#1559,#1718),#3036);
#3048=SHAPE_REPRESENTATION('',(#1560),#3037);
#3049=PRODUCT_DEFINITION_CONTEXT('part definition',#3057,'design');
#3050=PRODUCT_DEFINITION('Case Volume Mixer','Case Volume Mixer v44',#3052,
#3049);
#3051=PRODUCT_DEFINITION('bottom','bottom',#3053,#3049);
#3052=PRODUCT_DEFINITION_FORMATION('',$,#3059);
#3053=PRODUCT_DEFINITION_FORMATION('',$,#3060);
#3054=PRODUCT_RELATED_PRODUCT_CATEGORY('Case Volume Mixer v44',
'Case Volume Mixer v44',(#3059));
#3055=PRODUCT_RELATED_PRODUCT_CATEGORY('bottom','bottom',(#3060));
#3056=APPLICATION_PROTOCOL_DEFINITION('international standard',
'automotive_design',2009,#3057);
#3057=APPLICATION_CONTEXT(
'Core Data for Automotive Mechanical Design Process');
#3058=PRODUCT_CONTEXT('part definition',#3057,'mechanical');
#3059=PRODUCT('Case Volume Mixer','Case Volume Mixer v44',$,(#3058));
#3060=PRODUCT('bottom','bottom',$,(#3058));
#3061=PRESENTATION_STYLE_ASSIGNMENT((#3062));
#3062=SURFACE_STYLE_USAGE(.BOTH.,#3063);
#3063=SURFACE_SIDE_STYLE('',(#3064));
#3064=SURFACE_STYLE_FILL_AREA(#3065);
#3065=FILL_AREA_STYLE('Steel - Satin',(#3066));
#3066=FILL_AREA_STYLE_COLOUR('Steel - Satin',#3067);
#3067=COLOUR_RGB('Steel - Satin',0.627450980392157,0.627450980392157,0.627450980392157);
ENDSEC;
END-ISO-10303-21;
