ISO-10303-21;
HEADER;
/* Generated by software containing ST-Developer
 * from STEP Tools, Inc. (www.steptools.com) 
 */

FILE_DESCRIPTION(
/* description */ (''),
/* implementation_level */ '2;1');

FILE_NAME(
/* name */ 'TOP CASE V2.step',
/* time_stamp */ '2025-12-10T17:19:34+01:00',
/* author */ (''),
/* organization */ (''),
/* preprocessor_version */ 'ST-DEVELOPER v20.1',
/* originating_system */ 'Autodesk Translation Framework v14.21.0.0',
/* authorisation */ '');

FILE_SCHEMA (('AUTOMOTIVE_DESIGN { 1 0 10303 214 3 1 1 }'));
ENDSEC;

DATA;
#10=MECHANICAL_DESIGN_GEOMETRIC_PRESENTATION_REPRESENTATION('',(#13),#8839);
#11=SHAPE_REPRESENTATION_RELATIONSHIP('SRR','None',#8845,#12);
#12=ADVANCED_BREP_SHAPE_REPRESENTATION('',(#14),#8838);
#13=STYLED_ITEM('',(#8854),#14);
#14=MANIFOLD_SOLID_BREP('Body1',#5458);
#15=FACE_BOUND('',#531,.T.);
#16=FACE_BOUND('',#532,.T.);
#17=FACE_BOUND('',#533,.T.);
#18=FACE_BOUND('',#534,.T.);
#19=FACE_BOUND('',#535,.T.);
#20=FACE_BOUND('',#536,.T.);
#21=FACE_BOUND('',#537,.T.);
#22=FACE_BOUND('',#538,.T.);
#23=FACE_BOUND('',#539,.T.);
#24=FACE_BOUND('',#540,.T.);
#25=FACE_BOUND('',#541,.T.);
#26=FACE_BOUND('',#542,.T.);
#27=FACE_BOUND('',#543,.T.);
#28=FACE_BOUND('',#544,.T.);
#29=FACE_BOUND('',#545,.T.);
#30=FACE_BOUND('',#546,.T.);
#31=FACE_BOUND('',#547,.T.);
#32=FACE_BOUND('',#548,.T.);
#33=FACE_BOUND('',#549,.T.);
#34=FACE_BOUND('',#552,.T.);
#35=FACE_BOUND('',#553,.T.);
#36=FACE_BOUND('',#554,.T.);
#37=FACE_BOUND('',#557,.T.);
#38=FACE_BOUND('',#558,.T.);
#39=FACE_BOUND('',#559,.T.);
#40=FACE_BOUND('',#560,.T.);
#41=FACE_BOUND('',#561,.T.);
#42=FACE_BOUND('',#624,.T.);
#43=FACE_BOUND('',#625,.T.);
#44=FACE_BOUND('',#626,.T.);
#45=FACE_BOUND('',#627,.T.);
#46=FACE_BOUND('',#628,.T.);
#47=FACE_BOUND('',#629,.T.);
#48=FACE_BOUND('',#630,.T.);
#49=FACE_BOUND('',#631,.T.);
#50=FACE_BOUND('',#632,.T.);
#51=FACE_BOUND('',#633,.T.);
#52=FACE_BOUND('',#640,.T.);
#53=FACE_BOUND('',#644,.T.);
#54=FACE_BOUND('',#649,.T.);
#55=FACE_BOUND('',#655,.T.);
#56=FACE_BOUND('',#661,.T.);
#57=FACE_BOUND('',#687,.T.);
#58=FACE_BOUND('',#693,.T.);
#59=FACE_BOUND('',#700,.T.);
#60=FACE_BOUND('',#707,.T.);
#61=FACE_BOUND('',#726,.T.);
#62=FACE_BOUND('',#744,.T.);
#63=FACE_BOUND('',#762,.T.);
#64=FACE_BOUND('',#780,.T.);
#65=FACE_BOUND('',#798,.T.);
#66=FACE_BOUND('',#821,.T.);
#67=FACE_BOUND('',#822,.T.);
#68=FACE_BOUND('',#823,.T.);
#69=FACE_BOUND('',#824,.T.);
#70=FACE_BOUND('',#836,.T.);
#71=FACE_BOUND('',#840,.T.);
#72=FACE_BOUND('',#844,.T.);
#73=FACE_BOUND('',#848,.T.);
#74=FACE_BOUND('',#853,.T.);
#75=CIRCLE('',#5462,3.25);
#76=CIRCLE('',#5463,3.25);
#77=CIRCLE('',#5467,2.7);
#78=CIRCLE('',#5468,2.7);
#79=CIRCLE('',#5471,3.5903);
#80=CIRCLE('',#5472,3.5903);
#81=CIRCLE('',#5474,3.5903);
#82=CIRCLE('',#5475,3.5903);
#83=CIRCLE('',#5476,3.5903);
#84=CIRCLE('',#5477,2.5);
#85=CIRCLE('',#5478,2.5);
#86=CIRCLE('',#5479,2.5);
#87=CIRCLE('',#5480,2.5);
#88=CIRCLE('',#5481,0.750000000000002);
#89=CIRCLE('',#5482,0.750000000000002);
#90=CIRCLE('',#5483,0.750000000000002);
#91=CIRCLE('',#5484,0.750000000000002);
#92=CIRCLE('',#5485,0.750000000000002);
#93=CIRCLE('',#5488,2.25);
#94=CIRCLE('',#5490,3.5903);
#95=CIRCLE('',#5492,3.5903);
#96=CIRCLE('',#5493,3.5903);
#97=CIRCLE('',#5494,1.25);
#98=CIRCLE('',#5495,1.25);
#99=CIRCLE('',#5496,1.25);
#100=CIRCLE('',#5497,1.25);
#101=CIRCLE('',#5498,1.999999252925);
#102=CIRCLE('',#5499,1.99999925293015);
#103=CIRCLE('',#5500,1.99999998497418);
#104=CIRCLE('',#5501,1.99999925292514);
#105=CIRCLE('',#5514,1.99999925292514);
#106=CIRCLE('',#5516,1.99999925293015);
#107=CIRCLE('',#5521,1.99999998497418);
#108=CIRCLE('',#5530,1.25);
#109=CIRCLE('',#5532,1.999999252925);
#110=CIRCLE('',#5534,0.750000000000002);
#111=CIRCLE('',#5536,0.750000000000002);
#112=CIRCLE('',#5538,0.750000000000002);
#113=CIRCLE('',#5540,0.750000000000002);
#114=CIRCLE('',#5542,0.750000000000002);
#115=CIRCLE('',#5574,4.00000000000014);
#116=CIRCLE('',#5575,4.00000000000009);
#117=CIRCLE('',#5576,3.38221488050847);
#118=CIRCLE('',#5577,3.00247096101796);
#119=CIRCLE('',#5578,8.496580529689);
#120=CIRCLE('',#5579,3.00247102801497);
#121=CIRCLE('',#5580,8.498352884303);
#122=CIRCLE('',#5581,3.00247096101796);
#123=CIRCLE('',#5582,3.38221488050847);
#124=CIRCLE('',#5583,3.99999999999999);
#125=CIRCLE('',#5584,8.496580529689);
#126=CIRCLE('',#5585,3.00247102801497);
#127=CIRCLE('',#5586,8.498352884303);
#128=CIRCLE('',#5587,3.00247096101796);
#129=CIRCLE('',#5588,8.496580529689);
#130=CIRCLE('',#5589,3.00247102801497);
#131=CIRCLE('',#5590,8.498352884303);
#132=CIRCLE('',#5591,3.00247096101796);
#133=CIRCLE('',#5592,8.496580529689);
#134=CIRCLE('',#5593,3.00247102801497);
#135=CIRCLE('',#5594,8.498352884303);
#136=CIRCLE('',#5595,3.00247096101796);
#137=CIRCLE('',#5596,8.496580529689);
#138=CIRCLE('',#5597,3.00247102801497);
#139=CIRCLE('',#5598,8.498352884303);
#140=CIRCLE('',#5599,3.00247096101796);
#141=CIRCLE('',#5644,1.75);
#142=CIRCLE('',#5645,1.75);
#143=CIRCLE('',#5649,4.00000000000014);
#144=CIRCLE('',#5652,1.75);
#145=CIRCLE('',#5653,1.75);
#146=CIRCLE('',#5657,3.99999999999999);
#147=CIRCLE('',#5661,1.75);
#148=CIRCLE('',#5662,1.75);
#149=CIRCLE('',#5666,4.00000000000009);
#150=CIRCLE('',#5670,1.75);
#151=CIRCLE('',#5671,1.75);
#152=CIRCLE('',#5675,3.38221488050847);
#153=CIRCLE('',#5681,3.00247096101796);
#154=CIRCLE('',#5686,8.498352884303);
#155=CIRCLE('',#5691,3.00247102801497);
#156=CIRCLE('',#5696,8.496580529689);
#157=CIRCLE('',#5702,3.00247096101796);
#158=CIRCLE('',#5707,8.498352884303);
#159=CIRCLE('',#5712,3.00247102801497);
#160=CIRCLE('',#5717,8.496580529689);
#161=CIRCLE('',#5723,3.00247096101796);
#162=CIRCLE('',#5728,8.498352884303);
#163=CIRCLE('',#5733,3.00247102801497);
#164=CIRCLE('',#5738,8.496580529689);
#165=CIRCLE('',#5744,3.00247096101796);
#166=CIRCLE('',#5749,8.498352884303);
#167=CIRCLE('',#5754,3.00247102801497);
#168=CIRCLE('',#5759,8.496580529689);
#169=CIRCLE('',#5765,3.00247096101796);
#170=CIRCLE('',#5770,8.498352884303);
#171=CIRCLE('',#5775,3.00247102801497);
#172=CIRCLE('',#5780,8.496580529689);
#173=CIRCLE('',#5805,2.25);
#174=CIRCLE('',#5806,4.40000000000001);
#175=CIRCLE('',#5807,2.255);
#176=CIRCLE('',#5808,2.255);
#177=CIRCLE('',#5809,2.255);
#178=CIRCLE('',#5810,2.255);
#179=CIRCLE('',#5814,2.255);
#180=CIRCLE('',#5817,2.255);
#181=CIRCLE('',#5820,2.255);
#182=CIRCLE('',#5823,2.255);
#183=CIRCLE('',#5826,2.5);
#184=CIRCLE('',#5827,1.25);
#185=CIRCLE('',#5831,2.5);
#186=CIRCLE('',#5832,1.25);
#187=CIRCLE('',#5836,2.5);
#188=CIRCLE('',#5837,1.25);
#189=CIRCLE('',#5841,2.5);
#190=CIRCLE('',#5845,4.40000000000001);
#191=CYLINDRICAL_SURFACE('',#5461,3.25);
#192=CYLINDRICAL_SURFACE('',#5466,2.7);
#193=CYLINDRICAL_SURFACE('',#5470,3.5903);
#194=CYLINDRICAL_SURFACE('',#5489,3.5903);
#195=CYLINDRICAL_SURFACE('',#5503,3.5903);
#196=CYLINDRICAL_SURFACE('',#5505,3.5903);
#197=CYLINDRICAL_SURFACE('',#5513,1.99999925292514);
#198=CYLINDRICAL_SURFACE('',#5515,1.99999925293015);
#199=CYLINDRICAL_SURFACE('',#5520,1.99999998497418);
#200=CYLINDRICAL_SURFACE('',#5529,1.25);
#201=CYLINDRICAL_SURFACE('',#5531,1.999999252925);
#202=CYLINDRICAL_SURFACE('',#5533,0.750000000000002);
#203=CYLINDRICAL_SURFACE('',#5535,0.750000000000002);
#204=CYLINDRICAL_SURFACE('',#5537,0.750000000000002);
#205=CYLINDRICAL_SURFACE('',#5539,0.750000000000002);
#206=CYLINDRICAL_SURFACE('',#5541,0.750000000000002);
#207=CYLINDRICAL_SURFACE('',#5643,1.75);
#208=CYLINDRICAL_SURFACE('',#5648,4.00000000000014);
#209=CYLINDRICAL_SURFACE('',#5651,1.75);
#210=CYLINDRICAL_SURFACE('',#5656,3.99999999999999);
#211=CYLINDRICAL_SURFACE('',#5660,1.75);
#212=CYLINDRICAL_SURFACE('',#5665,4.00000000000009);
#213=CYLINDRICAL_SURFACE('',#5669,1.75);
#214=CYLINDRICAL_SURFACE('',#5674,3.38221488050847);
#215=CYLINDRICAL_SURFACE('',#5680,3.00247096101796);
#216=CYLINDRICAL_SURFACE('',#5685,8.498352884303);
#217=CYLINDRICAL_SURFACE('',#5690,3.00247102801497);
#218=CYLINDRICAL_SURFACE('',#5695,8.496580529689);
#219=CYLINDRICAL_SURFACE('',#5701,3.00247096101796);
#220=CYLINDRICAL_SURFACE('',#5706,8.498352884303);
#221=CYLINDRICAL_SURFACE('',#5711,3.00247102801497);
#222=CYLINDRICAL_SURFACE('',#5716,8.496580529689);
#223=CYLINDRICAL_SURFACE('',#5722,3.00247096101796);
#224=CYLINDRICAL_SURFACE('',#5727,8.498352884303);
#225=CYLINDRICAL_SURFACE('',#5732,3.00247102801497);
#226=CYLINDRICAL_SURFACE('',#5737,8.496580529689);
#227=CYLINDRICAL_SURFACE('',#5743,3.00247096101796);
#228=CYLINDRICAL_SURFACE('',#5748,8.498352884303);
#229=CYLINDRICAL_SURFACE('',#5753,3.00247102801497);
#230=CYLINDRICAL_SURFACE('',#5758,8.496580529689);
#231=CYLINDRICAL_SURFACE('',#5764,3.00247096101796);
#232=CYLINDRICAL_SURFACE('',#5769,8.498352884303);
#233=CYLINDRICAL_SURFACE('',#5774,3.00247102801497);
#234=CYLINDRICAL_SURFACE('',#5779,8.496580529689);
#235=CYLINDRICAL_SURFACE('',#5813,2.255);
#236=CYLINDRICAL_SURFACE('',#5816,2.255);
#237=CYLINDRICAL_SURFACE('',#5819,2.255);
#238=CYLINDRICAL_SURFACE('',#5822,2.255);
#239=CYLINDRICAL_SURFACE('',#5828,2.5);
#240=CYLINDRICAL_SURFACE('',#5829,1.25);
#241=CYLINDRICAL_SURFACE('',#5833,2.5);
#242=CYLINDRICAL_SURFACE('',#5834,1.25);
#243=CYLINDRICAL_SURFACE('',#5838,2.5);
#244=CYLINDRICAL_SURFACE('',#5839,1.25);
#245=CYLINDRICAL_SURFACE('',#5842,2.5);
#246=CYLINDRICAL_SURFACE('',#5844,4.40000000000001);
#247=CYLINDRICAL_SURFACE('',#5848,2.25);
#248=FACE_OUTER_BOUND('',#523,.T.);
#249=FACE_OUTER_BOUND('',#524,.T.);
#250=FACE_OUTER_BOUND('',#525,.T.);
#251=FACE_OUTER_BOUND('',#526,.T.);
#252=FACE_OUTER_BOUND('',#527,.T.);
#253=FACE_OUTER_BOUND('',#528,.T.);
#254=FACE_OUTER_BOUND('',#529,.T.);
#255=FACE_OUTER_BOUND('',#530,.T.);
#256=FACE_OUTER_BOUND('',#550,.T.);
#257=FACE_OUTER_BOUND('',#551,.T.);
#258=FACE_OUTER_BOUND('',#555,.T.);
#259=FACE_OUTER_BOUND('',#556,.T.);
#260=FACE_OUTER_BOUND('',#562,.T.);
#261=FACE_OUTER_BOUND('',#563,.T.);
#262=FACE_OUTER_BOUND('',#564,.T.);
#263=FACE_OUTER_BOUND('',#565,.T.);
#264=FACE_OUTER_BOUND('',#566,.T.);
#265=FACE_OUTER_BOUND('',#567,.T.);
#266=FACE_OUTER_BOUND('',#568,.T.);
#267=FACE_OUTER_BOUND('',#569,.T.);
#268=FACE_OUTER_BOUND('',#570,.T.);
#269=FACE_OUTER_BOUND('',#571,.T.);
#270=FACE_OUTER_BOUND('',#572,.T.);
#271=FACE_OUTER_BOUND('',#573,.T.);
#272=FACE_OUTER_BOUND('',#574,.T.);
#273=FACE_OUTER_BOUND('',#575,.T.);
#274=FACE_OUTER_BOUND('',#576,.T.);
#275=FACE_OUTER_BOUND('',#577,.T.);
#276=FACE_OUTER_BOUND('',#578,.T.);
#277=FACE_OUTER_BOUND('',#579,.T.);
#278=FACE_OUTER_BOUND('',#580,.T.);
#279=FACE_OUTER_BOUND('',#581,.T.);
#280=FACE_OUTER_BOUND('',#582,.T.);
#281=FACE_OUTER_BOUND('',#583,.T.);
#282=FACE_OUTER_BOUND('',#584,.T.);
#283=FACE_OUTER_BOUND('',#585,.T.);
#284=FACE_OUTER_BOUND('',#586,.T.);
#285=FACE_OUTER_BOUND('',#587,.T.);
#286=FACE_OUTER_BOUND('',#588,.T.);
#287=FACE_OUTER_BOUND('',#589,.T.);
#288=FACE_OUTER_BOUND('',#590,.T.);
#289=FACE_OUTER_BOUND('',#591,.T.);
#290=FACE_OUTER_BOUND('',#592,.T.);
#291=FACE_OUTER_BOUND('',#593,.T.);
#292=FACE_OUTER_BOUND('',#594,.T.);
#293=FACE_OUTER_BOUND('',#595,.T.);
#294=FACE_OUTER_BOUND('',#596,.T.);
#295=FACE_OUTER_BOUND('',#597,.T.);
#296=FACE_OUTER_BOUND('',#598,.T.);
#297=FACE_OUTER_BOUND('',#599,.T.);
#298=FACE_OUTER_BOUND('',#600,.T.);
#299=FACE_OUTER_BOUND('',#601,.T.);
#300=FACE_OUTER_BOUND('',#602,.T.);
#301=FACE_OUTER_BOUND('',#603,.T.);
#302=FACE_OUTER_BOUND('',#604,.T.);
#303=FACE_OUTER_BOUND('',#605,.T.);
#304=FACE_OUTER_BOUND('',#606,.T.);
#305=FACE_OUTER_BOUND('',#607,.T.);
#306=FACE_OUTER_BOUND('',#608,.T.);
#307=FACE_OUTER_BOUND('',#609,.T.);
#308=FACE_OUTER_BOUND('',#610,.T.);
#309=FACE_OUTER_BOUND('',#611,.T.);
#310=FACE_OUTER_BOUND('',#612,.T.);
#311=FACE_OUTER_BOUND('',#613,.T.);
#312=FACE_OUTER_BOUND('',#614,.T.);
#313=FACE_OUTER_BOUND('',#615,.T.);
#314=FACE_OUTER_BOUND('',#616,.T.);
#315=FACE_OUTER_BOUND('',#617,.T.);
#316=FACE_OUTER_BOUND('',#618,.T.);
#317=FACE_OUTER_BOUND('',#619,.T.);
#318=FACE_OUTER_BOUND('',#620,.T.);
#319=FACE_OUTER_BOUND('',#621,.T.);
#320=FACE_OUTER_BOUND('',#622,.T.);
#321=FACE_OUTER_BOUND('',#623,.T.);
#322=FACE_OUTER_BOUND('',#634,.T.);
#323=FACE_OUTER_BOUND('',#635,.T.);
#324=FACE_OUTER_BOUND('',#636,.T.);
#325=FACE_OUTER_BOUND('',#637,.T.);
#326=FACE_OUTER_BOUND('',#638,.T.);
#327=FACE_OUTER_BOUND('',#639,.T.);
#328=FACE_OUTER_BOUND('',#641,.T.);
#329=FACE_OUTER_BOUND('',#642,.T.);
#330=FACE_OUTER_BOUND('',#643,.T.);
#331=FACE_OUTER_BOUND('',#645,.T.);
#332=FACE_OUTER_BOUND('',#646,.T.);
#333=FACE_OUTER_BOUND('',#647,.T.);
#334=FACE_OUTER_BOUND('',#648,.T.);
#335=FACE_OUTER_BOUND('',#650,.T.);
#336=FACE_OUTER_BOUND('',#651,.T.);
#337=FACE_OUTER_BOUND('',#652,.T.);
#338=FACE_OUTER_BOUND('',#653,.T.);
#339=FACE_OUTER_BOUND('',#654,.T.);
#340=FACE_OUTER_BOUND('',#656,.T.);
#341=FACE_OUTER_BOUND('',#657,.T.);
#342=FACE_OUTER_BOUND('',#658,.T.);
#343=FACE_OUTER_BOUND('',#659,.T.);
#344=FACE_OUTER_BOUND('',#660,.T.);
#345=FACE_OUTER_BOUND('',#662,.T.);
#346=FACE_OUTER_BOUND('',#663,.T.);
#347=FACE_OUTER_BOUND('',#664,.T.);
#348=FACE_OUTER_BOUND('',#665,.T.);
#349=FACE_OUTER_BOUND('',#666,.T.);
#350=FACE_OUTER_BOUND('',#667,.T.);
#351=FACE_OUTER_BOUND('',#668,.T.);
#352=FACE_OUTER_BOUND('',#669,.T.);
#353=FACE_OUTER_BOUND('',#670,.T.);
#354=FACE_OUTER_BOUND('',#671,.T.);
#355=FACE_OUTER_BOUND('',#672,.T.);
#356=FACE_OUTER_BOUND('',#673,.T.);
#357=FACE_OUTER_BOUND('',#674,.T.);
#358=FACE_OUTER_BOUND('',#675,.T.);
#359=FACE_OUTER_BOUND('',#676,.T.);
#360=FACE_OUTER_BOUND('',#677,.T.);
#361=FACE_OUTER_BOUND('',#678,.T.);
#362=FACE_OUTER_BOUND('',#679,.T.);
#363=FACE_OUTER_BOUND('',#680,.T.);
#364=FACE_OUTER_BOUND('',#681,.T.);
#365=FACE_OUTER_BOUND('',#682,.T.);
#366=FACE_OUTER_BOUND('',#683,.T.);
#367=FACE_OUTER_BOUND('',#684,.T.);
#368=FACE_OUTER_BOUND('',#685,.T.);
#369=FACE_OUTER_BOUND('',#686,.T.);
#370=FACE_OUTER_BOUND('',#688,.T.);
#371=FACE_OUTER_BOUND('',#689,.T.);
#372=FACE_OUTER_BOUND('',#690,.T.);
#373=FACE_OUTER_BOUND('',#691,.T.);
#374=FACE_OUTER_BOUND('',#692,.T.);
#375=FACE_OUTER_BOUND('',#694,.T.);
#376=FACE_OUTER_BOUND('',#695,.T.);
#377=FACE_OUTER_BOUND('',#696,.T.);
#378=FACE_OUTER_BOUND('',#697,.T.);
#379=FACE_OUTER_BOUND('',#698,.T.);
#380=FACE_OUTER_BOUND('',#699,.T.);
#381=FACE_OUTER_BOUND('',#701,.T.);
#382=FACE_OUTER_BOUND('',#702,.T.);
#383=FACE_OUTER_BOUND('',#703,.T.);
#384=FACE_OUTER_BOUND('',#704,.T.);
#385=FACE_OUTER_BOUND('',#705,.T.);
#386=FACE_OUTER_BOUND('',#706,.T.);
#387=FACE_OUTER_BOUND('',#708,.T.);
#388=FACE_OUTER_BOUND('',#709,.T.);
#389=FACE_OUTER_BOUND('',#710,.T.);
#390=FACE_OUTER_BOUND('',#711,.T.);
#391=FACE_OUTER_BOUND('',#712,.T.);
#392=FACE_OUTER_BOUND('',#713,.T.);
#393=FACE_OUTER_BOUND('',#714,.T.);
#394=FACE_OUTER_BOUND('',#715,.T.);
#395=FACE_OUTER_BOUND('',#716,.T.);
#396=FACE_OUTER_BOUND('',#717,.T.);
#397=FACE_OUTER_BOUND('',#718,.T.);
#398=FACE_OUTER_BOUND('',#719,.T.);
#399=FACE_OUTER_BOUND('',#720,.T.);
#400=FACE_OUTER_BOUND('',#721,.T.);
#401=FACE_OUTER_BOUND('',#722,.T.);
#402=FACE_OUTER_BOUND('',#723,.T.);
#403=FACE_OUTER_BOUND('',#724,.T.);
#404=FACE_OUTER_BOUND('',#725,.T.);
#405=FACE_OUTER_BOUND('',#727,.T.);
#406=FACE_OUTER_BOUND('',#728,.T.);
#407=FACE_OUTER_BOUND('',#729,.T.);
#408=FACE_OUTER_BOUND('',#730,.T.);
#409=FACE_OUTER_BOUND('',#731,.T.);
#410=FACE_OUTER_BOUND('',#732,.T.);
#411=FACE_OUTER_BOUND('',#733,.T.);
#412=FACE_OUTER_BOUND('',#734,.T.);
#413=FACE_OUTER_BOUND('',#735,.T.);
#414=FACE_OUTER_BOUND('',#736,.T.);
#415=FACE_OUTER_BOUND('',#737,.T.);
#416=FACE_OUTER_BOUND('',#738,.T.);
#417=FACE_OUTER_BOUND('',#739,.T.);
#418=FACE_OUTER_BOUND('',#740,.T.);
#419=FACE_OUTER_BOUND('',#741,.T.);
#420=FACE_OUTER_BOUND('',#742,.T.);
#421=FACE_OUTER_BOUND('',#743,.T.);
#422=FACE_OUTER_BOUND('',#745,.T.);
#423=FACE_OUTER_BOUND('',#746,.T.);
#424=FACE_OUTER_BOUND('',#747,.T.);
#425=FACE_OUTER_BOUND('',#748,.T.);
#426=FACE_OUTER_BOUND('',#749,.T.);
#427=FACE_OUTER_BOUND('',#750,.T.);
#428=FACE_OUTER_BOUND('',#751,.T.);
#429=FACE_OUTER_BOUND('',#752,.T.);
#430=FACE_OUTER_BOUND('',#753,.T.);
#431=FACE_OUTER_BOUND('',#754,.T.);
#432=FACE_OUTER_BOUND('',#755,.T.);
#433=FACE_OUTER_BOUND('',#756,.T.);
#434=FACE_OUTER_BOUND('',#757,.T.);
#435=FACE_OUTER_BOUND('',#758,.T.);
#436=FACE_OUTER_BOUND('',#759,.T.);
#437=FACE_OUTER_BOUND('',#760,.T.);
#438=FACE_OUTER_BOUND('',#761,.T.);
#439=FACE_OUTER_BOUND('',#763,.T.);
#440=FACE_OUTER_BOUND('',#764,.T.);
#441=FACE_OUTER_BOUND('',#765,.T.);
#442=FACE_OUTER_BOUND('',#766,.T.);
#443=FACE_OUTER_BOUND('',#767,.T.);
#444=FACE_OUTER_BOUND('',#768,.T.);
#445=FACE_OUTER_BOUND('',#769,.T.);
#446=FACE_OUTER_BOUND('',#770,.T.);
#447=FACE_OUTER_BOUND('',#771,.T.);
#448=FACE_OUTER_BOUND('',#772,.T.);
#449=FACE_OUTER_BOUND('',#773,.T.);
#450=FACE_OUTER_BOUND('',#774,.T.);
#451=FACE_OUTER_BOUND('',#775,.T.);
#452=FACE_OUTER_BOUND('',#776,.T.);
#453=FACE_OUTER_BOUND('',#777,.T.);
#454=FACE_OUTER_BOUND('',#778,.T.);
#455=FACE_OUTER_BOUND('',#779,.T.);
#456=FACE_OUTER_BOUND('',#781,.T.);
#457=FACE_OUTER_BOUND('',#782,.T.);
#458=FACE_OUTER_BOUND('',#783,.T.);
#459=FACE_OUTER_BOUND('',#784,.T.);
#460=FACE_OUTER_BOUND('',#785,.T.);
#461=FACE_OUTER_BOUND('',#786,.T.);
#462=FACE_OUTER_BOUND('',#787,.T.);
#463=FACE_OUTER_BOUND('',#788,.T.);
#464=FACE_OUTER_BOUND('',#789,.T.);
#465=FACE_OUTER_BOUND('',#790,.T.);
#466=FACE_OUTER_BOUND('',#791,.T.);
#467=FACE_OUTER_BOUND('',#792,.T.);
#468=FACE_OUTER_BOUND('',#793,.T.);
#469=FACE_OUTER_BOUND('',#794,.T.);
#470=FACE_OUTER_BOUND('',#795,.T.);
#471=FACE_OUTER_BOUND('',#796,.T.);
#472=FACE_OUTER_BOUND('',#797,.T.);
#473=FACE_OUTER_BOUND('',#799,.T.);
#474=FACE_OUTER_BOUND('',#800,.T.);
#475=FACE_OUTER_BOUND('',#801,.T.);
#476=FACE_OUTER_BOUND('',#802,.T.);
#477=FACE_OUTER_BOUND('',#803,.T.);
#478=FACE_OUTER_BOUND('',#804,.T.);
#479=FACE_OUTER_BOUND('',#805,.T.);
#480=FACE_OUTER_BOUND('',#806,.T.);
#481=FACE_OUTER_BOUND('',#807,.T.);
#482=FACE_OUTER_BOUND('',#808,.T.);
#483=FACE_OUTER_BOUND('',#809,.T.);
#484=FACE_OUTER_BOUND('',#810,.T.);
#485=FACE_OUTER_BOUND('',#811,.T.);
#486=FACE_OUTER_BOUND('',#812,.T.);
#487=FACE_OUTER_BOUND('',#813,.T.);
#488=FACE_OUTER_BOUND('',#814,.T.);
#489=FACE_OUTER_BOUND('',#815,.T.);
#490=FACE_OUTER_BOUND('',#816,.T.);
#491=FACE_OUTER_BOUND('',#817,.T.);
#492=FACE_OUTER_BOUND('',#818,.T.);
#493=FACE_OUTER_BOUND('',#819,.T.);
#494=FACE_OUTER_BOUND('',#820,.T.);
#495=FACE_OUTER_BOUND('',#825,.T.);
#496=FACE_OUTER_BOUND('',#826,.T.);
#497=FACE_OUTER_BOUND('',#827,.T.);
#498=FACE_OUTER_BOUND('',#828,.T.);
#499=FACE_OUTER_BOUND('',#829,.T.);
#500=FACE_OUTER_BOUND('',#830,.T.);
#501=FACE_OUTER_BOUND('',#831,.T.);
#502=FACE_OUTER_BOUND('',#832,.T.);
#503=FACE_OUTER_BOUND('',#833,.T.);
#504=FACE_OUTER_BOUND('',#834,.T.);
#505=FACE_OUTER_BOUND('',#835,.T.);
#506=FACE_OUTER_BOUND('',#837,.T.);
#507=FACE_OUTER_BOUND('',#838,.T.);
#508=FACE_OUTER_BOUND('',#839,.T.);
#509=FACE_OUTER_BOUND('',#841,.T.);
#510=FACE_OUTER_BOUND('',#842,.T.);
#511=FACE_OUTER_BOUND('',#843,.T.);
#512=FACE_OUTER_BOUND('',#845,.T.);
#513=FACE_OUTER_BOUND('',#846,.T.);
#514=FACE_OUTER_BOUND('',#847,.T.);
#515=FACE_OUTER_BOUND('',#849,.T.);
#516=FACE_OUTER_BOUND('',#850,.T.);
#517=FACE_OUTER_BOUND('',#851,.T.);
#518=FACE_OUTER_BOUND('',#852,.T.);
#519=FACE_OUTER_BOUND('',#854,.T.);
#520=FACE_OUTER_BOUND('',#855,.T.);
#521=FACE_OUTER_BOUND('',#856,.T.);
#522=FACE_OUTER_BOUND('',#857,.T.);
#523=EDGE_LOOP('',(#3433,#3434,#3435,#3436));
#524=EDGE_LOOP('',(#3437,#3438,#3439,#3440));
#525=EDGE_LOOP('',(#3441,#3442,#3443,#3444));
#526=EDGE_LOOP('',(#3445,#3446,#3447,#3448));
#527=EDGE_LOOP('',(#3449,#3450,#3451,#3452));
#528=EDGE_LOOP('',(#3453,#3454,#3455,#3456));
#529=EDGE_LOOP('',(#3457,#3458,#3459,#3460));
#530=EDGE_LOOP('',(#3461,#3462,#3463,#3464,#3465,#3466,#3467,#3468));
#531=EDGE_LOOP('',(#3469));
#532=EDGE_LOOP('',(#3470));
#533=EDGE_LOOP('',(#3471));
#534=EDGE_LOOP('',(#3472));
#535=EDGE_LOOP('',(#3473));
#536=EDGE_LOOP('',(#3474));
#537=EDGE_LOOP('',(#3475));
#538=EDGE_LOOP('',(#3476));
#539=EDGE_LOOP('',(#3477));
#540=EDGE_LOOP('',(#3478,#3479,#3480,#3481));
#541=EDGE_LOOP('',(#3482,#3483,#3484,#3485));
#542=EDGE_LOOP('',(#3486,#3487,#3488,#3489));
#543=EDGE_LOOP('',(#3490,#3491,#3492,#3493));
#544=EDGE_LOOP('',(#3494,#3495,#3496,#3497));
#545=EDGE_LOOP('',(#3498,#3499,#3500,#3501));
#546=EDGE_LOOP('',(#3502,#3503,#3504,#3505));
#547=EDGE_LOOP('',(#3506,#3507,#3508,#3509));
#548=EDGE_LOOP('',(#3510,#3511,#3512,#3513));
#549=EDGE_LOOP('',(#3514,#3515,#3516,#3517));
#550=EDGE_LOOP('',(#3518,#3519,#3520,#3521));
#551=EDGE_LOOP('',(#3522,#3523,#3524,#3525));
#552=EDGE_LOOP('',(#3526,#3527,#3528));
#553=EDGE_LOOP('',(#3529,#3530,#3531));
#554=EDGE_LOOP('',(#3532,#3533,#3534));
#555=EDGE_LOOP('',(#3535,#3536,#3537,#3538));
#556=EDGE_LOOP('',(#3539,#3540,#3541,#3542,#3543,#3544,#3545,#3546));
#557=EDGE_LOOP('',(#3547));
#558=EDGE_LOOP('',(#3548));
#559=EDGE_LOOP('',(#3549));
#560=EDGE_LOOP('',(#3550));
#561=EDGE_LOOP('',(#3551,#3552,#3553,#3554,#3555,#3556,#3557,#3558,#3559,
#3560,#3561,#3562,#3563,#3564,#3565,#3566,#3567,#3568,#3569,#3570));
#562=EDGE_LOOP('',(#3571,#3572,#3573,#3574));
#563=EDGE_LOOP('',(#3575,#3576,#3577,#3578));
#564=EDGE_LOOP('',(#3579,#3580,#3581,#3582));
#565=EDGE_LOOP('',(#3583,#3584,#3585,#3586));
#566=EDGE_LOOP('',(#3587,#3588,#3589,#3590));
#567=EDGE_LOOP('',(#3591,#3592,#3593,#3594));
#568=EDGE_LOOP('',(#3595,#3596,#3597,#3598));
#569=EDGE_LOOP('',(#3599,#3600,#3601,#3602));
#570=EDGE_LOOP('',(#3603,#3604,#3605,#3606));
#571=EDGE_LOOP('',(#3607,#3608,#3609,#3610));
#572=EDGE_LOOP('',(#3611,#3612,#3613,#3614));
#573=EDGE_LOOP('',(#3615,#3616,#3617,#3618));
#574=EDGE_LOOP('',(#3619,#3620,#3621,#3622));
#575=EDGE_LOOP('',(#3623,#3624,#3625,#3626,#3627,#3628,#3629,#3630,#3631,
#3632,#3633,#3634));
#576=EDGE_LOOP('',(#3635,#3636,#3637,#3638));
#577=EDGE_LOOP('',(#3639,#3640,#3641,#3642,#3643,#3644,#3645,#3646,#3647,
#3648,#3649,#3650));
#578=EDGE_LOOP('',(#3651,#3652,#3653,#3654));
#579=EDGE_LOOP('',(#3655,#3656,#3657,#3658));
#580=EDGE_LOOP('',(#3659,#3660,#3661,#3662));
#581=EDGE_LOOP('',(#3663,#3664,#3665,#3666));
#582=EDGE_LOOP('',(#3667,#3668,#3669,#3670));
#583=EDGE_LOOP('',(#3671,#3672,#3673,#3674));
#584=EDGE_LOOP('',(#3675,#3676,#3677,#3678));
#585=EDGE_LOOP('',(#3679,#3680,#3681,#3682));
#586=EDGE_LOOP('',(#3683,#3684,#3685,#3686));
#587=EDGE_LOOP('',(#3687,#3688,#3689,#3690));
#588=EDGE_LOOP('',(#3691,#3692,#3693,#3694));
#589=EDGE_LOOP('',(#3695,#3696,#3697,#3698));
#590=EDGE_LOOP('',(#3699,#3700,#3701,#3702));
#591=EDGE_LOOP('',(#3703,#3704,#3705,#3706));
#592=EDGE_LOOP('',(#3707,#3708,#3709,#3710));
#593=EDGE_LOOP('',(#3711,#3712,#3713,#3714));
#594=EDGE_LOOP('',(#3715,#3716,#3717,#3718));
#595=EDGE_LOOP('',(#3719,#3720,#3721,#3722));
#596=EDGE_LOOP('',(#3723,#3724,#3725,#3726));
#597=EDGE_LOOP('',(#3727,#3728,#3729,#3730));
#598=EDGE_LOOP('',(#3731,#3732,#3733,#3734));
#599=EDGE_LOOP('',(#3735,#3736,#3737,#3738,#3739,#3740,#3741,#3742,#3743,
#3744,#3745,#3746));
#600=EDGE_LOOP('',(#3747,#3748,#3749,#3750));
#601=EDGE_LOOP('',(#3751,#3752,#3753,#3754));
#602=EDGE_LOOP('',(#3755,#3756,#3757,#3758));
#603=EDGE_LOOP('',(#3759,#3760,#3761,#3762));
#604=EDGE_LOOP('',(#3763,#3764,#3765,#3766));
#605=EDGE_LOOP('',(#3767,#3768,#3769,#3770));
#606=EDGE_LOOP('',(#3771,#3772,#3773,#3774));
#607=EDGE_LOOP('',(#3775,#3776,#3777,#3778,#3779,#3780,#3781,#3782,#3783,
#3784,#3785,#3786));
#608=EDGE_LOOP('',(#3787,#3788,#3789,#3790));
#609=EDGE_LOOP('',(#3791,#3792,#3793,#3794));
#610=EDGE_LOOP('',(#3795,#3796,#3797,#3798));
#611=EDGE_LOOP('',(#3799,#3800,#3801,#3802));
#612=EDGE_LOOP('',(#3803,#3804,#3805,#3806));
#613=EDGE_LOOP('',(#3807,#3808,#3809,#3810));
#614=EDGE_LOOP('',(#3811,#3812,#3813,#3814));
#615=EDGE_LOOP('',(#3815,#3816,#3817,#3818,#3819,#3820,#3821,#3822,#3823,
#3824,#3825,#3826));
#616=EDGE_LOOP('',(#3827,#3828,#3829,#3830));
#617=EDGE_LOOP('',(#3831,#3832,#3833,#3834));
#618=EDGE_LOOP('',(#3835,#3836,#3837,#3838));
#619=EDGE_LOOP('',(#3839,#3840,#3841,#3842));
#620=EDGE_LOOP('',(#3843,#3844,#3845,#3846));
#621=EDGE_LOOP('',(#3847,#3848,#3849,#3850));
#622=EDGE_LOOP('',(#3851,#3852,#3853,#3854));
#623=EDGE_LOOP('',(#3855,#3856,#3857,#3858,#3859,#3860,#3861,#3862,#3863,
#3864,#3865,#3866,#3867,#3868,#3869,#3870,#3871,#3872,#3873,#3874,#3875,
#3876,#3877,#3878,#3879,#3880,#3881,#3882,#3883,#3884,#3885,#3886,#3887,
#3888));
#624=EDGE_LOOP('',(#3889,#3890,#3891,#3892,#3893,#3894,#3895,#3896,#3897,
#3898,#3899,#3900,#3901,#3902,#3903,#3904,#3905,#3906,#3907,#3908,#3909,
#3910,#3911,#3912,#3913,#3914,#3915,#3916,#3917,#3918,#3919,#3920,#3921,
#3922,#3923,#3924));
#625=EDGE_LOOP('',(#3925,#3926,#3927,#3928,#3929,#3930,#3931,#3932,#3933,
#3934,#3935,#3936,#3937,#3938,#3939,#3940));
#626=EDGE_LOOP('',(#3941,#3942,#3943,#3944,#3945,#3946,#3947,#3948,#3949,
#3950,#3951,#3952,#3953,#3954,#3955,#3956));
#627=EDGE_LOOP('',(#3957,#3958,#3959,#3960,#3961,#3962,#3963,#3964,#3965,
#3966,#3967,#3968,#3969,#3970,#3971,#3972));
#628=EDGE_LOOP('',(#3973,#3974,#3975,#3976,#3977,#3978,#3979,#3980,#3981,
#3982,#3983,#3984,#3985,#3986,#3987,#3988));
#629=EDGE_LOOP('',(#3989,#3990,#3991,#3992));
#630=EDGE_LOOP('',(#3993,#3994,#3995,#3996));
#631=EDGE_LOOP('',(#3997,#3998,#3999,#4000));
#632=EDGE_LOOP('',(#4001,#4002,#4003,#4004));
#633=EDGE_LOOP('',(#4005,#4006,#4007,#4008));
#634=EDGE_LOOP('',(#4009,#4010,#4011,#4012));
#635=EDGE_LOOP('',(#4013,#4014,#4015,#4016,#4017,#4018,#4019,#4020,#4021,
#4022,#4023,#4024));
#636=EDGE_LOOP('',(#4025,#4026,#4027,#4028));
#637=EDGE_LOOP('',(#4029,#4030,#4031,#4032));
#638=EDGE_LOOP('',(#4033,#4034,#4035,#4036,#4037,#4038,#4039,#4040,#4041,
#4042,#4043,#4044));
#639=EDGE_LOOP('',(#4045,#4046,#4047,#4048));
#640=EDGE_LOOP('',(#4049,#4050,#4051,#4052));
#641=EDGE_LOOP('',(#4053,#4054,#4055,#4056));
#642=EDGE_LOOP('',(#4057,#4058,#4059,#4060));
#643=EDGE_LOOP('',(#4061,#4062,#4063,#4064));
#644=EDGE_LOOP('',(#4065,#4066,#4067,#4068));
#645=EDGE_LOOP('',(#4069,#4070,#4071,#4072,#4073,#4074,#4075,#4076,#4077,
#4078,#4079,#4080));
#646=EDGE_LOOP('',(#4081,#4082,#4083,#4084));
#647=EDGE_LOOP('',(#4085,#4086,#4087,#4088));
#648=EDGE_LOOP('',(#4089,#4090,#4091,#4092));
#649=EDGE_LOOP('',(#4093,#4094,#4095,#4096));
#650=EDGE_LOOP('',(#4097,#4098,#4099,#4100));
#651=EDGE_LOOP('',(#4101,#4102,#4103,#4104,#4105,#4106,#4107,#4108,#4109,
#4110,#4111,#4112));
#652=EDGE_LOOP('',(#4113,#4114,#4115,#4116));
#653=EDGE_LOOP('',(#4117,#4118,#4119,#4120));
#654=EDGE_LOOP('',(#4121,#4122,#4123,#4124));
#655=EDGE_LOOP('',(#4125,#4126,#4127,#4128));
#656=EDGE_LOOP('',(#4129,#4130,#4131,#4132,#4133,#4134,#4135,#4136,#4137,
#4138,#4139,#4140));
#657=EDGE_LOOP('',(#4141,#4142,#4143,#4144));
#658=EDGE_LOOP('',(#4145,#4146,#4147,#4148));
#659=EDGE_LOOP('',(#4149,#4150,#4151,#4152));
#660=EDGE_LOOP('',(#4153,#4154,#4155,#4156));
#661=EDGE_LOOP('',(#4157,#4158,#4159,#4160));
#662=EDGE_LOOP('',(#4161,#4162,#4163,#4164));
#663=EDGE_LOOP('',(#4165,#4166,#4167,#4168));
#664=EDGE_LOOP('',(#4169,#4170,#4171,#4172));
#665=EDGE_LOOP('',(#4173,#4174,#4175,#4176));
#666=EDGE_LOOP('',(#4177,#4178,#4179,#4180));
#667=EDGE_LOOP('',(#4181,#4182,#4183,#4184));
#668=EDGE_LOOP('',(#4185,#4186,#4187,#4188));
#669=EDGE_LOOP('',(#4189,#4190,#4191,#4192));
#670=EDGE_LOOP('',(#4193,#4194,#4195,#4196));
#671=EDGE_LOOP('',(#4197,#4198,#4199,#4200));
#672=EDGE_LOOP('',(#4201,#4202,#4203,#4204));
#673=EDGE_LOOP('',(#4205,#4206,#4207,#4208));
#674=EDGE_LOOP('',(#4209,#4210,#4211,#4212));
#675=EDGE_LOOP('',(#4213,#4214,#4215,#4216));
#676=EDGE_LOOP('',(#4217,#4218,#4219,#4220));
#677=EDGE_LOOP('',(#4221,#4222,#4223,#4224));
#678=EDGE_LOOP('',(#4225,#4226,#4227,#4228));
#679=EDGE_LOOP('',(#4229,#4230,#4231,#4232));
#680=EDGE_LOOP('',(#4233,#4234,#4235,#4236));
#681=EDGE_LOOP('',(#4237,#4238,#4239,#4240));
#682=EDGE_LOOP('',(#4241,#4242,#4243,#4244));
#683=EDGE_LOOP('',(#4245,#4246,#4247,#4248));
#684=EDGE_LOOP('',(#4249,#4250,#4251,#4252));
#685=EDGE_LOOP('',(#4253,#4254,#4255,#4256));
#686=EDGE_LOOP('',(#4257,#4258,#4259,#4260,#4261,#4262));
#687=EDGE_LOOP('',(#4263));
#688=EDGE_LOOP('',(#4264,#4265,#4266,#4267));
#689=EDGE_LOOP('',(#4268,#4269,#4270,#4271));
#690=EDGE_LOOP('',(#4272,#4273,#4274,#4275));
#691=EDGE_LOOP('',(#4276,#4277,#4278,#4279));
#692=EDGE_LOOP('',(#4280,#4281,#4282,#4283,#4284,#4285));
#693=EDGE_LOOP('',(#4286));
#694=EDGE_LOOP('',(#4287));
#695=EDGE_LOOP('',(#4288,#4289,#4290,#4291));
#696=EDGE_LOOP('',(#4292,#4293,#4294,#4295));
#697=EDGE_LOOP('',(#4296,#4297,#4298,#4299));
#698=EDGE_LOOP('',(#4300,#4301,#4302,#4303));
#699=EDGE_LOOP('',(#4304,#4305,#4306,#4307,#4308,#4309));
#700=EDGE_LOOP('',(#4310));
#701=EDGE_LOOP('',(#4311));
#702=EDGE_LOOP('',(#4312,#4313,#4314,#4315));
#703=EDGE_LOOP('',(#4316,#4317,#4318,#4319));
#704=EDGE_LOOP('',(#4320,#4321,#4322,#4323));
#705=EDGE_LOOP('',(#4324,#4325,#4326,#4327,#4328));
#706=EDGE_LOOP('',(#4329,#4330,#4331,#4332,#4333,#4334));
#707=EDGE_LOOP('',(#4335));
#708=EDGE_LOOP('',(#4336));
#709=EDGE_LOOP('',(#4337,#4338,#4339,#4340));
#710=EDGE_LOOP('',(#4341,#4342,#4343,#4344));
#711=EDGE_LOOP('',(#4345,#4346,#4347,#4348));
#712=EDGE_LOOP('',(#4349,#4350,#4351,#4352));
#713=EDGE_LOOP('',(#4353,#4354,#4355,#4356));
#714=EDGE_LOOP('',(#4357,#4358,#4359,#4360));
#715=EDGE_LOOP('',(#4361,#4362,#4363,#4364));
#716=EDGE_LOOP('',(#4365,#4366,#4367,#4368));
#717=EDGE_LOOP('',(#4369,#4370,#4371,#4372));
#718=EDGE_LOOP('',(#4373,#4374,#4375,#4376));
#719=EDGE_LOOP('',(#4377,#4378,#4379,#4380));
#720=EDGE_LOOP('',(#4381,#4382,#4383,#4384));
#721=EDGE_LOOP('',(#4385,#4386,#4387,#4388));
#722=EDGE_LOOP('',(#4389,#4390,#4391,#4392));
#723=EDGE_LOOP('',(#4393,#4394,#4395,#4396));
#724=EDGE_LOOP('',(#4397,#4398,#4399,#4400));
#725=EDGE_LOOP('',(#4401,#4402,#4403,#4404,#4405,#4406,#4407,#4408,#4409,
#4410,#4411,#4412,#4413,#4414,#4415,#4416));
#726=EDGE_LOOP('',(#4417));
#727=EDGE_LOOP('',(#4418,#4419,#4420,#4421));
#728=EDGE_LOOP('',(#4422,#4423,#4424,#4425));
#729=EDGE_LOOP('',(#4426,#4427,#4428,#4429));
#730=EDGE_LOOP('',(#4430,#4431,#4432,#4433));
#731=EDGE_LOOP('',(#4434,#4435,#4436,#4437));
#732=EDGE_LOOP('',(#4438,#4439,#4440,#4441));
#733=EDGE_LOOP('',(#4442,#4443,#4444,#4445));
#734=EDGE_LOOP('',(#4446,#4447,#4448,#4449));
#735=EDGE_LOOP('',(#4450,#4451,#4452,#4453));
#736=EDGE_LOOP('',(#4454,#4455,#4456,#4457));
#737=EDGE_LOOP('',(#4458,#4459,#4460,#4461));
#738=EDGE_LOOP('',(#4462,#4463,#4464,#4465));
#739=EDGE_LOOP('',(#4466,#4467,#4468,#4469));
#740=EDGE_LOOP('',(#4470,#4471,#4472,#4473));
#741=EDGE_LOOP('',(#4474,#4475,#4476,#4477));
#742=EDGE_LOOP('',(#4478,#4479,#4480,#4481));
#743=EDGE_LOOP('',(#4482,#4483,#4484,#4485,#4486,#4487,#4488,#4489,#4490,
#4491,#4492,#4493,#4494,#4495,#4496,#4497));
#744=EDGE_LOOP('',(#4498));
#745=EDGE_LOOP('',(#4499,#4500,#4501,#4502));
#746=EDGE_LOOP('',(#4503,#4504,#4505,#4506));
#747=EDGE_LOOP('',(#4507,#4508,#4509,#4510));
#748=EDGE_LOOP('',(#4511,#4512,#4513,#4514));
#749=EDGE_LOOP('',(#4515,#4516,#4517,#4518));
#750=EDGE_LOOP('',(#4519,#4520,#4521,#4522));
#751=EDGE_LOOP('',(#4523,#4524,#4525,#4526));
#752=EDGE_LOOP('',(#4527,#4528,#4529,#4530));
#753=EDGE_LOOP('',(#4531,#4532,#4533,#4534));
#754=EDGE_LOOP('',(#4535,#4536,#4537,#4538));
#755=EDGE_LOOP('',(#4539,#4540,#4541,#4542));
#756=EDGE_LOOP('',(#4543,#4544,#4545,#4546));
#757=EDGE_LOOP('',(#4547,#4548,#4549,#4550));
#758=EDGE_LOOP('',(#4551,#4552,#4553,#4554));
#759=EDGE_LOOP('',(#4555,#4556,#4557,#4558));
#760=EDGE_LOOP('',(#4559,#4560,#4561,#4562));
#761=EDGE_LOOP('',(#4563,#4564,#4565,#4566,#4567,#4568,#4569,#4570,#4571,
#4572,#4573,#4574,#4575,#4576,#4577,#4578));
#762=EDGE_LOOP('',(#4579));
#763=EDGE_LOOP('',(#4580,#4581,#4582,#4583));
#764=EDGE_LOOP('',(#4584,#4585,#4586,#4587));
#765=EDGE_LOOP('',(#4588,#4589,#4590,#4591));
#766=EDGE_LOOP('',(#4592,#4593,#4594,#4595));
#767=EDGE_LOOP('',(#4596,#4597,#4598,#4599));
#768=EDGE_LOOP('',(#4600,#4601,#4602,#4603));
#769=EDGE_LOOP('',(#4604,#4605,#4606,#4607));
#770=EDGE_LOOP('',(#4608,#4609,#4610,#4611));
#771=EDGE_LOOP('',(#4612,#4613,#4614,#4615));
#772=EDGE_LOOP('',(#4616,#4617,#4618,#4619));
#773=EDGE_LOOP('',(#4620,#4621,#4622,#4623));
#774=EDGE_LOOP('',(#4624,#4625,#4626,#4627));
#775=EDGE_LOOP('',(#4628,#4629,#4630,#4631));
#776=EDGE_LOOP('',(#4632,#4633,#4634,#4635));
#777=EDGE_LOOP('',(#4636,#4637,#4638,#4639));
#778=EDGE_LOOP('',(#4640,#4641,#4642,#4643));
#779=EDGE_LOOP('',(#4644,#4645,#4646,#4647,#4648,#4649,#4650,#4651,#4652,
#4653,#4654,#4655,#4656,#4657,#4658,#4659));
#780=EDGE_LOOP('',(#4660));
#781=EDGE_LOOP('',(#4661,#4662,#4663,#4664));
#782=EDGE_LOOP('',(#4665,#4666,#4667,#4668));
#783=EDGE_LOOP('',(#4669,#4670,#4671,#4672,#4673));
#784=EDGE_LOOP('',(#4674,#4675,#4676,#4677));
#785=EDGE_LOOP('',(#4678,#4679,#4680,#4681));
#786=EDGE_LOOP('',(#4682,#4683,#4684,#4685));
#787=EDGE_LOOP('',(#4686,#4687,#4688,#4689));
#788=EDGE_LOOP('',(#4690,#4691,#4692,#4693));
#789=EDGE_LOOP('',(#4694,#4695,#4696,#4697));
#790=EDGE_LOOP('',(#4698,#4699,#4700,#4701));
#791=EDGE_LOOP('',(#4702,#4703,#4704,#4705));
#792=EDGE_LOOP('',(#4706,#4707,#4708,#4709));
#793=EDGE_LOOP('',(#4710,#4711,#4712,#4713));
#794=EDGE_LOOP('',(#4714,#4715,#4716,#4717));
#795=EDGE_LOOP('',(#4718,#4719,#4720,#4721));
#796=EDGE_LOOP('',(#4722,#4723,#4724,#4725));
#797=EDGE_LOOP('',(#4726,#4727,#4728,#4729,#4730,#4731,#4732,#4733,#4734,
#4735,#4736,#4737,#4738,#4739,#4740,#4741));
#798=EDGE_LOOP('',(#4742));
#799=EDGE_LOOP('',(#4743,#4744,#4745,#4746));
#800=EDGE_LOOP('',(#4747,#4748,#4749,#4750));
#801=EDGE_LOOP('',(#4751,#4752,#4753,#4754));
#802=EDGE_LOOP('',(#4755,#4756,#4757,#4758));
#803=EDGE_LOOP('',(#4759,#4760,#4761,#4762));
#804=EDGE_LOOP('',(#4763,#4764,#4765,#4766));
#805=EDGE_LOOP('',(#4767,#4768,#4769,#4770));
#806=EDGE_LOOP('',(#4771,#4772,#4773,#4774));
#807=EDGE_LOOP('',(#4775,#4776,#4777,#4778));
#808=EDGE_LOOP('',(#4779,#4780,#4781,#4782));
#809=EDGE_LOOP('',(#4783,#4784,#4785,#4786));
#810=EDGE_LOOP('',(#4787,#4788,#4789,#4790));
#811=EDGE_LOOP('',(#4791,#4792,#4793,#4794));
#812=EDGE_LOOP('',(#4795,#4796,#4797,#4798));
#813=EDGE_LOOP('',(#4799,#4800,#4801,#4802));
#814=EDGE_LOOP('',(#4803,#4804,#4805,#4806));
#815=EDGE_LOOP('',(#4807,#4808,#4809,#4810));
#816=EDGE_LOOP('',(#4811,#4812,#4813,#4814));
#817=EDGE_LOOP('',(#4815,#4816,#4817,#4818));
#818=EDGE_LOOP('',(#4819,#4820,#4821,#4822));
#819=EDGE_LOOP('',(#4823));
#820=EDGE_LOOP('',(#4824,#4825,#4826,#4827,#4828,#4829,#4830,#4831,#4832,
#4833));
#821=EDGE_LOOP('',(#4834,#4835,#4836));
#822=EDGE_LOOP('',(#4837,#4838,#4839));
#823=EDGE_LOOP('',(#4840,#4841));
#824=EDGE_LOOP('',(#4842,#4843,#4844,#4845,#4846,#4847,#4848,#4849));
#825=EDGE_LOOP('',(#4850,#4851,#4852,#4853));
#826=EDGE_LOOP('',(#4854,#4855,#4856,#4857));
#827=EDGE_LOOP('',(#4858,#4859,#4860,#4861));
#828=EDGE_LOOP('',(#4862,#4863,#4864,#4865));
#829=EDGE_LOOP('',(#4866,#4867,#4868,#4869));
#830=EDGE_LOOP('',(#4870,#4871,#4872,#4873));
#831=EDGE_LOOP('',(#4874,#4875,#4876,#4877));
#832=EDGE_LOOP('',(#4878,#4879,#4880,#4881));
#833=EDGE_LOOP('',(#4882,#4883,#4884,#4885));
#834=EDGE_LOOP('',(#4886,#4887,#4888,#4889,#4890,#4891,#4892,#4893));
#835=EDGE_LOOP('',(#4894));
#836=EDGE_LOOP('',(#4895));
#837=EDGE_LOOP('',(#4896,#4897,#4898,#4899));
#838=EDGE_LOOP('',(#4900,#4901,#4902,#4903));
#839=EDGE_LOOP('',(#4904));
#840=EDGE_LOOP('',(#4905));
#841=EDGE_LOOP('',(#4906,#4907,#4908,#4909));
#842=EDGE_LOOP('',(#4910,#4911,#4912,#4913));
#843=EDGE_LOOP('',(#4914));
#844=EDGE_LOOP('',(#4915));
#845=EDGE_LOOP('',(#4916,#4917,#4918,#4919));
#846=EDGE_LOOP('',(#4920,#4921,#4922,#4923));
#847=EDGE_LOOP('',(#4924));
#848=EDGE_LOOP('',(#4925));
#849=EDGE_LOOP('',(#4926,#4927,#4928,#4929));
#850=EDGE_LOOP('',(#4930,#4931,#4932,#4933));
#851=EDGE_LOOP('',(#4934,#4935,#4936,#4937));
#852=EDGE_LOOP('',(#4938,#4939));
#853=EDGE_LOOP('',(#4940,#4941,#4942));
#854=EDGE_LOOP('',(#4943,#4944,#4945,#4946));
#855=EDGE_LOOP('',(#4947,#4948,#4949,#4950));
#856=EDGE_LOOP('',(#4951,#4952,#4953,#4954));
#857=EDGE_LOOP('',(#4955,#4956,#4957,#4958,#4959,#4960,#4961,#4962,#4963,
#4964));
#858=LINE('',#7289,#1508);
#859=LINE('',#7291,#1509);
#860=LINE('',#7293,#1510);
#861=LINE('',#7294,#1511);
#862=LINE('',#7300,#1512);
#863=LINE('',#7302,#1513);
#864=LINE('',#7303,#1514);
#865=LINE('',#7307,#1515);
#866=LINE('',#7309,#1516);
#867=LINE('',#7311,#1517);
#868=LINE('',#7312,#1518);
#869=LINE('',#7318,#1519);
#870=LINE('',#7320,#1520);
#871=LINE('',#7321,#1521);
#872=LINE('',#7327,#1522);
#873=LINE('',#7330,#1523);
#874=LINE('',#7333,#1524);
#875=LINE('',#7337,#1525);
#876=LINE('',#7341,#1526);
#877=LINE('',#7344,#1527);
#878=LINE('',#7365,#1528);
#879=LINE('',#7367,#1529);
#880=LINE('',#7369,#1530);
#881=LINE('',#7370,#1531);
#882=LINE('',#7373,#1532);
#883=LINE('',#7375,#1533);
#884=LINE('',#7377,#1534);
#885=LINE('',#7378,#1535);
#886=LINE('',#7381,#1536);
#887=LINE('',#7383,#1537);
#888=LINE('',#7385,#1538);
#889=LINE('',#7386,#1539);
#890=LINE('',#7389,#1540);
#891=LINE('',#7391,#1541);
#892=LINE('',#7393,#1542);
#893=LINE('',#7394,#1543);
#894=LINE('',#7397,#1544);
#895=LINE('',#7399,#1545);
#896=LINE('',#7401,#1546);
#897=LINE('',#7402,#1547);
#898=LINE('',#7405,#1548);
#899=LINE('',#7407,#1549);
#900=LINE('',#7409,#1550);
#901=LINE('',#7410,#1551);
#902=LINE('',#7413,#1552);
#903=LINE('',#7415,#1553);
#904=LINE('',#7417,#1554);
#905=LINE('',#7418,#1555);
#906=LINE('',#7421,#1556);
#907=LINE('',#7423,#1557);
#908=LINE('',#7425,#1558);
#909=LINE('',#7426,#1559);
#910=LINE('',#7429,#1560);
#911=LINE('',#7431,#1561);
#912=LINE('',#7433,#1562);
#913=LINE('',#7434,#1563);
#914=LINE('',#7437,#1564);
#915=LINE('',#7439,#1565);
#916=LINE('',#7441,#1566);
#917=LINE('',#7442,#1567);
#918=LINE('',#7445,#1568);
#919=LINE('',#7446,#1569);
#920=LINE('',#7449,#1570);
#921=LINE('',#7450,#1571);
#922=LINE('',#7455,#1572);
#923=LINE('',#7456,#1573);
#924=LINE('',#7459,#1574);
#925=LINE('',#7463,#1575);
#926=LINE('',#7467,#1576);
#927=LINE('',#7479,#1577);
#928=LINE('',#7481,#1578);
#929=LINE('',#7485,#1579);
#930=LINE('',#7487,#1580);
#931=LINE('',#7489,#1581);
#932=LINE('',#7491,#1582);
#933=LINE('',#7493,#1583);
#934=LINE('',#7497,#1584);
#935=LINE('',#7499,#1585);
#936=LINE('',#7501,#1586);
#937=LINE('',#7505,#1587);
#938=LINE('',#7507,#1588);
#939=LINE('',#7509,#1589);
#940=LINE('',#7511,#1590);
#941=LINE('',#7513,#1591);
#942=LINE('',#7516,#1592);
#943=LINE('',#7518,#1593);
#944=LINE('',#7520,#1594);
#945=LINE('',#7522,#1595);
#946=LINE('',#7527,#1596);
#947=LINE('',#7528,#1597);
#948=LINE('',#7529,#1598);
#949=LINE('',#7533,#1599);
#950=LINE('',#7534,#1600);
#951=LINE('',#7535,#1601);
#952=LINE('',#7539,#1602);
#953=LINE('',#7540,#1603);
#954=LINE('',#7541,#1604);
#955=LINE('',#7545,#1605);
#956=LINE('',#7546,#1606);
#957=LINE('',#7547,#1607);
#958=LINE('',#7551,#1608);
#959=LINE('',#7552,#1609);
#960=LINE('',#7553,#1610);
#961=LINE('',#7557,#1611);
#962=LINE('',#7558,#1612);
#963=LINE('',#7559,#1613);
#964=LINE('',#7562,#1614);
#965=LINE('',#7563,#1615);
#966=LINE('',#7566,#1616);
#967=LINE('',#7569,#1617);
#968=LINE('',#7572,#1618);
#969=LINE('',#7575,#1619);
#970=LINE('',#7578,#1620);
#971=LINE('',#7579,#1621);
#972=LINE('',#7581,#1622);
#973=LINE('',#7583,#1623);
#974=LINE('',#7585,#1624);
#975=LINE('',#7587,#1625);
#976=LINE('',#7589,#1626);
#977=LINE('',#7590,#1627);
#978=LINE('',#7593,#1628);
#979=LINE('',#7594,#1629);
#980=LINE('',#7596,#1630);
#981=LINE('',#7598,#1631);
#982=LINE('',#7600,#1632);
#983=LINE('',#7602,#1633);
#984=LINE('',#7604,#1634);
#985=LINE('',#7606,#1635);
#986=LINE('',#7607,#1636);
#987=LINE('',#7610,#1637);
#988=LINE('',#7613,#1638);
#989=LINE('',#7615,#1639);
#990=LINE('',#7616,#1640);
#991=LINE('',#7618,#1641);
#992=LINE('',#7621,#1642);
#993=LINE('',#7622,#1643);
#994=LINE('',#7625,#1644);
#995=LINE('',#7630,#1645);
#996=LINE('',#7633,#1646);
#997=LINE('',#7638,#1647);
#998=LINE('',#7642,#1648);
#999=LINE('',#7646,#1649);
#1000=LINE('',#7650,#1650);
#1001=LINE('',#7654,#1651);
#1002=LINE('',#7658,#1652);
#1003=LINE('',#7660,#1653);
#1004=LINE('',#7662,#1654);
#1005=LINE('',#7663,#1655);
#1006=LINE('',#7667,#1656);
#1007=LINE('',#7669,#1657);
#1008=LINE('',#7671,#1658);
#1009=LINE('',#7672,#1659);
#1010=LINE('',#7674,#1660);
#1011=LINE('',#7675,#1661);
#1012=LINE('',#7679,#1662);
#1013=LINE('',#7681,#1663);
#1014=LINE('',#7683,#1664);
#1015=LINE('',#7684,#1665);
#1016=LINE('',#7688,#1666);
#1017=LINE('',#7690,#1667);
#1018=LINE('',#7692,#1668);
#1019=LINE('',#7693,#1669);
#1020=LINE('',#7695,#1670);
#1021=LINE('',#7696,#1671);
#1022=LINE('',#7698,#1672);
#1023=LINE('',#7700,#1673);
#1024=LINE('',#7702,#1674);
#1025=LINE('',#7704,#1675);
#1026=LINE('',#7706,#1676);
#1027=LINE('',#7707,#1677);
#1028=LINE('',#7709,#1678);
#1029=LINE('',#7713,#1679);
#1030=LINE('',#7715,#1680);
#1031=LINE('',#7717,#1681);
#1032=LINE('',#7718,#1682);
#1033=LINE('',#7722,#1683);
#1034=LINE('',#7724,#1684);
#1035=LINE('',#7726,#1685);
#1036=LINE('',#7727,#1686);
#1037=LINE('',#7729,#1687);
#1038=LINE('',#7730,#1688);
#1039=LINE('',#7734,#1689);
#1040=LINE('',#7736,#1690);
#1041=LINE('',#7738,#1691);
#1042=LINE('',#7739,#1692);
#1043=LINE('',#7743,#1693);
#1044=LINE('',#7745,#1694);
#1045=LINE('',#7747,#1695);
#1046=LINE('',#7748,#1696);
#1047=LINE('',#7750,#1697);
#1048=LINE('',#7751,#1698);
#1049=LINE('',#7753,#1699);
#1050=LINE('',#7755,#1700);
#1051=LINE('',#7757,#1701);
#1052=LINE('',#7759,#1702);
#1053=LINE('',#7761,#1703);
#1054=LINE('',#7762,#1704);
#1055=LINE('',#7764,#1705);
#1056=LINE('',#7768,#1706);
#1057=LINE('',#7770,#1707);
#1058=LINE('',#7772,#1708);
#1059=LINE('',#7773,#1709);
#1060=LINE('',#7777,#1710);
#1061=LINE('',#7779,#1711);
#1062=LINE('',#7781,#1712);
#1063=LINE('',#7782,#1713);
#1064=LINE('',#7784,#1714);
#1065=LINE('',#7785,#1715);
#1066=LINE('',#7789,#1716);
#1067=LINE('',#7791,#1717);
#1068=LINE('',#7793,#1718);
#1069=LINE('',#7794,#1719);
#1070=LINE('',#7798,#1720);
#1071=LINE('',#7800,#1721);
#1072=LINE('',#7802,#1722);
#1073=LINE('',#7803,#1723);
#1074=LINE('',#7805,#1724);
#1075=LINE('',#7806,#1725);
#1076=LINE('',#7808,#1726);
#1077=LINE('',#7810,#1727);
#1078=LINE('',#7812,#1728);
#1079=LINE('',#7814,#1729);
#1080=LINE('',#7816,#1730);
#1081=LINE('',#7817,#1731);
#1082=LINE('',#7819,#1732);
#1083=LINE('',#7823,#1733);
#1084=LINE('',#7825,#1734);
#1085=LINE('',#7827,#1735);
#1086=LINE('',#7828,#1736);
#1087=LINE('',#7832,#1737);
#1088=LINE('',#7834,#1738);
#1089=LINE('',#7836,#1739);
#1090=LINE('',#7837,#1740);
#1091=LINE('',#7839,#1741);
#1092=LINE('',#7840,#1742);
#1093=LINE('',#7844,#1743);
#1094=LINE('',#7846,#1744);
#1095=LINE('',#7848,#1745);
#1096=LINE('',#7849,#1746);
#1097=LINE('',#7853,#1747);
#1098=LINE('',#7855,#1748);
#1099=LINE('',#7857,#1749);
#1100=LINE('',#7858,#1750);
#1101=LINE('',#7860,#1751);
#1102=LINE('',#7861,#1752);
#1103=LINE('',#7864,#1753);
#1104=LINE('',#7868,#1754);
#1105=LINE('',#7870,#1755);
#1106=LINE('',#7872,#1756);
#1107=LINE('',#7875,#1757);
#1108=LINE('',#7877,#1758);
#1109=LINE('',#7883,#1759);
#1110=LINE('',#7885,#1760);
#1111=LINE('',#7887,#1761);
#1112=LINE('',#7891,#1762);
#1113=LINE('',#7893,#1763);
#1114=LINE('',#7895,#1764);
#1115=LINE('',#7899,#1765);
#1116=LINE('',#7901,#1766);
#1117=LINE('',#7903,#1767);
#1118=LINE('',#7907,#1768);
#1119=LINE('',#7909,#1769);
#1120=LINE('',#7911,#1770);
#1121=LINE('',#7916,#1771);
#1122=LINE('',#7918,#1772);
#1123=LINE('',#7920,#1773);
#1124=LINE('',#7923,#1774);
#1125=LINE('',#7925,#1775);
#1126=LINE('',#7926,#1776);
#1127=LINE('',#7928,#1777);
#1128=LINE('',#7929,#1778);
#1129=LINE('',#7931,#1779);
#1130=LINE('',#7932,#1780);
#1131=LINE('',#7934,#1781);
#1132=LINE('',#7936,#1782);
#1133=LINE('',#7938,#1783);
#1134=LINE('',#7940,#1784);
#1135=LINE('',#7941,#1785);
#1136=LINE('',#7943,#1786);
#1137=LINE('',#7944,#1787);
#1138=LINE('',#7946,#1788);
#1139=LINE('',#7947,#1789);
#1140=LINE('',#7949,#1790);
#1141=LINE('',#7950,#1791);
#1142=LINE('',#7952,#1792);
#1143=LINE('',#7954,#1793);
#1144=LINE('',#7956,#1794);
#1145=LINE('',#7958,#1795);
#1146=LINE('',#7959,#1796);
#1147=LINE('',#7962,#1797);
#1148=LINE('',#7964,#1798);
#1149=LINE('',#7968,#1799);
#1150=LINE('',#7970,#1800);
#1151=LINE('',#7972,#1801);
#1152=LINE('',#7976,#1802);
#1153=LINE('',#7978,#1803);
#1154=LINE('',#7980,#1804);
#1155=LINE('',#7984,#1805);
#1156=LINE('',#7986,#1806);
#1157=LINE('',#7988,#1807);
#1158=LINE('',#7991,#1808);
#1159=LINE('',#7994,#1809);
#1160=LINE('',#7996,#1810);
#1161=LINE('',#8000,#1811);
#1162=LINE('',#8002,#1812);
#1163=LINE('',#8004,#1813);
#1164=LINE('',#8008,#1814);
#1165=LINE('',#8010,#1815);
#1166=LINE('',#8012,#1816);
#1167=LINE('',#8016,#1817);
#1168=LINE('',#8018,#1818);
#1169=LINE('',#8020,#1819);
#1170=LINE('',#8023,#1820);
#1171=LINE('',#8026,#1821);
#1172=LINE('',#8028,#1822);
#1173=LINE('',#8032,#1823);
#1174=LINE('',#8034,#1824);
#1175=LINE('',#8036,#1825);
#1176=LINE('',#8040,#1826);
#1177=LINE('',#8042,#1827);
#1178=LINE('',#8044,#1828);
#1179=LINE('',#8048,#1829);
#1180=LINE('',#8050,#1830);
#1181=LINE('',#8052,#1831);
#1182=LINE('',#8055,#1832);
#1183=LINE('',#8058,#1833);
#1184=LINE('',#8060,#1834);
#1185=LINE('',#8064,#1835);
#1186=LINE('',#8066,#1836);
#1187=LINE('',#8068,#1837);
#1188=LINE('',#8072,#1838);
#1189=LINE('',#8074,#1839);
#1190=LINE('',#8076,#1840);
#1191=LINE('',#8080,#1841);
#1192=LINE('',#8082,#1842);
#1193=LINE('',#8084,#1843);
#1194=LINE('',#8087,#1844);
#1195=LINE('',#8090,#1845);
#1196=LINE('',#8092,#1846);
#1197=LINE('',#8094,#1847);
#1198=LINE('',#8095,#1848);
#1199=LINE('',#8098,#1849);
#1200=LINE('',#8100,#1850);
#1201=LINE('',#8102,#1851);
#1202=LINE('',#8103,#1852);
#1203=LINE('',#8106,#1853);
#1204=LINE('',#8108,#1854);
#1205=LINE('',#8110,#1855);
#1206=LINE('',#8111,#1856);
#1207=LINE('',#8114,#1857);
#1208=LINE('',#8116,#1858);
#1209=LINE('',#8118,#1859);
#1210=LINE('',#8119,#1860);
#1211=LINE('',#8122,#1861);
#1212=LINE('',#8124,#1862);
#1213=LINE('',#8126,#1863);
#1214=LINE('',#8127,#1864);
#1215=LINE('',#8129,#1865);
#1216=LINE('',#8130,#1866);
#1217=LINE('',#8133,#1867);
#1218=LINE('',#8135,#1868);
#1219=LINE('',#8136,#1869);
#1220=LINE('',#8139,#1870);
#1221=LINE('',#8140,#1871);
#1222=LINE('',#8143,#1872);
#1223=LINE('',#8144,#1873);
#1224=LINE('',#8146,#1874);
#1225=LINE('',#8150,#1875);
#1226=LINE('',#8152,#1876);
#1227=LINE('',#8154,#1877);
#1228=LINE('',#8155,#1878);
#1229=LINE('',#8157,#1879);
#1230=LINE('',#8159,#1880);
#1231=LINE('',#8163,#1881);
#1232=LINE('',#8165,#1882);
#1233=LINE('',#8167,#1883);
#1234=LINE('',#8168,#1884);
#1235=LINE('',#8171,#1885);
#1236=LINE('',#8173,#1886);
#1237=LINE('',#8174,#1887);
#1238=LINE('',#8176,#1888);
#1239=LINE('',#8178,#1889);
#1240=LINE('',#8182,#1890);
#1241=LINE('',#8184,#1891);
#1242=LINE('',#8186,#1892);
#1243=LINE('',#8187,#1893);
#1244=LINE('',#8190,#1894);
#1245=LINE('',#8192,#1895);
#1246=LINE('',#8193,#1896);
#1247=LINE('',#8196,#1897);
#1248=LINE('',#8197,#1898);
#1249=LINE('',#8200,#1899);
#1250=LINE('',#8201,#1900);
#1251=LINE('',#8203,#1901);
#1252=LINE('',#8207,#1902);
#1253=LINE('',#8209,#1903);
#1254=LINE('',#8211,#1904);
#1255=LINE('',#8212,#1905);
#1256=LINE('',#8215,#1906);
#1257=LINE('',#8217,#1907);
#1258=LINE('',#8218,#1908);
#1259=LINE('',#8221,#1909);
#1260=LINE('',#8222,#1910);
#1261=LINE('',#8225,#1911);
#1262=LINE('',#8226,#1912);
#1263=LINE('',#8228,#1913);
#1264=LINE('',#8232,#1914);
#1265=LINE('',#8234,#1915);
#1266=LINE('',#8236,#1916);
#1267=LINE('',#8237,#1917);
#1268=LINE('',#8239,#1918);
#1269=LINE('',#8240,#1919);
#1270=LINE('',#8242,#1920);
#1271=LINE('',#8244,#1921);
#1272=LINE('',#8245,#1922);
#1273=LINE('',#8247,#1923);
#1274=LINE('',#8249,#1924);
#1275=LINE('',#8250,#1925);
#1276=LINE('',#8252,#1926);
#1277=LINE('',#8254,#1927);
#1278=LINE('',#8255,#1928);
#1279=LINE('',#8257,#1929);
#1280=LINE('',#8259,#1930);
#1281=LINE('',#8260,#1931);
#1282=LINE('',#8262,#1932);
#1283=LINE('',#8264,#1933);
#1284=LINE('',#8267,#1934);
#1285=LINE('',#8270,#1935);
#1286=LINE('',#8273,#1936);
#1287=LINE('',#8276,#1937);
#1288=LINE('',#8282,#1938);
#1289=LINE('',#8286,#1939);
#1290=LINE('',#8288,#1940);
#1291=LINE('',#8289,#1941);
#1292=LINE('',#8292,#1942);
#1293=LINE('',#8293,#1943);
#1294=LINE('',#8297,#1944);
#1295=LINE('',#8302,#1945);
#1296=LINE('',#8306,#1946);
#1297=LINE('',#8307,#1947);
#1298=LINE('',#8310,#1948);
#1299=LINE('',#8312,#1949);
#1300=LINE('',#8313,#1950);
#1301=LINE('',#8317,#1951);
#1302=LINE('',#8323,#1952);
#1303=LINE('',#8327,#1953);
#1304=LINE('',#8328,#1954);
#1305=LINE('',#8331,#1955);
#1306=LINE('',#8333,#1956);
#1307=LINE('',#8334,#1957);
#1308=LINE('',#8338,#1958);
#1309=LINE('',#8344,#1959);
#1310=LINE('',#8348,#1960);
#1311=LINE('',#8350,#1961);
#1312=LINE('',#8351,#1962);
#1313=LINE('',#8354,#1963);
#1314=LINE('',#8355,#1964);
#1315=LINE('',#8359,#1965);
#1316=LINE('',#8363,#1966);
#1317=LINE('',#8365,#1967);
#1318=LINE('',#8366,#1968);
#1319=LINE('',#8369,#1969);
#1320=LINE('',#8370,#1970);
#1321=LINE('',#8373,#1971);
#1322=LINE('',#8377,#1972);
#1323=LINE('',#8378,#1973);
#1324=LINE('',#8381,#1974);
#1325=LINE('',#8382,#1975);
#1326=LINE('',#8385,#1976);
#1327=LINE('',#8386,#1977);
#1328=LINE('',#8389,#1978);
#1329=LINE('',#8393,#1979);
#1330=LINE('',#8394,#1980);
#1331=LINE('',#8397,#1981);
#1332=LINE('',#8398,#1982);
#1333=LINE('',#8401,#1983);
#1334=LINE('',#8402,#1984);
#1335=LINE('',#8405,#1985);
#1336=LINE('',#8409,#1986);
#1337=LINE('',#8410,#1987);
#1338=LINE('',#8413,#1988);
#1339=LINE('',#8414,#1989);
#1340=LINE('',#8417,#1990);
#1341=LINE('',#8418,#1991);
#1342=LINE('',#8421,#1992);
#1343=LINE('',#8424,#1993);
#1344=LINE('',#8428,#1994);
#1345=LINE('',#8430,#1995);
#1346=LINE('',#8431,#1996);
#1347=LINE('',#8434,#1997);
#1348=LINE('',#8435,#1998);
#1349=LINE('',#8438,#1999);
#1350=LINE('',#8442,#2000);
#1351=LINE('',#8443,#2001);
#1352=LINE('',#8446,#2002);
#1353=LINE('',#8447,#2003);
#1354=LINE('',#8450,#2004);
#1355=LINE('',#8451,#2005);
#1356=LINE('',#8454,#2006);
#1357=LINE('',#8458,#2007);
#1358=LINE('',#8459,#2008);
#1359=LINE('',#8462,#2009);
#1360=LINE('',#8463,#2010);
#1361=LINE('',#8466,#2011);
#1362=LINE('',#8467,#2012);
#1363=LINE('',#8470,#2013);
#1364=LINE('',#8474,#2014);
#1365=LINE('',#8475,#2015);
#1366=LINE('',#8478,#2016);
#1367=LINE('',#8479,#2017);
#1368=LINE('',#8482,#2018);
#1369=LINE('',#8483,#2019);
#1370=LINE('',#8486,#2020);
#1371=LINE('',#8489,#2021);
#1372=LINE('',#8493,#2022);
#1373=LINE('',#8495,#2023);
#1374=LINE('',#8496,#2024);
#1375=LINE('',#8499,#2025);
#1376=LINE('',#8500,#2026);
#1377=LINE('',#8503,#2027);
#1378=LINE('',#8507,#2028);
#1379=LINE('',#8508,#2029);
#1380=LINE('',#8511,#2030);
#1381=LINE('',#8512,#2031);
#1382=LINE('',#8515,#2032);
#1383=LINE('',#8516,#2033);
#1384=LINE('',#8519,#2034);
#1385=LINE('',#8523,#2035);
#1386=LINE('',#8524,#2036);
#1387=LINE('',#8527,#2037);
#1388=LINE('',#8528,#2038);
#1389=LINE('',#8531,#2039);
#1390=LINE('',#8532,#2040);
#1391=LINE('',#8535,#2041);
#1392=LINE('',#8539,#2042);
#1393=LINE('',#8540,#2043);
#1394=LINE('',#8543,#2044);
#1395=LINE('',#8544,#2045);
#1396=LINE('',#8547,#2046);
#1397=LINE('',#8548,#2047);
#1398=LINE('',#8551,#2048);
#1399=LINE('',#8554,#2049);
#1400=LINE('',#8558,#2050);
#1401=LINE('',#8560,#2051);
#1402=LINE('',#8561,#2052);
#1403=LINE('',#8564,#2053);
#1404=LINE('',#8565,#2054);
#1405=LINE('',#8568,#2055);
#1406=LINE('',#8572,#2056);
#1407=LINE('',#8573,#2057);
#1408=LINE('',#8576,#2058);
#1409=LINE('',#8577,#2059);
#1410=LINE('',#8580,#2060);
#1411=LINE('',#8581,#2061);
#1412=LINE('',#8584,#2062);
#1413=LINE('',#8588,#2063);
#1414=LINE('',#8589,#2064);
#1415=LINE('',#8592,#2065);
#1416=LINE('',#8593,#2066);
#1417=LINE('',#8596,#2067);
#1418=LINE('',#8597,#2068);
#1419=LINE('',#8600,#2069);
#1420=LINE('',#8604,#2070);
#1421=LINE('',#8605,#2071);
#1422=LINE('',#8608,#2072);
#1423=LINE('',#8609,#2073);
#1424=LINE('',#8612,#2074);
#1425=LINE('',#8613,#2075);
#1426=LINE('',#8616,#2076);
#1427=LINE('',#8619,#2077);
#1428=LINE('',#8623,#2078);
#1429=LINE('',#8625,#2079);
#1430=LINE('',#8626,#2080);
#1431=LINE('',#8629,#2081);
#1432=LINE('',#8630,#2082);
#1433=LINE('',#8633,#2083);
#1434=LINE('',#8637,#2084);
#1435=LINE('',#8638,#2085);
#1436=LINE('',#8641,#2086);
#1437=LINE('',#8642,#2087);
#1438=LINE('',#8645,#2088);
#1439=LINE('',#8646,#2089);
#1440=LINE('',#8649,#2090);
#1441=LINE('',#8653,#2091);
#1442=LINE('',#8654,#2092);
#1443=LINE('',#8657,#2093);
#1444=LINE('',#8658,#2094);
#1445=LINE('',#8661,#2095);
#1446=LINE('',#8662,#2096);
#1447=LINE('',#8665,#2097);
#1448=LINE('',#8669,#2098);
#1449=LINE('',#8670,#2099);
#1450=LINE('',#8673,#2100);
#1451=LINE('',#8674,#2101);
#1452=LINE('',#8677,#2102);
#1453=LINE('',#8678,#2103);
#1454=LINE('',#8681,#2104);
#1455=LINE('',#8684,#2105);
#1456=LINE('',#8687,#2106);
#1457=LINE('',#8688,#2107);
#1458=LINE('',#8690,#2108);
#1459=LINE('',#8692,#2109);
#1460=LINE('',#8695,#2110);
#1461=LINE('',#8696,#2111);
#1462=LINE('',#8698,#2112);
#1463=LINE('',#8700,#2113);
#1464=LINE('',#8703,#2114);
#1465=LINE('',#8704,#2115);
#1466=LINE('',#8706,#2116);
#1467=LINE('',#8708,#2117);
#1468=LINE('',#8711,#2118);
#1469=LINE('',#8712,#2119);
#1470=LINE('',#8714,#2120);
#1471=LINE('',#8716,#2121);
#1472=LINE('',#8719,#2122);
#1473=LINE('',#8720,#2123);
#1474=LINE('',#8722,#2124);
#1475=LINE('',#8724,#2125);
#1476=LINE('',#8732,#2126);
#1477=LINE('',#8733,#2127);
#1478=LINE('',#8736,#2128);
#1479=LINE('',#8740,#2129);
#1480=LINE('',#8744,#2130);
#1481=LINE('',#8748,#2131);
#1482=LINE('',#8752,#2132);
#1483=LINE('',#8757,#2133);
#1484=LINE('',#8759,#2134);
#1485=LINE('',#8760,#2135);
#1486=LINE('',#8763,#2136);
#1487=LINE('',#8767,#2137);
#1488=LINE('',#8768,#2138);
#1489=LINE('',#8771,#2139);
#1490=LINE('',#8775,#2140);
#1491=LINE('',#8776,#2141);
#1492=LINE('',#8779,#2142);
#1493=LINE('',#8783,#2143);
#1494=LINE('',#8784,#2144);
#1495=LINE('',#8794,#2145);
#1496=LINE('',#8796,#2146);
#1497=LINE('',#8803,#2147);
#1498=LINE('',#8805,#2148);
#1499=LINE('',#8812,#2149);
#1500=LINE('',#8814,#2150);
#1501=LINE('',#8819,#2151);
#1502=LINE('',#8822,#2152);
#1503=LINE('',#8824,#2153);
#1504=LINE('',#8825,#2154);
#1505=LINE('',#8830,#2155);
#1506=LINE('',#8831,#2156);
#1507=LINE('',#8833,#2157);
#1508=VECTOR('',#5855,10.);
#1509=VECTOR('',#5856,10.);
#1510=VECTOR('',#5857,10.);
#1511=VECTOR('',#5858,10.);
#1512=VECTOR('',#5865,10.);
#1513=VECTOR('',#5868,10.);
#1514=VECTOR('',#5869,10.);
#1515=VECTOR('',#5872,10.);
#1516=VECTOR('',#5873,10.);
#1517=VECTOR('',#5874,10.);
#1518=VECTOR('',#5875,10.);
#1519=VECTOR('',#5882,10.);
#1520=VECTOR('',#5885,10.);
#1521=VECTOR('',#5886,10.);
#1522=VECTOR('',#5891,10.);
#1523=VECTOR('',#5894,10.);
#1524=VECTOR('',#5897,10.);
#1525=VECTOR('',#5900,10.);
#1526=VECTOR('',#5903,10.);
#1527=VECTOR('',#5906,10.);
#1528=VECTOR('',#5925,10.);
#1529=VECTOR('',#5926,10.);
#1530=VECTOR('',#5927,10.);
#1531=VECTOR('',#5928,10.);
#1532=VECTOR('',#5929,10.);
#1533=VECTOR('',#5930,10.);
#1534=VECTOR('',#5931,10.);
#1535=VECTOR('',#5932,10.);
#1536=VECTOR('',#5933,10.);
#1537=VECTOR('',#5934,10.);
#1538=VECTOR('',#5935,10.);
#1539=VECTOR('',#5936,10.);
#1540=VECTOR('',#5937,10.);
#1541=VECTOR('',#5938,10.);
#1542=VECTOR('',#5939,10.);
#1543=VECTOR('',#5940,10.);
#1544=VECTOR('',#5941,10.);
#1545=VECTOR('',#5942,10.);
#1546=VECTOR('',#5943,10.);
#1547=VECTOR('',#5944,10.);
#1548=VECTOR('',#5945,10.);
#1549=VECTOR('',#5946,10.);
#1550=VECTOR('',#5947,10.);
#1551=VECTOR('',#5948,10.);
#1552=VECTOR('',#5949,10.);
#1553=VECTOR('',#5950,10.);
#1554=VECTOR('',#5951,10.);
#1555=VECTOR('',#5952,10.);
#1556=VECTOR('',#5953,10.);
#1557=VECTOR('',#5954,10.);
#1558=VECTOR('',#5955,10.);
#1559=VECTOR('',#5956,10.);
#1560=VECTOR('',#5957,10.);
#1561=VECTOR('',#5958,10.);
#1562=VECTOR('',#5959,10.);
#1563=VECTOR('',#5960,10.);
#1564=VECTOR('',#5961,10.);
#1565=VECTOR('',#5962,10.);
#1566=VECTOR('',#5963,10.);
#1567=VECTOR('',#5964,10.);
#1568=VECTOR('',#5967,10.);
#1569=VECTOR('',#5968,10.);
#1570=VECTOR('',#5971,10.);
#1571=VECTOR('',#5972,10.);
#1572=VECTOR('',#5975,10.);
#1573=VECTOR('',#5976,10.);
#1574=VECTOR('',#5979,10.);
#1575=VECTOR('',#5984,10.);
#1576=VECTOR('',#5987,10.);
#1577=VECTOR('',#5998,10.);
#1578=VECTOR('',#5999,10.);
#1579=VECTOR('',#6002,10.);
#1580=VECTOR('',#6003,10.);
#1581=VECTOR('',#6004,10.);
#1582=VECTOR('',#6005,10.);
#1583=VECTOR('',#6006,10.);
#1584=VECTOR('',#6009,10.);
#1585=VECTOR('',#6010,10.);
#1586=VECTOR('',#6011,10.);
#1587=VECTOR('',#6014,10.);
#1588=VECTOR('',#6015,10.);
#1589=VECTOR('',#6016,10.);
#1590=VECTOR('',#6017,10.);
#1591=VECTOR('',#6018,10.);
#1592=VECTOR('',#6021,10.);
#1593=VECTOR('',#6024,10.);
#1594=VECTOR('',#6027,10.);
#1595=VECTOR('',#6030,10.);
#1596=VECTOR('',#6035,10.);
#1597=VECTOR('',#6036,10.);
#1598=VECTOR('',#6037,10.);
#1599=VECTOR('',#6040,10.);
#1600=VECTOR('',#6041,10.);
#1601=VECTOR('',#6042,10.);
#1602=VECTOR('',#6045,10.);
#1603=VECTOR('',#6046,10.);
#1604=VECTOR('',#6047,10.);
#1605=VECTOR('',#6050,10.);
#1606=VECTOR('',#6051,10.);
#1607=VECTOR('',#6052,10.);
#1608=VECTOR('',#6055,10.);
#1609=VECTOR('',#6056,10.);
#1610=VECTOR('',#6057,10.);
#1611=VECTOR('',#6060,10.);
#1612=VECTOR('',#6061,10.);
#1613=VECTOR('',#6062,10.);
#1614=VECTOR('',#6065,10.);
#1615=VECTOR('',#6066,10.);
#1616=VECTOR('',#6069,10.);
#1617=VECTOR('',#6072,10.);
#1618=VECTOR('',#6075,10.);
#1619=VECTOR('',#6078,10.);
#1620=VECTOR('',#6081,10.);
#1621=VECTOR('',#6082,10.);
#1622=VECTOR('',#6083,10.);
#1623=VECTOR('',#6084,10.);
#1624=VECTOR('',#6085,10.);
#1625=VECTOR('',#6086,10.);
#1626=VECTOR('',#6087,10.);
#1627=VECTOR('',#6088,10.);
#1628=VECTOR('',#6091,10.);
#1629=VECTOR('',#6092,10.);
#1630=VECTOR('',#6095,10.);
#1631=VECTOR('',#6096,10.);
#1632=VECTOR('',#6097,10.);
#1633=VECTOR('',#6098,10.);
#1634=VECTOR('',#6099,10.);
#1635=VECTOR('',#6100,10.);
#1636=VECTOR('',#6101,10.);
#1637=VECTOR('',#6104,10.);
#1638=VECTOR('',#6109,10.);
#1639=VECTOR('',#6112,10.);
#1640=VECTOR('',#6113,10.);
#1641=VECTOR('',#6116,10.);
#1642=VECTOR('',#6119,10.);
#1643=VECTOR('',#6120,10.);
#1644=VECTOR('',#6125,10.);
#1645=VECTOR('',#6132,1.25);
#1646=VECTOR('',#6135,10.);
#1647=VECTOR('',#6142,0.750000000000002);
#1648=VECTOR('',#6147,0.750000000000002);
#1649=VECTOR('',#6152,0.750000000000002);
#1650=VECTOR('',#6157,0.750000000000002);
#1651=VECTOR('',#6162,0.750000000000002);
#1652=VECTOR('',#6165,10.);
#1653=VECTOR('',#6166,10.);
#1654=VECTOR('',#6167,10.);
#1655=VECTOR('',#6168,10.);
#1656=VECTOR('',#6171,10.);
#1657=VECTOR('',#6172,10.);
#1658=VECTOR('',#6173,10.);
#1659=VECTOR('',#6174,10.);
#1660=VECTOR('',#6177,10.);
#1661=VECTOR('',#6178,10.);
#1662=VECTOR('',#6181,10.);
#1663=VECTOR('',#6182,10.);
#1664=VECTOR('',#6183,10.);
#1665=VECTOR('',#6184,10.);
#1666=VECTOR('',#6187,10.);
#1667=VECTOR('',#6188,10.);
#1668=VECTOR('',#6189,10.);
#1669=VECTOR('',#6190,10.);
#1670=VECTOR('',#6193,10.);
#1671=VECTOR('',#6194,10.);
#1672=VECTOR('',#6197,10.);
#1673=VECTOR('',#6198,10.);
#1674=VECTOR('',#6199,10.);
#1675=VECTOR('',#6200,10.);
#1676=VECTOR('',#6201,10.);
#1677=VECTOR('',#6202,10.);
#1678=VECTOR('',#6205,10.);
#1679=VECTOR('',#6208,10.);
#1680=VECTOR('',#6209,10.);
#1681=VECTOR('',#6210,10.);
#1682=VECTOR('',#6211,10.);
#1683=VECTOR('',#6214,10.);
#1684=VECTOR('',#6215,10.);
#1685=VECTOR('',#6216,10.);
#1686=VECTOR('',#6217,10.);
#1687=VECTOR('',#6220,10.);
#1688=VECTOR('',#6221,10.);
#1689=VECTOR('',#6224,10.);
#1690=VECTOR('',#6225,10.);
#1691=VECTOR('',#6226,10.);
#1692=VECTOR('',#6227,10.);
#1693=VECTOR('',#6230,10.);
#1694=VECTOR('',#6231,10.);
#1695=VECTOR('',#6232,10.);
#1696=VECTOR('',#6233,10.);
#1697=VECTOR('',#6236,10.);
#1698=VECTOR('',#6237,10.);
#1699=VECTOR('',#6240,10.);
#1700=VECTOR('',#6241,10.);
#1701=VECTOR('',#6242,10.);
#1702=VECTOR('',#6243,10.);
#1703=VECTOR('',#6244,10.);
#1704=VECTOR('',#6245,10.);
#1705=VECTOR('',#6248,10.);
#1706=VECTOR('',#6251,10.);
#1707=VECTOR('',#6252,10.);
#1708=VECTOR('',#6253,10.);
#1709=VECTOR('',#6254,10.);
#1710=VECTOR('',#6257,10.);
#1711=VECTOR('',#6258,10.);
#1712=VECTOR('',#6259,10.);
#1713=VECTOR('',#6260,10.);
#1714=VECTOR('',#6263,10.);
#1715=VECTOR('',#6264,10.);
#1716=VECTOR('',#6267,10.);
#1717=VECTOR('',#6268,10.);
#1718=VECTOR('',#6269,10.);
#1719=VECTOR('',#6270,10.);
#1720=VECTOR('',#6273,10.);
#1721=VECTOR('',#6274,10.);
#1722=VECTOR('',#6275,10.);
#1723=VECTOR('',#6276,10.);
#1724=VECTOR('',#6279,10.);
#1725=VECTOR('',#6280,10.);
#1726=VECTOR('',#6283,10.);
#1727=VECTOR('',#6284,10.);
#1728=VECTOR('',#6285,10.);
#1729=VECTOR('',#6286,10.);
#1730=VECTOR('',#6287,10.);
#1731=VECTOR('',#6288,10.);
#1732=VECTOR('',#6291,10.);
#1733=VECTOR('',#6294,10.);
#1734=VECTOR('',#6295,10.);
#1735=VECTOR('',#6296,10.);
#1736=VECTOR('',#6297,10.);
#1737=VECTOR('',#6300,10.);
#1738=VECTOR('',#6301,10.);
#1739=VECTOR('',#6302,10.);
#1740=VECTOR('',#6303,10.);
#1741=VECTOR('',#6306,10.);
#1742=VECTOR('',#6307,10.);
#1743=VECTOR('',#6310,10.);
#1744=VECTOR('',#6311,10.);
#1745=VECTOR('',#6312,10.);
#1746=VECTOR('',#6313,10.);
#1747=VECTOR('',#6316,10.);
#1748=VECTOR('',#6317,10.);
#1749=VECTOR('',#6318,10.);
#1750=VECTOR('',#6319,10.);
#1751=VECTOR('',#6322,10.);
#1752=VECTOR('',#6323,10.);
#1753=VECTOR('',#6326,10.);
#1754=VECTOR('',#6329,10.);
#1755=VECTOR('',#6330,10.);
#1756=VECTOR('',#6331,10.);
#1757=VECTOR('',#6334,10.);
#1758=VECTOR('',#6335,10.);
#1759=VECTOR('',#6340,10.);
#1760=VECTOR('',#6341,10.);
#1761=VECTOR('',#6342,10.);
#1762=VECTOR('',#6345,10.);
#1763=VECTOR('',#6346,10.);
#1764=VECTOR('',#6347,10.);
#1765=VECTOR('',#6350,10.);
#1766=VECTOR('',#6351,10.);
#1767=VECTOR('',#6352,10.);
#1768=VECTOR('',#6355,10.);
#1769=VECTOR('',#6356,10.);
#1770=VECTOR('',#6357,10.);
#1771=VECTOR('',#6362,10.);
#1772=VECTOR('',#6363,10.);
#1773=VECTOR('',#6364,10.);
#1774=VECTOR('',#6367,10.);
#1775=VECTOR('',#6368,10.);
#1776=VECTOR('',#6369,10.);
#1777=VECTOR('',#6370,10.);
#1778=VECTOR('',#6371,10.);
#1779=VECTOR('',#6372,10.);
#1780=VECTOR('',#6373,10.);
#1781=VECTOR('',#6374,10.);
#1782=VECTOR('',#6375,10.);
#1783=VECTOR('',#6376,10.);
#1784=VECTOR('',#6377,10.);
#1785=VECTOR('',#6378,10.);
#1786=VECTOR('',#6379,10.);
#1787=VECTOR('',#6380,10.);
#1788=VECTOR('',#6381,10.);
#1789=VECTOR('',#6382,10.);
#1790=VECTOR('',#6383,10.);
#1791=VECTOR('',#6384,10.);
#1792=VECTOR('',#6385,10.);
#1793=VECTOR('',#6386,10.);
#1794=VECTOR('',#6387,10.);
#1795=VECTOR('',#6388,10.);
#1796=VECTOR('',#6389,10.);
#1797=VECTOR('',#6390,10.);
#1798=VECTOR('',#6391,10.);
#1799=VECTOR('',#6394,10.);
#1800=VECTOR('',#6395,10.);
#1801=VECTOR('',#6396,10.);
#1802=VECTOR('',#6399,10.);
#1803=VECTOR('',#6400,10.);
#1804=VECTOR('',#6401,10.);
#1805=VECTOR('',#6404,10.);
#1806=VECTOR('',#6405,10.);
#1807=VECTOR('',#6406,10.);
#1808=VECTOR('',#6409,10.);
#1809=VECTOR('',#6410,10.);
#1810=VECTOR('',#6411,10.);
#1811=VECTOR('',#6414,10.);
#1812=VECTOR('',#6415,10.);
#1813=VECTOR('',#6416,10.);
#1814=VECTOR('',#6419,10.);
#1815=VECTOR('',#6420,10.);
#1816=VECTOR('',#6421,10.);
#1817=VECTOR('',#6424,10.);
#1818=VECTOR('',#6425,10.);
#1819=VECTOR('',#6426,10.);
#1820=VECTOR('',#6429,10.);
#1821=VECTOR('',#6430,10.);
#1822=VECTOR('',#6431,10.);
#1823=VECTOR('',#6434,10.);
#1824=VECTOR('',#6435,10.);
#1825=VECTOR('',#6436,10.);
#1826=VECTOR('',#6439,10.);
#1827=VECTOR('',#6440,10.);
#1828=VECTOR('',#6441,10.);
#1829=VECTOR('',#6444,10.);
#1830=VECTOR('',#6445,10.);
#1831=VECTOR('',#6446,10.);
#1832=VECTOR('',#6449,10.);
#1833=VECTOR('',#6450,10.);
#1834=VECTOR('',#6451,10.);
#1835=VECTOR('',#6454,10.);
#1836=VECTOR('',#6455,10.);
#1837=VECTOR('',#6456,10.);
#1838=VECTOR('',#6459,10.);
#1839=VECTOR('',#6460,10.);
#1840=VECTOR('',#6461,10.);
#1841=VECTOR('',#6464,10.);
#1842=VECTOR('',#6465,10.);
#1843=VECTOR('',#6466,10.);
#1844=VECTOR('',#6469,10.);
#1845=VECTOR('',#6470,10.);
#1846=VECTOR('',#6471,10.);
#1847=VECTOR('',#6472,10.);
#1848=VECTOR('',#6473,10.);
#1849=VECTOR('',#6474,10.);
#1850=VECTOR('',#6475,10.);
#1851=VECTOR('',#6476,10.);
#1852=VECTOR('',#6477,10.);
#1853=VECTOR('',#6478,10.);
#1854=VECTOR('',#6479,10.);
#1855=VECTOR('',#6480,10.);
#1856=VECTOR('',#6481,10.);
#1857=VECTOR('',#6482,10.);
#1858=VECTOR('',#6483,10.);
#1859=VECTOR('',#6484,10.);
#1860=VECTOR('',#6485,10.);
#1861=VECTOR('',#6486,10.);
#1862=VECTOR('',#6487,10.);
#1863=VECTOR('',#6488,10.);
#1864=VECTOR('',#6489,10.);
#1865=VECTOR('',#6492,10.);
#1866=VECTOR('',#6493,10.);
#1867=VECTOR('',#6496,10.);
#1868=VECTOR('',#6497,10.);
#1869=VECTOR('',#6498,10.);
#1870=VECTOR('',#6501,10.);
#1871=VECTOR('',#6502,10.);
#1872=VECTOR('',#6505,10.);
#1873=VECTOR('',#6506,10.);
#1874=VECTOR('',#6509,10.);
#1875=VECTOR('',#6512,10.);
#1876=VECTOR('',#6513,10.);
#1877=VECTOR('',#6514,10.);
#1878=VECTOR('',#6515,10.);
#1879=VECTOR('',#6518,10.);
#1880=VECTOR('',#6521,10.);
#1881=VECTOR('',#6524,10.);
#1882=VECTOR('',#6525,10.);
#1883=VECTOR('',#6526,10.);
#1884=VECTOR('',#6527,10.);
#1885=VECTOR('',#6530,10.);
#1886=VECTOR('',#6531,10.);
#1887=VECTOR('',#6532,10.);
#1888=VECTOR('',#6535,10.);
#1889=VECTOR('',#6538,10.);
#1890=VECTOR('',#6541,10.);
#1891=VECTOR('',#6542,10.);
#1892=VECTOR('',#6543,10.);
#1893=VECTOR('',#6544,10.);
#1894=VECTOR('',#6547,10.);
#1895=VECTOR('',#6548,10.);
#1896=VECTOR('',#6549,10.);
#1897=VECTOR('',#6552,10.);
#1898=VECTOR('',#6553,10.);
#1899=VECTOR('',#6556,10.);
#1900=VECTOR('',#6557,10.);
#1901=VECTOR('',#6560,10.);
#1902=VECTOR('',#6563,10.);
#1903=VECTOR('',#6564,10.);
#1904=VECTOR('',#6565,10.);
#1905=VECTOR('',#6566,10.);
#1906=VECTOR('',#6569,10.);
#1907=VECTOR('',#6570,10.);
#1908=VECTOR('',#6571,10.);
#1909=VECTOR('',#6574,10.);
#1910=VECTOR('',#6575,10.);
#1911=VECTOR('',#6578,10.);
#1912=VECTOR('',#6579,10.);
#1913=VECTOR('',#6582,10.);
#1914=VECTOR('',#6585,10.);
#1915=VECTOR('',#6586,10.);
#1916=VECTOR('',#6587,10.);
#1917=VECTOR('',#6588,10.);
#1918=VECTOR('',#6591,10.);
#1919=VECTOR('',#6592,10.);
#1920=VECTOR('',#6595,10.);
#1921=VECTOR('',#6598,10.);
#1922=VECTOR('',#6599,10.);
#1923=VECTOR('',#6602,10.);
#1924=VECTOR('',#6605,10.);
#1925=VECTOR('',#6606,10.);
#1926=VECTOR('',#6609,10.);
#1927=VECTOR('',#6612,10.);
#1928=VECTOR('',#6613,10.);
#1929=VECTOR('',#6616,10.);
#1930=VECTOR('',#6619,10.);
#1931=VECTOR('',#6620,10.);
#1932=VECTOR('',#6623,10.);
#1933=VECTOR('',#6626,10.);
#1934=VECTOR('',#6631,10.);
#1935=VECTOR('',#6636,10.);
#1936=VECTOR('',#6641,10.);
#1937=VECTOR('',#6646,10.);
#1938=VECTOR('',#6653,1.75);
#1939=VECTOR('',#6658,10.);
#1940=VECTOR('',#6659,10.);
#1941=VECTOR('',#6660,10.);
#1942=VECTOR('',#6663,10.);
#1943=VECTOR('',#6664,10.);
#1944=VECTOR('',#6671,10.);
#1945=VECTOR('',#6676,1.75);
#1946=VECTOR('',#6681,10.);
#1947=VECTOR('',#6682,10.);
#1948=VECTOR('',#6685,10.);
#1949=VECTOR('',#6686,10.);
#1950=VECTOR('',#6687,10.);
#1951=VECTOR('',#6694,10.);
#1952=VECTOR('',#6701,1.75);
#1953=VECTOR('',#6706,10.);
#1954=VECTOR('',#6707,10.);
#1955=VECTOR('',#6710,10.);
#1956=VECTOR('',#6711,10.);
#1957=VECTOR('',#6712,10.);
#1958=VECTOR('',#6719,10.);
#1959=VECTOR('',#6726,1.75);
#1960=VECTOR('',#6731,10.);
#1961=VECTOR('',#6732,10.);
#1962=VECTOR('',#6733,10.);
#1963=VECTOR('',#6736,10.);
#1964=VECTOR('',#6737,10.);
#1965=VECTOR('',#6744,10.);
#1966=VECTOR('',#6749,10.);
#1967=VECTOR('',#6750,10.);
#1968=VECTOR('',#6751,10.);
#1969=VECTOR('',#6754,10.);
#1970=VECTOR('',#6755,10.);
#1971=VECTOR('',#6758,10.);
#1972=VECTOR('',#6763,10.);
#1973=VECTOR('',#6764,10.);
#1974=VECTOR('',#6767,10.);
#1975=VECTOR('',#6768,10.);
#1976=VECTOR('',#6771,10.);
#1977=VECTOR('',#6772,10.);
#1978=VECTOR('',#6775,10.);
#1979=VECTOR('',#6780,10.);
#1980=VECTOR('',#6781,10.);
#1981=VECTOR('',#6784,10.);
#1982=VECTOR('',#6785,10.);
#1983=VECTOR('',#6788,10.);
#1984=VECTOR('',#6789,10.);
#1985=VECTOR('',#6792,10.);
#1986=VECTOR('',#6797,10.);
#1987=VECTOR('',#6798,10.);
#1988=VECTOR('',#6801,10.);
#1989=VECTOR('',#6802,10.);
#1990=VECTOR('',#6805,10.);
#1991=VECTOR('',#6806,10.);
#1992=VECTOR('',#6809,10.);
#1993=VECTOR('',#6814,10.);
#1994=VECTOR('',#6819,10.);
#1995=VECTOR('',#6820,10.);
#1996=VECTOR('',#6821,10.);
#1997=VECTOR('',#6824,10.);
#1998=VECTOR('',#6825,10.);
#1999=VECTOR('',#6828,10.);
#2000=VECTOR('',#6833,10.);
#2001=VECTOR('',#6834,10.);
#2002=VECTOR('',#6837,10.);
#2003=VECTOR('',#6838,10.);
#2004=VECTOR('',#6841,10.);
#2005=VECTOR('',#6842,10.);
#2006=VECTOR('',#6845,10.);
#2007=VECTOR('',#6850,10.);
#2008=VECTOR('',#6851,10.);
#2009=VECTOR('',#6854,10.);
#2010=VECTOR('',#6855,10.);
#2011=VECTOR('',#6858,10.);
#2012=VECTOR('',#6859,10.);
#2013=VECTOR('',#6862,10.);
#2014=VECTOR('',#6867,10.);
#2015=VECTOR('',#6868,10.);
#2016=VECTOR('',#6871,10.);
#2017=VECTOR('',#6872,10.);
#2018=VECTOR('',#6875,10.);
#2019=VECTOR('',#6876,10.);
#2020=VECTOR('',#6879,10.);
#2021=VECTOR('',#6884,10.);
#2022=VECTOR('',#6889,10.);
#2023=VECTOR('',#6890,10.);
#2024=VECTOR('',#6891,10.);
#2025=VECTOR('',#6894,10.);
#2026=VECTOR('',#6895,10.);
#2027=VECTOR('',#6898,10.);
#2028=VECTOR('',#6903,10.);
#2029=VECTOR('',#6904,10.);
#2030=VECTOR('',#6907,10.);
#2031=VECTOR('',#6908,10.);
#2032=VECTOR('',#6911,10.);
#2033=VECTOR('',#6912,10.);
#2034=VECTOR('',#6915,10.);
#2035=VECTOR('',#6920,10.);
#2036=VECTOR('',#6921,10.);
#2037=VECTOR('',#6924,10.);
#2038=VECTOR('',#6925,10.);
#2039=VECTOR('',#6928,10.);
#2040=VECTOR('',#6929,10.);
#2041=VECTOR('',#6932,10.);
#2042=VECTOR('',#6937,10.);
#2043=VECTOR('',#6938,10.);
#2044=VECTOR('',#6941,10.);
#2045=VECTOR('',#6942,10.);
#2046=VECTOR('',#6945,10.);
#2047=VECTOR('',#6946,10.);
#2048=VECTOR('',#6949,10.);
#2049=VECTOR('',#6954,10.);
#2050=VECTOR('',#6959,10.);
#2051=VECTOR('',#6960,10.);
#2052=VECTOR('',#6961,10.);
#2053=VECTOR('',#6964,10.);
#2054=VECTOR('',#6965,10.);
#2055=VECTOR('',#6968,10.);
#2056=VECTOR('',#6973,10.);
#2057=VECTOR('',#6974,10.);
#2058=VECTOR('',#6977,10.);
#2059=VECTOR('',#6978,10.);
#2060=VECTOR('',#6981,10.);
#2061=VECTOR('',#6982,10.);
#2062=VECTOR('',#6985,10.);
#2063=VECTOR('',#6990,10.);
#2064=VECTOR('',#6991,10.);
#2065=VECTOR('',#6994,10.);
#2066=VECTOR('',#6995,10.);
#2067=VECTOR('',#6998,10.);
#2068=VECTOR('',#6999,10.);
#2069=VECTOR('',#7002,10.);
#2070=VECTOR('',#7007,10.);
#2071=VECTOR('',#7008,10.);
#2072=VECTOR('',#7011,10.);
#2073=VECTOR('',#7012,10.);
#2074=VECTOR('',#7015,10.);
#2075=VECTOR('',#7016,10.);
#2076=VECTOR('',#7019,10.);
#2077=VECTOR('',#7024,10.);
#2078=VECTOR('',#7029,10.);
#2079=VECTOR('',#7030,10.);
#2080=VECTOR('',#7031,10.);
#2081=VECTOR('',#7034,10.);
#2082=VECTOR('',#7035,10.);
#2083=VECTOR('',#7038,10.);
#2084=VECTOR('',#7043,10.);
#2085=VECTOR('',#7044,10.);
#2086=VECTOR('',#7047,10.);
#2087=VECTOR('',#7048,10.);
#2088=VECTOR('',#7051,10.);
#2089=VECTOR('',#7052,10.);
#2090=VECTOR('',#7055,10.);
#2091=VECTOR('',#7060,10.);
#2092=VECTOR('',#7061,10.);
#2093=VECTOR('',#7064,10.);
#2094=VECTOR('',#7065,10.);
#2095=VECTOR('',#7068,10.);
#2096=VECTOR('',#7069,10.);
#2097=VECTOR('',#7072,10.);
#2098=VECTOR('',#7077,10.);
#2099=VECTOR('',#7078,10.);
#2100=VECTOR('',#7081,10.);
#2101=VECTOR('',#7082,10.);
#2102=VECTOR('',#7085,10.);
#2103=VECTOR('',#7086,10.);
#2104=VECTOR('',#7089,10.);
#2105=VECTOR('',#7094,10.);
#2106=VECTOR('',#7099,10.);
#2107=VECTOR('',#7100,10.);
#2108=VECTOR('',#7103,10.);
#2109=VECTOR('',#7106,10.);
#2110=VECTOR('',#7111,10.);
#2111=VECTOR('',#7112,10.);
#2112=VECTOR('',#7115,10.);
#2113=VECTOR('',#7118,10.);
#2114=VECTOR('',#7123,10.);
#2115=VECTOR('',#7124,10.);
#2116=VECTOR('',#7127,10.);
#2117=VECTOR('',#7130,10.);
#2118=VECTOR('',#7135,10.);
#2119=VECTOR('',#7136,10.);
#2120=VECTOR('',#7139,10.);
#2121=VECTOR('',#7142,10.);
#2122=VECTOR('',#7147,10.);
#2123=VECTOR('',#7148,10.);
#2124=VECTOR('',#7151,10.);
#2125=VECTOR('',#7154,10.);
#2126=VECTOR('',#7163,10.);
#2127=VECTOR('',#7164,10.);
#2128=VECTOR('',#7165,10.);
#2129=VECTOR('',#7168,10.);
#2130=VECTOR('',#7171,10.);
#2131=VECTOR('',#7174,10.);
#2132=VECTOR('',#7177,10.);
#2133=VECTOR('',#7184,10.);
#2134=VECTOR('',#7185,10.);
#2135=VECTOR('',#7186,10.);
#2136=VECTOR('',#7189,10.);
#2137=VECTOR('',#7194,10.);
#2138=VECTOR('',#7195,10.);
#2139=VECTOR('',#7198,10.);
#2140=VECTOR('',#7203,10.);
#2141=VECTOR('',#7204,10.);
#2142=VECTOR('',#7207,10.);
#2143=VECTOR('',#7212,10.);
#2144=VECTOR('',#7213,10.);
#2145=VECTOR('',#7228,2.5);
#2146=VECTOR('',#7231,1.25);
#2147=VECTOR('',#7240,2.5);
#2148=VECTOR('',#7243,1.25);
#2149=VECTOR('',#7252,2.5);
#2150=VECTOR('',#7255,1.25);
#2151=VECTOR('',#7262,2.5);
#2152=VECTOR('',#7265,10.);
#2153=VECTOR('',#7266,10.);
#2154=VECTOR('',#7267,10.);
#2155=VECTOR('',#7276,10.);
#2156=VECTOR('',#7277,10.);
#2157=VECTOR('',#7280,10.);
#2158=VERTEX_POINT('',#7287);
#2159=VERTEX_POINT('',#7288);
#2160=VERTEX_POINT('',#7290);
#2161=VERTEX_POINT('',#7292);
#2162=VERTEX_POINT('',#7296);
#2163=VERTEX_POINT('',#7298);
#2164=VERTEX_POINT('',#7305);
#2165=VERTEX_POINT('',#7306);
#2166=VERTEX_POINT('',#7308);
#2167=VERTEX_POINT('',#7310);
#2168=VERTEX_POINT('',#7314);
#2169=VERTEX_POINT('',#7316);
#2170=VERTEX_POINT('',#7323);
#2171=VERTEX_POINT('',#7324);
#2172=VERTEX_POINT('',#7326);
#2173=VERTEX_POINT('',#7328);
#2174=VERTEX_POINT('',#7332);
#2175=VERTEX_POINT('',#7334);
#2176=VERTEX_POINT('',#7336);
#2177=VERTEX_POINT('',#7338);
#2178=VERTEX_POINT('',#7340);
#2179=VERTEX_POINT('',#7342);
#2180=VERTEX_POINT('',#7345);
#2181=VERTEX_POINT('',#7347);
#2182=VERTEX_POINT('',#7349);
#2183=VERTEX_POINT('',#7351);
#2184=VERTEX_POINT('',#7353);
#2185=VERTEX_POINT('',#7355);
#2186=VERTEX_POINT('',#7357);
#2187=VERTEX_POINT('',#7359);
#2188=VERTEX_POINT('',#7361);
#2189=VERTEX_POINT('',#7363);
#2190=VERTEX_POINT('',#7364);
#2191=VERTEX_POINT('',#7366);
#2192=VERTEX_POINT('',#7368);
#2193=VERTEX_POINT('',#7371);
#2194=VERTEX_POINT('',#7372);
#2195=VERTEX_POINT('',#7374);
#2196=VERTEX_POINT('',#7376);
#2197=VERTEX_POINT('',#7379);
#2198=VERTEX_POINT('',#7380);
#2199=VERTEX_POINT('',#7382);
#2200=VERTEX_POINT('',#7384);
#2201=VERTEX_POINT('',#7387);
#2202=VERTEX_POINT('',#7388);
#2203=VERTEX_POINT('',#7390);
#2204=VERTEX_POINT('',#7392);
#2205=VERTEX_POINT('',#7395);
#2206=VERTEX_POINT('',#7396);
#2207=VERTEX_POINT('',#7398);
#2208=VERTEX_POINT('',#7400);
#2209=VERTEX_POINT('',#7403);
#2210=VERTEX_POINT('',#7404);
#2211=VERTEX_POINT('',#7406);
#2212=VERTEX_POINT('',#7408);
#2213=VERTEX_POINT('',#7411);
#2214=VERTEX_POINT('',#7412);
#2215=VERTEX_POINT('',#7414);
#2216=VERTEX_POINT('',#7416);
#2217=VERTEX_POINT('',#7419);
#2218=VERTEX_POINT('',#7420);
#2219=VERTEX_POINT('',#7422);
#2220=VERTEX_POINT('',#7424);
#2221=VERTEX_POINT('',#7427);
#2222=VERTEX_POINT('',#7428);
#2223=VERTEX_POINT('',#7430);
#2224=VERTEX_POINT('',#7432);
#2225=VERTEX_POINT('',#7435);
#2226=VERTEX_POINT('',#7436);
#2227=VERTEX_POINT('',#7438);
#2228=VERTEX_POINT('',#7440);
#2229=VERTEX_POINT('',#7444);
#2230=VERTEX_POINT('',#7448);
#2231=VERTEX_POINT('',#7451);
#2232=VERTEX_POINT('',#7452);
#2233=VERTEX_POINT('',#7454);
#2234=VERTEX_POINT('',#7458);
#2235=VERTEX_POINT('',#7462);
#2236=VERTEX_POINT('',#7464);
#2237=VERTEX_POINT('',#7466);
#2238=VERTEX_POINT('',#7469);
#2239=VERTEX_POINT('',#7471);
#2240=VERTEX_POINT('',#7473);
#2241=VERTEX_POINT('',#7475);
#2242=VERTEX_POINT('',#7477);
#2243=VERTEX_POINT('',#7478);
#2244=VERTEX_POINT('',#7480);
#2245=VERTEX_POINT('',#7482);
#2246=VERTEX_POINT('',#7484);
#2247=VERTEX_POINT('',#7486);
#2248=VERTEX_POINT('',#7488);
#2249=VERTEX_POINT('',#7490);
#2250=VERTEX_POINT('',#7492);
#2251=VERTEX_POINT('',#7494);
#2252=VERTEX_POINT('',#7496);
#2253=VERTEX_POINT('',#7498);
#2254=VERTEX_POINT('',#7500);
#2255=VERTEX_POINT('',#7502);
#2256=VERTEX_POINT('',#7504);
#2257=VERTEX_POINT('',#7506);
#2258=VERTEX_POINT('',#7508);
#2259=VERTEX_POINT('',#7510);
#2260=VERTEX_POINT('',#7512);
#2261=VERTEX_POINT('',#7514);
#2262=VERTEX_POINT('',#7525);
#2263=VERTEX_POINT('',#7526);
#2264=VERTEX_POINT('',#7531);
#2265=VERTEX_POINT('',#7532);
#2266=VERTEX_POINT('',#7537);
#2267=VERTEX_POINT('',#7538);
#2268=VERTEX_POINT('',#7543);
#2269=VERTEX_POINT('',#7544);
#2270=VERTEX_POINT('',#7549);
#2271=VERTEX_POINT('',#7550);
#2272=VERTEX_POINT('',#7555);
#2273=VERTEX_POINT('',#7556);
#2274=VERTEX_POINT('',#7561);
#2275=VERTEX_POINT('',#7565);
#2276=VERTEX_POINT('',#7567);
#2277=VERTEX_POINT('',#7571);
#2278=VERTEX_POINT('',#7573);
#2279=VERTEX_POINT('',#7577);
#2280=VERTEX_POINT('',#7580);
#2281=VERTEX_POINT('',#7582);
#2282=VERTEX_POINT('',#7584);
#2283=VERTEX_POINT('',#7586);
#2284=VERTEX_POINT('',#7588);
#2285=VERTEX_POINT('',#7592);
#2286=VERTEX_POINT('',#7597);
#2287=VERTEX_POINT('',#7599);
#2288=VERTEX_POINT('',#7601);
#2289=VERTEX_POINT('',#7603);
#2290=VERTEX_POINT('',#7605);
#2291=VERTEX_POINT('',#7609);
#2292=VERTEX_POINT('',#7620);
#2293=VERTEX_POINT('',#7628);
#2294=VERTEX_POINT('',#7632);
#2295=VERTEX_POINT('',#7636);
#2296=VERTEX_POINT('',#7640);
#2297=VERTEX_POINT('',#7644);
#2298=VERTEX_POINT('',#7648);
#2299=VERTEX_POINT('',#7652);
#2300=VERTEX_POINT('',#7656);
#2301=VERTEX_POINT('',#7657);
#2302=VERTEX_POINT('',#7659);
#2303=VERTEX_POINT('',#7661);
#2304=VERTEX_POINT('',#7665);
#2305=VERTEX_POINT('',#7666);
#2306=VERTEX_POINT('',#7668);
#2307=VERTEX_POINT('',#7670);
#2308=VERTEX_POINT('',#7677);
#2309=VERTEX_POINT('',#7678);
#2310=VERTEX_POINT('',#7680);
#2311=VERTEX_POINT('',#7682);
#2312=VERTEX_POINT('',#7686);
#2313=VERTEX_POINT('',#7687);
#2314=VERTEX_POINT('',#7689);
#2315=VERTEX_POINT('',#7691);
#2316=VERTEX_POINT('',#7699);
#2317=VERTEX_POINT('',#7701);
#2318=VERTEX_POINT('',#7703);
#2319=VERTEX_POINT('',#7705);
#2320=VERTEX_POINT('',#7711);
#2321=VERTEX_POINT('',#7712);
#2322=VERTEX_POINT('',#7714);
#2323=VERTEX_POINT('',#7716);
#2324=VERTEX_POINT('',#7720);
#2325=VERTEX_POINT('',#7721);
#2326=VERTEX_POINT('',#7723);
#2327=VERTEX_POINT('',#7725);
#2328=VERTEX_POINT('',#7732);
#2329=VERTEX_POINT('',#7733);
#2330=VERTEX_POINT('',#7735);
#2331=VERTEX_POINT('',#7737);
#2332=VERTEX_POINT('',#7741);
#2333=VERTEX_POINT('',#7742);
#2334=VERTEX_POINT('',#7744);
#2335=VERTEX_POINT('',#7746);
#2336=VERTEX_POINT('',#7754);
#2337=VERTEX_POINT('',#7756);
#2338=VERTEX_POINT('',#7758);
#2339=VERTEX_POINT('',#7760);
#2340=VERTEX_POINT('',#7766);
#2341=VERTEX_POINT('',#7767);
#2342=VERTEX_POINT('',#7769);
#2343=VERTEX_POINT('',#7771);
#2344=VERTEX_POINT('',#7775);
#2345=VERTEX_POINT('',#7776);
#2346=VERTEX_POINT('',#7778);
#2347=VERTEX_POINT('',#7780);
#2348=VERTEX_POINT('',#7787);
#2349=VERTEX_POINT('',#7788);
#2350=VERTEX_POINT('',#7790);
#2351=VERTEX_POINT('',#7792);
#2352=VERTEX_POINT('',#7796);
#2353=VERTEX_POINT('',#7797);
#2354=VERTEX_POINT('',#7799);
#2355=VERTEX_POINT('',#7801);
#2356=VERTEX_POINT('',#7809);
#2357=VERTEX_POINT('',#7811);
#2358=VERTEX_POINT('',#7813);
#2359=VERTEX_POINT('',#7815);
#2360=VERTEX_POINT('',#7821);
#2361=VERTEX_POINT('',#7822);
#2362=VERTEX_POINT('',#7824);
#2363=VERTEX_POINT('',#7826);
#2364=VERTEX_POINT('',#7830);
#2365=VERTEX_POINT('',#7831);
#2366=VERTEX_POINT('',#7833);
#2367=VERTEX_POINT('',#7835);
#2368=VERTEX_POINT('',#7842);
#2369=VERTEX_POINT('',#7843);
#2370=VERTEX_POINT('',#7845);
#2371=VERTEX_POINT('',#7847);
#2372=VERTEX_POINT('',#7851);
#2373=VERTEX_POINT('',#7852);
#2374=VERTEX_POINT('',#7854);
#2375=VERTEX_POINT('',#7856);
#2376=VERTEX_POINT('',#7863);
#2377=VERTEX_POINT('',#7865);
#2378=VERTEX_POINT('',#7867);
#2379=VERTEX_POINT('',#7869);
#2380=VERTEX_POINT('',#7871);
#2381=VERTEX_POINT('',#7873);
#2382=VERTEX_POINT('',#7876);
#2383=VERTEX_POINT('',#7878);
#2384=VERTEX_POINT('',#7880);
#2385=VERTEX_POINT('',#7882);
#2386=VERTEX_POINT('',#7884);
#2387=VERTEX_POINT('',#7886);
#2388=VERTEX_POINT('',#7888);
#2389=VERTEX_POINT('',#7890);
#2390=VERTEX_POINT('',#7892);
#2391=VERTEX_POINT('',#7894);
#2392=VERTEX_POINT('',#7896);
#2393=VERTEX_POINT('',#7898);
#2394=VERTEX_POINT('',#7900);
#2395=VERTEX_POINT('',#7902);
#2396=VERTEX_POINT('',#7904);
#2397=VERTEX_POINT('',#7906);
#2398=VERTEX_POINT('',#7908);
#2399=VERTEX_POINT('',#7910);
#2400=VERTEX_POINT('',#7913);
#2401=VERTEX_POINT('',#7915);
#2402=VERTEX_POINT('',#7917);
#2403=VERTEX_POINT('',#7919);
#2404=VERTEX_POINT('',#7921);
#2405=VERTEX_POINT('',#7924);
#2406=VERTEX_POINT('',#7927);
#2407=VERTEX_POINT('',#7930);
#2408=VERTEX_POINT('',#7933);
#2409=VERTEX_POINT('',#7935);
#2410=VERTEX_POINT('',#7937);
#2411=VERTEX_POINT('',#7939);
#2412=VERTEX_POINT('',#7942);
#2413=VERTEX_POINT('',#7945);
#2414=VERTEX_POINT('',#7948);
#2415=VERTEX_POINT('',#7951);
#2416=VERTEX_POINT('',#7953);
#2417=VERTEX_POINT('',#7955);
#2418=VERTEX_POINT('',#7957);
#2419=VERTEX_POINT('',#7960);
#2420=VERTEX_POINT('',#7961);
#2421=VERTEX_POINT('',#7963);
#2422=VERTEX_POINT('',#7965);
#2423=VERTEX_POINT('',#7967);
#2424=VERTEX_POINT('',#7969);
#2425=VERTEX_POINT('',#7971);
#2426=VERTEX_POINT('',#7973);
#2427=VERTEX_POINT('',#7975);
#2428=VERTEX_POINT('',#7977);
#2429=VERTEX_POINT('',#7979);
#2430=VERTEX_POINT('',#7981);
#2431=VERTEX_POINT('',#7983);
#2432=VERTEX_POINT('',#7985);
#2433=VERTEX_POINT('',#7987);
#2434=VERTEX_POINT('',#7989);
#2435=VERTEX_POINT('',#7992);
#2436=VERTEX_POINT('',#7993);
#2437=VERTEX_POINT('',#7995);
#2438=VERTEX_POINT('',#7997);
#2439=VERTEX_POINT('',#7999);
#2440=VERTEX_POINT('',#8001);
#2441=VERTEX_POINT('',#8003);
#2442=VERTEX_POINT('',#8005);
#2443=VERTEX_POINT('',#8007);
#2444=VERTEX_POINT('',#8009);
#2445=VERTEX_POINT('',#8011);
#2446=VERTEX_POINT('',#8013);
#2447=VERTEX_POINT('',#8015);
#2448=VERTEX_POINT('',#8017);
#2449=VERTEX_POINT('',#8019);
#2450=VERTEX_POINT('',#8021);
#2451=VERTEX_POINT('',#8024);
#2452=VERTEX_POINT('',#8025);
#2453=VERTEX_POINT('',#8027);
#2454=VERTEX_POINT('',#8029);
#2455=VERTEX_POINT('',#8031);
#2456=VERTEX_POINT('',#8033);
#2457=VERTEX_POINT('',#8035);
#2458=VERTEX_POINT('',#8037);
#2459=VERTEX_POINT('',#8039);
#2460=VERTEX_POINT('',#8041);
#2461=VERTEX_POINT('',#8043);
#2462=VERTEX_POINT('',#8045);
#2463=VERTEX_POINT('',#8047);
#2464=VERTEX_POINT('',#8049);
#2465=VERTEX_POINT('',#8051);
#2466=VERTEX_POINT('',#8053);
#2467=VERTEX_POINT('',#8056);
#2468=VERTEX_POINT('',#8057);
#2469=VERTEX_POINT('',#8059);
#2470=VERTEX_POINT('',#8061);
#2471=VERTEX_POINT('',#8063);
#2472=VERTEX_POINT('',#8065);
#2473=VERTEX_POINT('',#8067);
#2474=VERTEX_POINT('',#8069);
#2475=VERTEX_POINT('',#8071);
#2476=VERTEX_POINT('',#8073);
#2477=VERTEX_POINT('',#8075);
#2478=VERTEX_POINT('',#8077);
#2479=VERTEX_POINT('',#8079);
#2480=VERTEX_POINT('',#8081);
#2481=VERTEX_POINT('',#8083);
#2482=VERTEX_POINT('',#8085);
#2483=VERTEX_POINT('',#8088);
#2484=VERTEX_POINT('',#8089);
#2485=VERTEX_POINT('',#8091);
#2486=VERTEX_POINT('',#8093);
#2487=VERTEX_POINT('',#8096);
#2488=VERTEX_POINT('',#8097);
#2489=VERTEX_POINT('',#8099);
#2490=VERTEX_POINT('',#8101);
#2491=VERTEX_POINT('',#8104);
#2492=VERTEX_POINT('',#8105);
#2493=VERTEX_POINT('',#8107);
#2494=VERTEX_POINT('',#8109);
#2495=VERTEX_POINT('',#8112);
#2496=VERTEX_POINT('',#8113);
#2497=VERTEX_POINT('',#8115);
#2498=VERTEX_POINT('',#8117);
#2499=VERTEX_POINT('',#8120);
#2500=VERTEX_POINT('',#8121);
#2501=VERTEX_POINT('',#8123);
#2502=VERTEX_POINT('',#8125);
#2503=VERTEX_POINT('',#8132);
#2504=VERTEX_POINT('',#8134);
#2505=VERTEX_POINT('',#8138);
#2506=VERTEX_POINT('',#8142);
#2507=VERTEX_POINT('',#8148);
#2508=VERTEX_POINT('',#8149);
#2509=VERTEX_POINT('',#8151);
#2510=VERTEX_POINT('',#8153);
#2511=VERTEX_POINT('',#8161);
#2512=VERTEX_POINT('',#8162);
#2513=VERTEX_POINT('',#8164);
#2514=VERTEX_POINT('',#8166);
#2515=VERTEX_POINT('',#8170);
#2516=VERTEX_POINT('',#8172);
#2517=VERTEX_POINT('',#8180);
#2518=VERTEX_POINT('',#8181);
#2519=VERTEX_POINT('',#8183);
#2520=VERTEX_POINT('',#8185);
#2521=VERTEX_POINT('',#8189);
#2522=VERTEX_POINT('',#8191);
#2523=VERTEX_POINT('',#8195);
#2524=VERTEX_POINT('',#8199);
#2525=VERTEX_POINT('',#8205);
#2526=VERTEX_POINT('',#8206);
#2527=VERTEX_POINT('',#8208);
#2528=VERTEX_POINT('',#8210);
#2529=VERTEX_POINT('',#8214);
#2530=VERTEX_POINT('',#8216);
#2531=VERTEX_POINT('',#8220);
#2532=VERTEX_POINT('',#8224);
#2533=VERTEX_POINT('',#8230);
#2534=VERTEX_POINT('',#8231);
#2535=VERTEX_POINT('',#8233);
#2536=VERTEX_POINT('',#8235);
#2537=VERTEX_POINT('',#8279);
#2538=VERTEX_POINT('',#8281);
#2539=VERTEX_POINT('',#8285);
#2540=VERTEX_POINT('',#8287);
#2541=VERTEX_POINT('',#8291);
#2542=VERTEX_POINT('',#8299);
#2543=VERTEX_POINT('',#8301);
#2544=VERTEX_POINT('',#8305);
#2545=VERTEX_POINT('',#8309);
#2546=VERTEX_POINT('',#8311);
#2547=VERTEX_POINT('',#8320);
#2548=VERTEX_POINT('',#8322);
#2549=VERTEX_POINT('',#8326);
#2550=VERTEX_POINT('',#8330);
#2551=VERTEX_POINT('',#8332);
#2552=VERTEX_POINT('',#8341);
#2553=VERTEX_POINT('',#8343);
#2554=VERTEX_POINT('',#8347);
#2555=VERTEX_POINT('',#8349);
#2556=VERTEX_POINT('',#8353);
#2557=VERTEX_POINT('',#8362);
#2558=VERTEX_POINT('',#8364);
#2559=VERTEX_POINT('',#8368);
#2560=VERTEX_POINT('',#8372);
#2561=VERTEX_POINT('',#8376);
#2562=VERTEX_POINT('',#8380);
#2563=VERTEX_POINT('',#8384);
#2564=VERTEX_POINT('',#8388);
#2565=VERTEX_POINT('',#8392);
#2566=VERTEX_POINT('',#8396);
#2567=VERTEX_POINT('',#8400);
#2568=VERTEX_POINT('',#8404);
#2569=VERTEX_POINT('',#8408);
#2570=VERTEX_POINT('',#8412);
#2571=VERTEX_POINT('',#8416);
#2572=VERTEX_POINT('',#8420);
#2573=VERTEX_POINT('',#8427);
#2574=VERTEX_POINT('',#8429);
#2575=VERTEX_POINT('',#8433);
#2576=VERTEX_POINT('',#8437);
#2577=VERTEX_POINT('',#8441);
#2578=VERTEX_POINT('',#8445);
#2579=VERTEX_POINT('',#8449);
#2580=VERTEX_POINT('',#8453);
#2581=VERTEX_POINT('',#8457);
#2582=VERTEX_POINT('',#8461);
#2583=VERTEX_POINT('',#8465);
#2584=VERTEX_POINT('',#8469);
#2585=VERTEX_POINT('',#8473);
#2586=VERTEX_POINT('',#8477);
#2587=VERTEX_POINT('',#8481);
#2588=VERTEX_POINT('',#8485);
#2589=VERTEX_POINT('',#8492);
#2590=VERTEX_POINT('',#8494);
#2591=VERTEX_POINT('',#8498);
#2592=VERTEX_POINT('',#8502);
#2593=VERTEX_POINT('',#8506);
#2594=VERTEX_POINT('',#8510);
#2595=VERTEX_POINT('',#8514);
#2596=VERTEX_POINT('',#8518);
#2597=VERTEX_POINT('',#8522);
#2598=VERTEX_POINT('',#8526);
#2599=VERTEX_POINT('',#8530);
#2600=VERTEX_POINT('',#8534);
#2601=VERTEX_POINT('',#8538);
#2602=VERTEX_POINT('',#8542);
#2603=VERTEX_POINT('',#8546);
#2604=VERTEX_POINT('',#8550);
#2605=VERTEX_POINT('',#8557);
#2606=VERTEX_POINT('',#8559);
#2607=VERTEX_POINT('',#8563);
#2608=VERTEX_POINT('',#8567);
#2609=VERTEX_POINT('',#8571);
#2610=VERTEX_POINT('',#8575);
#2611=VERTEX_POINT('',#8579);
#2612=VERTEX_POINT('',#8583);
#2613=VERTEX_POINT('',#8587);
#2614=VERTEX_POINT('',#8591);
#2615=VERTEX_POINT('',#8595);
#2616=VERTEX_POINT('',#8599);
#2617=VERTEX_POINT('',#8603);
#2618=VERTEX_POINT('',#8607);
#2619=VERTEX_POINT('',#8611);
#2620=VERTEX_POINT('',#8615);
#2621=VERTEX_POINT('',#8622);
#2622=VERTEX_POINT('',#8624);
#2623=VERTEX_POINT('',#8628);
#2624=VERTEX_POINT('',#8632);
#2625=VERTEX_POINT('',#8636);
#2626=VERTEX_POINT('',#8640);
#2627=VERTEX_POINT('',#8644);
#2628=VERTEX_POINT('',#8648);
#2629=VERTEX_POINT('',#8652);
#2630=VERTEX_POINT('',#8656);
#2631=VERTEX_POINT('',#8660);
#2632=VERTEX_POINT('',#8664);
#2633=VERTEX_POINT('',#8668);
#2634=VERTEX_POINT('',#8672);
#2635=VERTEX_POINT('',#8676);
#2636=VERTEX_POINT('',#8680);
#2637=VERTEX_POINT('',#8728);
#2638=VERTEX_POINT('',#8729);
#2639=VERTEX_POINT('',#8731);
#2640=VERTEX_POINT('',#8734);
#2641=VERTEX_POINT('',#8735);
#2642=VERTEX_POINT('',#8738);
#2643=VERTEX_POINT('',#8739);
#2644=VERTEX_POINT('',#8741);
#2645=VERTEX_POINT('',#8743);
#2646=VERTEX_POINT('',#8745);
#2647=VERTEX_POINT('',#8747);
#2648=VERTEX_POINT('',#8749);
#2649=VERTEX_POINT('',#8751);
#2650=VERTEX_POINT('',#8756);
#2651=VERTEX_POINT('',#8758);
#2652=VERTEX_POINT('',#8762);
#2653=VERTEX_POINT('',#8766);
#2654=VERTEX_POINT('',#8770);
#2655=VERTEX_POINT('',#8774);
#2656=VERTEX_POINT('',#8778);
#2657=VERTEX_POINT('',#8782);
#2658=VERTEX_POINT('',#8789);
#2659=VERTEX_POINT('',#8791);
#2660=VERTEX_POINT('',#8798);
#2661=VERTEX_POINT('',#8800);
#2662=VERTEX_POINT('',#8807);
#2663=VERTEX_POINT('',#8809);
#2664=VERTEX_POINT('',#8816);
#2665=VERTEX_POINT('',#8821);
#2666=VERTEX_POINT('',#8823);
#2667=EDGE_CURVE('',#2158,#2159,#858,.T.);
#2668=EDGE_CURVE('',#2160,#2158,#859,.T.);
#2669=EDGE_CURVE('',#2161,#2160,#860,.T.);
#2670=EDGE_CURVE('',#2161,#2159,#861,.T.);
#2671=EDGE_CURVE('',#2159,#2162,#75,.T.);
#2672=EDGE_CURVE('',#2163,#2161,#76,.T.);
#2673=EDGE_CURVE('',#2163,#2162,#862,.T.);
#2674=EDGE_CURVE('',#2162,#2158,#863,.T.);
#2675=EDGE_CURVE('',#2160,#2163,#864,.T.);
#2676=EDGE_CURVE('',#2164,#2165,#865,.T.);
#2677=EDGE_CURVE('',#2166,#2164,#866,.T.);
#2678=EDGE_CURVE('',#2167,#2166,#867,.T.);
#2679=EDGE_CURVE('',#2167,#2165,#868,.T.);
#2680=EDGE_CURVE('',#2165,#2168,#77,.T.);
#2681=EDGE_CURVE('',#2169,#2167,#78,.T.);
#2682=EDGE_CURVE('',#2169,#2168,#869,.T.);
#2683=EDGE_CURVE('',#2168,#2164,#870,.T.);
#2684=EDGE_CURVE('',#2166,#2169,#871,.T.);
#2685=EDGE_CURVE('',#2170,#2171,#79,.T.);
#2686=EDGE_CURVE('',#2171,#2172,#872,.T.);
#2687=EDGE_CURVE('',#2172,#2173,#80,.T.);
#2688=EDGE_CURVE('',#2173,#2170,#873,.T.);
#2689=EDGE_CURVE('',#2172,#2174,#874,.T.);
#2690=EDGE_CURVE('',#2175,#2174,#81,.T.);
#2691=EDGE_CURVE('',#2175,#2176,#875,.T.);
#2692=EDGE_CURVE('',#2177,#2176,#82,.T.);
#2693=EDGE_CURVE('',#2177,#2178,#876,.T.);
#2694=EDGE_CURVE('',#2179,#2178,#83,.T.);
#2695=EDGE_CURVE('',#2179,#2173,#877,.T.);
#2696=EDGE_CURVE('',#2180,#2180,#84,.T.);
#2697=EDGE_CURVE('',#2181,#2181,#85,.T.);
#2698=EDGE_CURVE('',#2182,#2182,#86,.T.);
#2699=EDGE_CURVE('',#2183,#2183,#87,.T.);
#2700=EDGE_CURVE('',#2184,#2184,#88,.T.);
#2701=EDGE_CURVE('',#2185,#2185,#89,.T.);
#2702=EDGE_CURVE('',#2186,#2186,#90,.T.);
#2703=EDGE_CURVE('',#2187,#2187,#91,.T.);
#2704=EDGE_CURVE('',#2188,#2188,#92,.T.);
#2705=EDGE_CURVE('',#2189,#2190,#878,.T.);
#2706=EDGE_CURVE('',#2190,#2191,#879,.T.);
#2707=EDGE_CURVE('',#2191,#2192,#880,.T.);
#2708=EDGE_CURVE('',#2192,#2189,#881,.T.);
#2709=EDGE_CURVE('',#2193,#2194,#882,.T.);
#2710=EDGE_CURVE('',#2194,#2195,#883,.T.);
#2711=EDGE_CURVE('',#2195,#2196,#884,.T.);
#2712=EDGE_CURVE('',#2196,#2193,#885,.T.);
#2713=EDGE_CURVE('',#2197,#2198,#886,.T.);
#2714=EDGE_CURVE('',#2198,#2199,#887,.T.);
#2715=EDGE_CURVE('',#2199,#2200,#888,.T.);
#2716=EDGE_CURVE('',#2200,#2197,#889,.T.);
#2717=EDGE_CURVE('',#2201,#2202,#890,.T.);
#2718=EDGE_CURVE('',#2202,#2203,#891,.T.);
#2719=EDGE_CURVE('',#2203,#2204,#892,.T.);
#2720=EDGE_CURVE('',#2204,#2201,#893,.T.);
#2721=EDGE_CURVE('',#2205,#2206,#894,.T.);
#2722=EDGE_CURVE('',#2206,#2207,#895,.T.);
#2723=EDGE_CURVE('',#2207,#2208,#896,.T.);
#2724=EDGE_CURVE('',#2208,#2205,#897,.T.);
#2725=EDGE_CURVE('',#2209,#2210,#898,.T.);
#2726=EDGE_CURVE('',#2210,#2211,#899,.T.);
#2727=EDGE_CURVE('',#2211,#2212,#900,.T.);
#2728=EDGE_CURVE('',#2212,#2209,#901,.T.);
#2729=EDGE_CURVE('',#2213,#2214,#902,.T.);
#2730=EDGE_CURVE('',#2214,#2215,#903,.T.);
#2731=EDGE_CURVE('',#2215,#2216,#904,.T.);
#2732=EDGE_CURVE('',#2216,#2213,#905,.T.);
#2733=EDGE_CURVE('',#2217,#2218,#906,.T.);
#2734=EDGE_CURVE('',#2218,#2219,#907,.T.);
#2735=EDGE_CURVE('',#2219,#2220,#908,.T.);
#2736=EDGE_CURVE('',#2220,#2217,#909,.T.);
#2737=EDGE_CURVE('',#2221,#2222,#910,.T.);
#2738=EDGE_CURVE('',#2222,#2223,#911,.T.);
#2739=EDGE_CURVE('',#2223,#2224,#912,.T.);
#2740=EDGE_CURVE('',#2224,#2221,#913,.T.);
#2741=EDGE_CURVE('',#2225,#2226,#914,.T.);
#2742=EDGE_CURVE('',#2226,#2227,#915,.T.);
#2743=EDGE_CURVE('',#2227,#2228,#916,.T.);
#2744=EDGE_CURVE('',#2228,#2225,#917,.T.);
#2745=EDGE_CURVE('',#2229,#2171,#918,.T.);
#2746=EDGE_CURVE('',#2174,#2229,#919,.T.);
#2747=EDGE_CURVE('',#2230,#2179,#920,.T.);
#2748=EDGE_CURVE('',#2170,#2230,#921,.T.);
#2749=EDGE_CURVE('',#2231,#2232,#93,.T.);
#2750=EDGE_CURVE('',#2232,#2233,#922,.T.);
#2751=EDGE_CURVE('',#2233,#2231,#923,.T.);
#2752=EDGE_CURVE('',#2178,#2234,#924,.T.);
#2753=EDGE_CURVE('',#2234,#2230,#94,.T.);
#2754=EDGE_CURVE('',#2234,#2235,#925,.T.);
#2755=EDGE_CURVE('',#2236,#2235,#95,.T.);
#2756=EDGE_CURVE('',#2236,#2237,#926,.T.);
#2757=EDGE_CURVE('',#2229,#2237,#96,.T.);
#2758=EDGE_CURVE('',#2238,#2238,#97,.T.);
#2759=EDGE_CURVE('',#2239,#2239,#98,.T.);
#2760=EDGE_CURVE('',#2240,#2240,#99,.T.);
#2761=EDGE_CURVE('',#2241,#2241,#100,.T.);
#2762=EDGE_CURVE('',#2242,#2243,#927,.T.);
#2763=EDGE_CURVE('',#2244,#2243,#928,.T.);
#2764=EDGE_CURVE('',#2245,#2244,#101,.T.);
#2765=EDGE_CURVE('',#2246,#2245,#929,.T.);
#2766=EDGE_CURVE('',#2247,#2246,#930,.T.);
#2767=EDGE_CURVE('',#2247,#2248,#931,.T.);
#2768=EDGE_CURVE('',#2249,#2248,#932,.T.);
#2769=EDGE_CURVE('',#2250,#2249,#933,.T.);
#2770=EDGE_CURVE('',#2251,#2250,#102,.T.);
#2771=EDGE_CURVE('',#2252,#2251,#934,.T.);
#2772=EDGE_CURVE('',#2252,#2253,#935,.T.);
#2773=EDGE_CURVE('',#2254,#2253,#936,.T.);
#2774=EDGE_CURVE('',#2255,#2254,#103,.T.);
#2775=EDGE_CURVE('',#2256,#2255,#937,.T.);
#2776=EDGE_CURVE('',#2257,#2256,#938,.T.);
#2777=EDGE_CURVE('',#2257,#2258,#939,.T.);
#2778=EDGE_CURVE('',#2259,#2258,#940,.T.);
#2779=EDGE_CURVE('',#2260,#2259,#941,.T.);
#2780=EDGE_CURVE('',#2261,#2260,#104,.T.);
#2781=EDGE_CURVE('',#2242,#2261,#942,.T.);
#2782=EDGE_CURVE('',#2235,#2177,#943,.T.);
#2783=EDGE_CURVE('',#2176,#2236,#944,.T.);
#2784=EDGE_CURVE('',#2237,#2175,#945,.T.);
#2785=EDGE_CURVE('',#2262,#2263,#946,.T.);
#2786=EDGE_CURVE('',#2259,#2262,#947,.T.);
#2787=EDGE_CURVE('',#2263,#2258,#948,.T.);
#2788=EDGE_CURVE('',#2264,#2265,#949,.T.);
#2789=EDGE_CURVE('',#2242,#2264,#950,.T.);
#2790=EDGE_CURVE('',#2265,#2261,#951,.T.);
#2791=EDGE_CURVE('',#2266,#2267,#952,.T.);
#2792=EDGE_CURVE('',#2249,#2266,#953,.T.);
#2793=EDGE_CURVE('',#2267,#2248,#954,.T.);
#2794=EDGE_CURVE('',#2268,#2269,#955,.T.);
#2795=EDGE_CURVE('',#2252,#2268,#956,.T.);
#2796=EDGE_CURVE('',#2251,#2269,#957,.T.);
#2797=EDGE_CURVE('',#2270,#2271,#958,.T.);
#2798=EDGE_CURVE('',#2270,#2254,#959,.T.);
#2799=EDGE_CURVE('',#2271,#2253,#960,.T.);
#2800=EDGE_CURVE('',#2272,#2273,#961,.T.);
#2801=EDGE_CURVE('',#2257,#2272,#962,.T.);
#2802=EDGE_CURVE('',#2273,#2256,#963,.T.);
#2803=EDGE_CURVE('',#2274,#2264,#964,.T.);
#2804=EDGE_CURVE('',#2274,#2243,#965,.T.);
#2805=EDGE_CURVE('',#2260,#2275,#966,.T.);
#2806=EDGE_CURVE('',#2275,#2276,#105,.T.);
#2807=EDGE_CURVE('',#2261,#2276,#967,.T.);
#2808=EDGE_CURVE('',#2250,#2277,#968,.T.);
#2809=EDGE_CURVE('',#2277,#2278,#106,.T.);
#2810=EDGE_CURVE('',#2278,#2251,#969,.T.);
#2811=EDGE_CURVE('',#2279,#2266,#970,.T.);
#2812=EDGE_CURVE('',#2279,#2246,#971,.T.);
#2813=EDGE_CURVE('',#2245,#2280,#972,.T.);
#2814=EDGE_CURVE('',#2280,#2281,#973,.T.);
#2815=EDGE_CURVE('',#2281,#2282,#974,.T.);
#2816=EDGE_CURVE('',#2282,#2283,#975,.T.);
#2817=EDGE_CURVE('',#2283,#2284,#976,.T.);
#2818=EDGE_CURVE('',#2284,#2277,#977,.T.);
#2819=EDGE_CURVE('',#2247,#2285,#978,.T.);
#2820=EDGE_CURVE('',#2267,#2285,#979,.T.);
#2821=EDGE_CURVE('',#2273,#2262,#980,.T.);
#2822=EDGE_CURVE('',#2255,#2286,#981,.T.);
#2823=EDGE_CURVE('',#2286,#2287,#982,.T.);
#2824=EDGE_CURVE('',#2287,#2288,#983,.T.);
#2825=EDGE_CURVE('',#2288,#2289,#984,.T.);
#2826=EDGE_CURVE('',#2289,#2290,#985,.T.);
#2827=EDGE_CURVE('',#2290,#2275,#986,.T.);
#2828=EDGE_CURVE('',#2254,#2291,#987,.T.);
#2829=EDGE_CURVE('',#2291,#2286,#107,.T.);
#2830=EDGE_CURVE('',#2285,#2279,#988,.T.);
#2831=EDGE_CURVE('',#2269,#2270,#989,.T.);
#2832=EDGE_CURVE('',#2271,#2268,#990,.T.);
#2833=EDGE_CURVE('',#2263,#2272,#991,.T.);
#2834=EDGE_CURVE('',#2265,#2292,#992,.T.);
#2835=EDGE_CURVE('',#2292,#2274,#993,.T.);
#2836=EDGE_CURVE('',#2292,#2244,#994,.T.);
#2837=EDGE_CURVE('',#2293,#2293,#108,.T.);
#2838=EDGE_CURVE('',#2293,#2238,#995,.T.);
#2839=EDGE_CURVE('',#2244,#2294,#996,.T.);
#2840=EDGE_CURVE('',#2294,#2280,#109,.T.);
#2841=EDGE_CURVE('',#2295,#2295,#110,.T.);
#2842=EDGE_CURVE('',#2295,#2184,#997,.T.);
#2843=EDGE_CURVE('',#2296,#2296,#111,.T.);
#2844=EDGE_CURVE('',#2296,#2185,#998,.T.);
#2845=EDGE_CURVE('',#2297,#2297,#112,.T.);
#2846=EDGE_CURVE('',#2297,#2186,#999,.T.);
#2847=EDGE_CURVE('',#2298,#2298,#113,.T.);
#2848=EDGE_CURVE('',#2298,#2187,#1000,.T.);
#2849=EDGE_CURVE('',#2299,#2299,#114,.T.);
#2850=EDGE_CURVE('',#2299,#2188,#1001,.T.);
#2851=EDGE_CURVE('',#2300,#2301,#1002,.T.);
#2852=EDGE_CURVE('',#2302,#2300,#1003,.T.);
#2853=EDGE_CURVE('',#2302,#2303,#1004,.T.);
#2854=EDGE_CURVE('',#2301,#2303,#1005,.T.);
#2855=EDGE_CURVE('',#2304,#2305,#1006,.T.);
#2856=EDGE_CURVE('',#2306,#2304,#1007,.T.);
#2857=EDGE_CURVE('',#2306,#2307,#1008,.T.);
#2858=EDGE_CURVE('',#2305,#2307,#1009,.T.);
#2859=EDGE_CURVE('',#2303,#2306,#1010,.T.);
#2860=EDGE_CURVE('',#2307,#2302,#1011,.T.);
#2861=EDGE_CURVE('',#2308,#2309,#1012,.T.);
#2862=EDGE_CURVE('',#2310,#2308,#1013,.T.);
#2863=EDGE_CURVE('',#2310,#2311,#1014,.T.);
#2864=EDGE_CURVE('',#2309,#2311,#1015,.T.);
#2865=EDGE_CURVE('',#2312,#2313,#1016,.T.);
#2866=EDGE_CURVE('',#2314,#2312,#1017,.T.);
#2867=EDGE_CURVE('',#2314,#2315,#1018,.T.);
#2868=EDGE_CURVE('',#2313,#2315,#1019,.T.);
#2869=EDGE_CURVE('',#2311,#2314,#1020,.T.);
#2870=EDGE_CURVE('',#2315,#2310,#1021,.T.);
#2871=EDGE_CURVE('',#2309,#2300,#1022,.T.);
#2872=EDGE_CURVE('',#2316,#2312,#1023,.T.);
#2873=EDGE_CURVE('',#2316,#2317,#1024,.T.);
#2874=EDGE_CURVE('',#2317,#2318,#1025,.T.);
#2875=EDGE_CURVE('',#2319,#2318,#1026,.T.);
#2876=EDGE_CURVE('',#2305,#2319,#1027,.T.);
#2877=EDGE_CURVE('',#2301,#2308,#1028,.T.);
#2878=EDGE_CURVE('',#2320,#2321,#1029,.T.);
#2879=EDGE_CURVE('',#2322,#2320,#1030,.T.);
#2880=EDGE_CURVE('',#2322,#2323,#1031,.T.);
#2881=EDGE_CURVE('',#2321,#2323,#1032,.T.);
#2882=EDGE_CURVE('',#2324,#2325,#1033,.T.);
#2883=EDGE_CURVE('',#2326,#2324,#1034,.T.);
#2884=EDGE_CURVE('',#2326,#2327,#1035,.T.);
#2885=EDGE_CURVE('',#2325,#2327,#1036,.T.);
#2886=EDGE_CURVE('',#2323,#2326,#1037,.T.);
#2887=EDGE_CURVE('',#2327,#2322,#1038,.T.);
#2888=EDGE_CURVE('',#2328,#2329,#1039,.T.);
#2889=EDGE_CURVE('',#2330,#2328,#1040,.T.);
#2890=EDGE_CURVE('',#2330,#2331,#1041,.T.);
#2891=EDGE_CURVE('',#2329,#2331,#1042,.T.);
#2892=EDGE_CURVE('',#2332,#2333,#1043,.T.);
#2893=EDGE_CURVE('',#2334,#2332,#1044,.T.);
#2894=EDGE_CURVE('',#2334,#2335,#1045,.T.);
#2895=EDGE_CURVE('',#2333,#2335,#1046,.T.);
#2896=EDGE_CURVE('',#2331,#2334,#1047,.T.);
#2897=EDGE_CURVE('',#2335,#2330,#1048,.T.);
#2898=EDGE_CURVE('',#2329,#2320,#1049,.T.);
#2899=EDGE_CURVE('',#2336,#2332,#1050,.T.);
#2900=EDGE_CURVE('',#2336,#2337,#1051,.T.);
#2901=EDGE_CURVE('',#2337,#2338,#1052,.T.);
#2902=EDGE_CURVE('',#2339,#2338,#1053,.T.);
#2903=EDGE_CURVE('',#2325,#2339,#1054,.T.);
#2904=EDGE_CURVE('',#2321,#2328,#1055,.T.);
#2905=EDGE_CURVE('',#2340,#2341,#1056,.T.);
#2906=EDGE_CURVE('',#2342,#2340,#1057,.T.);
#2907=EDGE_CURVE('',#2342,#2343,#1058,.T.);
#2908=EDGE_CURVE('',#2341,#2343,#1059,.T.);
#2909=EDGE_CURVE('',#2344,#2345,#1060,.T.);
#2910=EDGE_CURVE('',#2346,#2344,#1061,.T.);
#2911=EDGE_CURVE('',#2346,#2347,#1062,.T.);
#2912=EDGE_CURVE('',#2345,#2347,#1063,.T.);
#2913=EDGE_CURVE('',#2343,#2346,#1064,.T.);
#2914=EDGE_CURVE('',#2347,#2342,#1065,.T.);
#2915=EDGE_CURVE('',#2348,#2349,#1066,.T.);
#2916=EDGE_CURVE('',#2350,#2348,#1067,.T.);
#2917=EDGE_CURVE('',#2350,#2351,#1068,.T.);
#2918=EDGE_CURVE('',#2349,#2351,#1069,.T.);
#2919=EDGE_CURVE('',#2352,#2353,#1070,.T.);
#2920=EDGE_CURVE('',#2354,#2352,#1071,.T.);
#2921=EDGE_CURVE('',#2354,#2355,#1072,.T.);
#2922=EDGE_CURVE('',#2353,#2355,#1073,.T.);
#2923=EDGE_CURVE('',#2351,#2354,#1074,.T.);
#2924=EDGE_CURVE('',#2355,#2350,#1075,.T.);
#2925=EDGE_CURVE('',#2349,#2340,#1076,.T.);
#2926=EDGE_CURVE('',#2356,#2352,#1077,.T.);
#2927=EDGE_CURVE('',#2356,#2357,#1078,.T.);
#2928=EDGE_CURVE('',#2357,#2358,#1079,.T.);
#2929=EDGE_CURVE('',#2359,#2358,#1080,.T.);
#2930=EDGE_CURVE('',#2345,#2359,#1081,.T.);
#2931=EDGE_CURVE('',#2341,#2348,#1082,.T.);
#2932=EDGE_CURVE('',#2360,#2361,#1083,.T.);
#2933=EDGE_CURVE('',#2362,#2360,#1084,.T.);
#2934=EDGE_CURVE('',#2362,#2363,#1085,.T.);
#2935=EDGE_CURVE('',#2361,#2363,#1086,.T.);
#2936=EDGE_CURVE('',#2364,#2365,#1087,.T.);
#2937=EDGE_CURVE('',#2366,#2364,#1088,.T.);
#2938=EDGE_CURVE('',#2366,#2367,#1089,.T.);
#2939=EDGE_CURVE('',#2365,#2367,#1090,.T.);
#2940=EDGE_CURVE('',#2363,#2366,#1091,.T.);
#2941=EDGE_CURVE('',#2367,#2362,#1092,.T.);
#2942=EDGE_CURVE('',#2368,#2369,#1093,.T.);
#2943=EDGE_CURVE('',#2370,#2368,#1094,.T.);
#2944=EDGE_CURVE('',#2370,#2371,#1095,.T.);
#2945=EDGE_CURVE('',#2369,#2371,#1096,.T.);
#2946=EDGE_CURVE('',#2372,#2373,#1097,.T.);
#2947=EDGE_CURVE('',#2374,#2372,#1098,.T.);
#2948=EDGE_CURVE('',#2374,#2375,#1099,.T.);
#2949=EDGE_CURVE('',#2373,#2375,#1100,.T.);
#2950=EDGE_CURVE('',#2371,#2374,#1101,.T.);
#2951=EDGE_CURVE('',#2375,#2370,#1102,.T.);
#2952=EDGE_CURVE('',#2282,#2376,#1103,.T.);
#2953=EDGE_CURVE('',#2376,#2377,#115,.T.);
#2954=EDGE_CURVE('',#2377,#2378,#1104,.T.);
#2955=EDGE_CURVE('',#2379,#2378,#1105,.T.);
#2956=EDGE_CURVE('',#2379,#2380,#1106,.T.);
#2957=EDGE_CURVE('',#2380,#2381,#116,.T.);
#2958=EDGE_CURVE('',#2381,#2289,#1107,.T.);
#2959=EDGE_CURVE('',#2288,#2382,#1108,.T.);
#2960=EDGE_CURVE('',#2382,#2383,#117,.T.);
#2961=EDGE_CURVE('',#2383,#2384,#118,.T.);
#2962=EDGE_CURVE('',#2384,#2385,#1109,.T.);
#2963=EDGE_CURVE('',#2385,#2386,#1110,.T.);
#2964=EDGE_CURVE('',#2386,#2387,#1111,.T.);
#2965=EDGE_CURVE('',#2387,#2388,#119,.T.);
#2966=EDGE_CURVE('',#2388,#2389,#1112,.T.);
#2967=EDGE_CURVE('',#2389,#2390,#1113,.T.);
#2968=EDGE_CURVE('',#2390,#2391,#1114,.T.);
#2969=EDGE_CURVE('',#2391,#2392,#120,.T.);
#2970=EDGE_CURVE('',#2392,#2393,#1115,.T.);
#2971=EDGE_CURVE('',#2393,#2394,#1116,.T.);
#2972=EDGE_CURVE('',#2394,#2395,#1117,.T.);
#2973=EDGE_CURVE('',#2395,#2396,#121,.T.);
#2974=EDGE_CURVE('',#2396,#2397,#1118,.T.);
#2975=EDGE_CURVE('',#2397,#2398,#1119,.T.);
#2976=EDGE_CURVE('',#2398,#2399,#1120,.T.);
#2977=EDGE_CURVE('',#2399,#2383,#122,.T.);
#2978=EDGE_CURVE('',#2383,#2400,#123,.T.);
#2979=EDGE_CURVE('',#2400,#2401,#1121,.T.);
#2980=EDGE_CURVE('',#2402,#2401,#1122,.T.);
#2981=EDGE_CURVE('',#2402,#2403,#1123,.T.);
#2982=EDGE_CURVE('',#2403,#2404,#124,.T.);
#2983=EDGE_CURVE('',#2404,#2283,#1124,.T.);
#2984=EDGE_CURVE('',#2319,#2405,#1125,.T.);
#2985=EDGE_CURVE('',#2405,#2324,#1126,.T.);
#2986=EDGE_CURVE('',#2339,#2406,#1127,.T.);
#2987=EDGE_CURVE('',#2406,#2344,#1128,.T.);
#2988=EDGE_CURVE('',#2359,#2407,#1129,.T.);
#2989=EDGE_CURVE('',#2407,#2364,#1130,.T.);
#2990=EDGE_CURVE('',#2365,#2408,#1131,.T.);
#2991=EDGE_CURVE('',#2408,#2409,#1132,.T.);
#2992=EDGE_CURVE('',#2409,#2410,#1133,.T.);
#2993=EDGE_CURVE('',#2410,#2411,#1134,.T.);
#2994=EDGE_CURVE('',#2411,#2372,#1135,.T.);
#2995=EDGE_CURVE('',#2373,#2412,#1136,.T.);
#2996=EDGE_CURVE('',#2412,#2356,#1137,.T.);
#2997=EDGE_CURVE('',#2353,#2413,#1138,.T.);
#2998=EDGE_CURVE('',#2413,#2336,#1139,.T.);
#2999=EDGE_CURVE('',#2333,#2414,#1140,.T.);
#3000=EDGE_CURVE('',#2414,#2316,#1141,.T.);
#3001=EDGE_CURVE('',#2313,#2415,#1142,.T.);
#3002=EDGE_CURVE('',#2415,#2416,#1143,.T.);
#3003=EDGE_CURVE('',#2416,#2417,#1144,.T.);
#3004=EDGE_CURVE('',#2417,#2418,#1145,.T.);
#3005=EDGE_CURVE('',#2418,#2304,#1146,.T.);
#3006=EDGE_CURVE('',#2419,#2420,#1147,.T.);
#3007=EDGE_CURVE('',#2420,#2421,#1148,.T.);
#3008=EDGE_CURVE('',#2421,#2422,#125,.T.);
#3009=EDGE_CURVE('',#2422,#2423,#1149,.T.);
#3010=EDGE_CURVE('',#2423,#2424,#1150,.T.);
#3011=EDGE_CURVE('',#2424,#2425,#1151,.T.);
#3012=EDGE_CURVE('',#2425,#2426,#126,.T.);
#3013=EDGE_CURVE('',#2426,#2427,#1152,.T.);
#3014=EDGE_CURVE('',#2427,#2428,#1153,.T.);
#3015=EDGE_CURVE('',#2428,#2429,#1154,.T.);
#3016=EDGE_CURVE('',#2429,#2430,#127,.T.);
#3017=EDGE_CURVE('',#2430,#2431,#1155,.T.);
#3018=EDGE_CURVE('',#2431,#2432,#1156,.T.);
#3019=EDGE_CURVE('',#2432,#2433,#1157,.T.);
#3020=EDGE_CURVE('',#2433,#2434,#128,.T.);
#3021=EDGE_CURVE('',#2434,#2419,#1158,.T.);
#3022=EDGE_CURVE('',#2435,#2436,#1159,.T.);
#3023=EDGE_CURVE('',#2436,#2437,#1160,.T.);
#3024=EDGE_CURVE('',#2437,#2438,#129,.T.);
#3025=EDGE_CURVE('',#2438,#2439,#1161,.T.);
#3026=EDGE_CURVE('',#2439,#2440,#1162,.T.);
#3027=EDGE_CURVE('',#2440,#2441,#1163,.T.);
#3028=EDGE_CURVE('',#2441,#2442,#130,.T.);
#3029=EDGE_CURVE('',#2442,#2443,#1164,.T.);
#3030=EDGE_CURVE('',#2443,#2444,#1165,.T.);
#3031=EDGE_CURVE('',#2444,#2445,#1166,.T.);
#3032=EDGE_CURVE('',#2445,#2446,#131,.T.);
#3033=EDGE_CURVE('',#2446,#2447,#1167,.T.);
#3034=EDGE_CURVE('',#2447,#2448,#1168,.T.);
#3035=EDGE_CURVE('',#2448,#2449,#1169,.T.);
#3036=EDGE_CURVE('',#2449,#2450,#132,.T.);
#3037=EDGE_CURVE('',#2450,#2435,#1170,.T.);
#3038=EDGE_CURVE('',#2451,#2452,#1171,.T.);
#3039=EDGE_CURVE('',#2452,#2453,#1172,.T.);
#3040=EDGE_CURVE('',#2453,#2454,#133,.T.);
#3041=EDGE_CURVE('',#2454,#2455,#1173,.T.);
#3042=EDGE_CURVE('',#2455,#2456,#1174,.T.);
#3043=EDGE_CURVE('',#2456,#2457,#1175,.T.);
#3044=EDGE_CURVE('',#2457,#2458,#134,.T.);
#3045=EDGE_CURVE('',#2458,#2459,#1176,.T.);
#3046=EDGE_CURVE('',#2459,#2460,#1177,.T.);
#3047=EDGE_CURVE('',#2460,#2461,#1178,.T.);
#3048=EDGE_CURVE('',#2461,#2462,#135,.T.);
#3049=EDGE_CURVE('',#2462,#2463,#1179,.T.);
#3050=EDGE_CURVE('',#2463,#2464,#1180,.T.);
#3051=EDGE_CURVE('',#2464,#2465,#1181,.T.);
#3052=EDGE_CURVE('',#2465,#2466,#136,.T.);
#3053=EDGE_CURVE('',#2466,#2451,#1182,.T.);
#3054=EDGE_CURVE('',#2467,#2468,#1183,.T.);
#3055=EDGE_CURVE('',#2468,#2469,#1184,.T.);
#3056=EDGE_CURVE('',#2469,#2470,#137,.T.);
#3057=EDGE_CURVE('',#2470,#2471,#1185,.T.);
#3058=EDGE_CURVE('',#2471,#2472,#1186,.T.);
#3059=EDGE_CURVE('',#2472,#2473,#1187,.T.);
#3060=EDGE_CURVE('',#2473,#2474,#138,.T.);
#3061=EDGE_CURVE('',#2474,#2475,#1188,.T.);
#3062=EDGE_CURVE('',#2475,#2476,#1189,.T.);
#3063=EDGE_CURVE('',#2476,#2477,#1190,.T.);
#3064=EDGE_CURVE('',#2477,#2478,#139,.T.);
#3065=EDGE_CURVE('',#2478,#2479,#1191,.T.);
#3066=EDGE_CURVE('',#2479,#2480,#1192,.T.);
#3067=EDGE_CURVE('',#2480,#2481,#1193,.T.);
#3068=EDGE_CURVE('',#2481,#2482,#140,.T.);
#3069=EDGE_CURVE('',#2482,#2467,#1194,.T.);
#3070=EDGE_CURVE('',#2483,#2484,#1195,.T.);
#3071=EDGE_CURVE('',#2484,#2485,#1196,.T.);
#3072=EDGE_CURVE('',#2485,#2486,#1197,.T.);
#3073=EDGE_CURVE('',#2486,#2483,#1198,.T.);
#3074=EDGE_CURVE('',#2487,#2488,#1199,.T.);
#3075=EDGE_CURVE('',#2488,#2489,#1200,.T.);
#3076=EDGE_CURVE('',#2489,#2490,#1201,.T.);
#3077=EDGE_CURVE('',#2490,#2487,#1202,.T.);
#3078=EDGE_CURVE('',#2491,#2492,#1203,.T.);
#3079=EDGE_CURVE('',#2492,#2493,#1204,.T.);
#3080=EDGE_CURVE('',#2493,#2494,#1205,.T.);
#3081=EDGE_CURVE('',#2494,#2491,#1206,.T.);
#3082=EDGE_CURVE('',#2495,#2496,#1207,.T.);
#3083=EDGE_CURVE('',#2496,#2497,#1208,.T.);
#3084=EDGE_CURVE('',#2497,#2498,#1209,.T.);
#3085=EDGE_CURVE('',#2498,#2495,#1210,.T.);
#3086=EDGE_CURVE('',#2499,#2500,#1211,.T.);
#3087=EDGE_CURVE('',#2500,#2501,#1212,.T.);
#3088=EDGE_CURVE('',#2501,#2502,#1213,.T.);
#3089=EDGE_CURVE('',#2502,#2499,#1214,.T.);
#3090=EDGE_CURVE('',#2361,#2368,#1215,.T.);
#3091=EDGE_CURVE('',#2369,#2360,#1216,.T.);
#3092=EDGE_CURVE('',#2407,#2503,#1217,.T.);
#3093=EDGE_CURVE('',#2503,#2504,#1218,.T.);
#3094=EDGE_CURVE('',#2412,#2504,#1219,.T.);
#3095=EDGE_CURVE('',#2338,#2505,#1220,.T.);
#3096=EDGE_CURVE('',#2406,#2505,#1221,.T.);
#3097=EDGE_CURVE('',#2413,#2506,#1222,.T.);
#3098=EDGE_CURVE('',#2506,#2337,#1223,.T.);
#3099=EDGE_CURVE('',#2505,#2506,#1224,.T.);
#3100=EDGE_CURVE('',#2507,#2508,#1225,.T.);
#3101=EDGE_CURVE('',#2509,#2507,#1226,.T.);
#3102=EDGE_CURVE('',#2510,#2509,#1227,.T.);
#3103=EDGE_CURVE('',#2508,#2510,#1228,.T.);
#3104=EDGE_CURVE('',#2358,#2503,#1229,.T.);
#3105=EDGE_CURVE('',#2504,#2357,#1230,.T.);
#3106=EDGE_CURVE('',#2511,#2512,#1231,.T.);
#3107=EDGE_CURVE('',#2513,#2511,#1232,.T.);
#3108=EDGE_CURVE('',#2514,#2513,#1233,.T.);
#3109=EDGE_CURVE('',#2512,#2514,#1234,.T.);
#3110=EDGE_CURVE('',#2405,#2515,#1235,.T.);
#3111=EDGE_CURVE('',#2515,#2516,#1236,.T.);
#3112=EDGE_CURVE('',#2414,#2516,#1237,.T.);
#3113=EDGE_CURVE('',#2318,#2515,#1238,.T.);
#3114=EDGE_CURVE('',#2516,#2317,#1239,.T.);
#3115=EDGE_CURVE('',#2517,#2518,#1240,.T.);
#3116=EDGE_CURVE('',#2519,#2517,#1241,.T.);
#3117=EDGE_CURVE('',#2520,#2519,#1242,.T.);
#3118=EDGE_CURVE('',#2518,#2520,#1243,.T.);
#3119=EDGE_CURVE('',#2408,#2521,#1244,.T.);
#3120=EDGE_CURVE('',#2521,#2522,#1245,.T.);
#3121=EDGE_CURVE('',#2409,#2522,#1246,.T.);
#3122=EDGE_CURVE('',#2411,#2523,#1247,.T.);
#3123=EDGE_CURVE('',#2523,#2521,#1248,.T.);
#3124=EDGE_CURVE('',#2410,#2524,#1249,.T.);
#3125=EDGE_CURVE('',#2524,#2523,#1250,.T.);
#3126=EDGE_CURVE('',#2522,#2524,#1251,.T.);
#3127=EDGE_CURVE('',#2525,#2526,#1252,.T.);
#3128=EDGE_CURVE('',#2527,#2525,#1253,.T.);
#3129=EDGE_CURVE('',#2528,#2527,#1254,.T.);
#3130=EDGE_CURVE('',#2526,#2528,#1255,.T.);
#3131=EDGE_CURVE('',#2418,#2529,#1256,.T.);
#3132=EDGE_CURVE('',#2529,#2530,#1257,.T.);
#3133=EDGE_CURVE('',#2415,#2530,#1258,.T.);
#3134=EDGE_CURVE('',#2417,#2531,#1259,.T.);
#3135=EDGE_CURVE('',#2531,#2529,#1260,.T.);
#3136=EDGE_CURVE('',#2416,#2532,#1261,.T.);
#3137=EDGE_CURVE('',#2532,#2531,#1262,.T.);
#3138=EDGE_CURVE('',#2530,#2532,#1263,.T.);
#3139=EDGE_CURVE('',#2533,#2534,#1264,.T.);
#3140=EDGE_CURVE('',#2535,#2533,#1265,.T.);
#3141=EDGE_CURVE('',#2536,#2535,#1266,.T.);
#3142=EDGE_CURVE('',#2534,#2536,#1267,.T.);
#3143=EDGE_CURVE('',#2191,#2507,#1268,.T.);
#3144=EDGE_CURVE('',#2190,#2509,#1269,.T.);
#3145=EDGE_CURVE('',#2192,#2508,#1270,.T.);
#3146=EDGE_CURVE('',#2199,#2511,#1271,.T.);
#3147=EDGE_CURVE('',#2198,#2513,#1272,.T.);
#3148=EDGE_CURVE('',#2200,#2512,#1273,.T.);
#3149=EDGE_CURVE('',#2195,#2517,#1274,.T.);
#3150=EDGE_CURVE('',#2194,#2519,#1275,.T.);
#3151=EDGE_CURVE('',#2196,#2518,#1276,.T.);
#3152=EDGE_CURVE('',#2207,#2525,#1277,.T.);
#3153=EDGE_CURVE('',#2206,#2527,#1278,.T.);
#3154=EDGE_CURVE('',#2208,#2526,#1279,.T.);
#3155=EDGE_CURVE('',#2203,#2533,#1280,.T.);
#3156=EDGE_CURVE('',#2202,#2535,#1281,.T.);
#3157=EDGE_CURVE('',#2204,#2534,#1282,.T.);
#3158=EDGE_CURVE('',#2189,#2510,#1283,.T.);
#3159=EDGE_CURVE('',#2193,#2520,#1284,.T.);
#3160=EDGE_CURVE('',#2197,#2514,#1285,.T.);
#3161=EDGE_CURVE('',#2201,#2536,#1286,.T.);
#3162=EDGE_CURVE('',#2205,#2528,#1287,.T.);
#3163=EDGE_CURVE('',#2537,#2537,#141,.T.);
#3164=EDGE_CURVE('',#2537,#2538,#1288,.T.);
#3165=EDGE_CURVE('',#2538,#2538,#142,.T.);
#3166=EDGE_CURVE('',#2377,#2539,#1289,.T.);
#3167=EDGE_CURVE('',#2540,#2539,#1290,.T.);
#3168=EDGE_CURVE('',#2378,#2540,#1291,.T.);
#3169=EDGE_CURVE('',#2541,#2281,#1292,.T.);
#3170=EDGE_CURVE('',#2376,#2541,#1293,.T.);
#3171=EDGE_CURVE('',#2539,#2541,#143,.T.);
#3172=EDGE_CURVE('',#2540,#2294,#1294,.T.);
#3173=EDGE_CURVE('',#2542,#2542,#144,.T.);
#3174=EDGE_CURVE('',#2542,#2543,#1295,.T.);
#3175=EDGE_CURVE('',#2543,#2543,#145,.T.);
#3176=EDGE_CURVE('',#2404,#2544,#1296,.T.);
#3177=EDGE_CURVE('',#2284,#2544,#1297,.T.);
#3178=EDGE_CURVE('',#2545,#2402,#1298,.T.);
#3179=EDGE_CURVE('',#2546,#2545,#1299,.T.);
#3180=EDGE_CURVE('',#2403,#2546,#1300,.T.);
#3181=EDGE_CURVE('',#2544,#2546,#146,.T.);
#3182=EDGE_CURVE('',#2278,#2545,#1301,.T.);
#3183=EDGE_CURVE('',#2547,#2547,#147,.T.);
#3184=EDGE_CURVE('',#2547,#2548,#1302,.T.);
#3185=EDGE_CURVE('',#2548,#2548,#148,.T.);
#3186=EDGE_CURVE('',#2381,#2549,#1303,.T.);
#3187=EDGE_CURVE('',#2290,#2549,#1304,.T.);
#3188=EDGE_CURVE('',#2550,#2379,#1305,.T.);
#3189=EDGE_CURVE('',#2551,#2550,#1306,.T.);
#3190=EDGE_CURVE('',#2380,#2551,#1307,.T.);
#3191=EDGE_CURVE('',#2549,#2551,#149,.T.);
#3192=EDGE_CURVE('',#2276,#2550,#1308,.T.);
#3193=EDGE_CURVE('',#2552,#2552,#150,.T.);
#3194=EDGE_CURVE('',#2552,#2553,#1309,.T.);
#3195=EDGE_CURVE('',#2553,#2553,#151,.T.);
#3196=EDGE_CURVE('',#2400,#2554,#1310,.T.);
#3197=EDGE_CURVE('',#2555,#2554,#1311,.T.);
#3198=EDGE_CURVE('',#2401,#2555,#1312,.T.);
#3199=EDGE_CURVE('',#2556,#2287,#1313,.T.);
#3200=EDGE_CURVE('',#2382,#2556,#1314,.T.);
#3201=EDGE_CURVE('',#2554,#2556,#152,.T.);
#3202=EDGE_CURVE('',#2555,#2291,#1315,.T.);
#3203=EDGE_CURVE('',#2419,#2557,#1316,.T.);
#3204=EDGE_CURVE('',#2557,#2558,#1317,.T.);
#3205=EDGE_CURVE('',#2420,#2558,#1318,.T.);
#3206=EDGE_CURVE('',#2434,#2559,#1319,.T.);
#3207=EDGE_CURVE('',#2559,#2557,#1320,.T.);
#3208=EDGE_CURVE('',#2433,#2560,#1321,.T.);
#3209=EDGE_CURVE('',#2560,#2559,#153,.T.);
#3210=EDGE_CURVE('',#2432,#2561,#1322,.T.);
#3211=EDGE_CURVE('',#2561,#2560,#1323,.T.);
#3212=EDGE_CURVE('',#2431,#2562,#1324,.T.);
#3213=EDGE_CURVE('',#2562,#2561,#1325,.T.);
#3214=EDGE_CURVE('',#2430,#2563,#1326,.T.);
#3215=EDGE_CURVE('',#2563,#2562,#1327,.T.);
#3216=EDGE_CURVE('',#2429,#2564,#1328,.T.);
#3217=EDGE_CURVE('',#2564,#2563,#154,.T.);
#3218=EDGE_CURVE('',#2428,#2565,#1329,.T.);
#3219=EDGE_CURVE('',#2565,#2564,#1330,.T.);
#3220=EDGE_CURVE('',#2427,#2566,#1331,.T.);
#3221=EDGE_CURVE('',#2566,#2565,#1332,.T.);
#3222=EDGE_CURVE('',#2426,#2567,#1333,.T.);
#3223=EDGE_CURVE('',#2567,#2566,#1334,.T.);
#3224=EDGE_CURVE('',#2425,#2568,#1335,.T.);
#3225=EDGE_CURVE('',#2568,#2567,#155,.T.);
#3226=EDGE_CURVE('',#2424,#2569,#1336,.T.);
#3227=EDGE_CURVE('',#2569,#2568,#1337,.T.);
#3228=EDGE_CURVE('',#2423,#2570,#1338,.T.);
#3229=EDGE_CURVE('',#2570,#2569,#1339,.T.);
#3230=EDGE_CURVE('',#2422,#2571,#1340,.T.);
#3231=EDGE_CURVE('',#2571,#2570,#1341,.T.);
#3232=EDGE_CURVE('',#2421,#2572,#1342,.T.);
#3233=EDGE_CURVE('',#2572,#2571,#156,.T.);
#3234=EDGE_CURVE('',#2558,#2572,#1343,.T.);
#3235=EDGE_CURVE('',#2435,#2573,#1344,.T.);
#3236=EDGE_CURVE('',#2573,#2574,#1345,.T.);
#3237=EDGE_CURVE('',#2436,#2574,#1346,.T.);
#3238=EDGE_CURVE('',#2450,#2575,#1347,.T.);
#3239=EDGE_CURVE('',#2575,#2573,#1348,.T.);
#3240=EDGE_CURVE('',#2449,#2576,#1349,.T.);
#3241=EDGE_CURVE('',#2576,#2575,#157,.T.);
#3242=EDGE_CURVE('',#2448,#2577,#1350,.T.);
#3243=EDGE_CURVE('',#2577,#2576,#1351,.T.);
#3244=EDGE_CURVE('',#2447,#2578,#1352,.T.);
#3245=EDGE_CURVE('',#2578,#2577,#1353,.T.);
#3246=EDGE_CURVE('',#2446,#2579,#1354,.T.);
#3247=EDGE_CURVE('',#2579,#2578,#1355,.T.);
#3248=EDGE_CURVE('',#2445,#2580,#1356,.T.);
#3249=EDGE_CURVE('',#2580,#2579,#158,.T.);
#3250=EDGE_CURVE('',#2444,#2581,#1357,.T.);
#3251=EDGE_CURVE('',#2581,#2580,#1358,.T.);
#3252=EDGE_CURVE('',#2443,#2582,#1359,.T.);
#3253=EDGE_CURVE('',#2582,#2581,#1360,.T.);
#3254=EDGE_CURVE('',#2442,#2583,#1361,.T.);
#3255=EDGE_CURVE('',#2583,#2582,#1362,.T.);
#3256=EDGE_CURVE('',#2441,#2584,#1363,.T.);
#3257=EDGE_CURVE('',#2584,#2583,#159,.T.);
#3258=EDGE_CURVE('',#2440,#2585,#1364,.T.);
#3259=EDGE_CURVE('',#2585,#2584,#1365,.T.);
#3260=EDGE_CURVE('',#2439,#2586,#1366,.T.);
#3261=EDGE_CURVE('',#2586,#2585,#1367,.T.);
#3262=EDGE_CURVE('',#2438,#2587,#1368,.T.);
#3263=EDGE_CURVE('',#2587,#2586,#1369,.T.);
#3264=EDGE_CURVE('',#2437,#2588,#1370,.T.);
#3265=EDGE_CURVE('',#2588,#2587,#160,.T.);
#3266=EDGE_CURVE('',#2574,#2588,#1371,.T.);
#3267=EDGE_CURVE('',#2451,#2589,#1372,.T.);
#3268=EDGE_CURVE('',#2589,#2590,#1373,.T.);
#3269=EDGE_CURVE('',#2452,#2590,#1374,.T.);
#3270=EDGE_CURVE('',#2466,#2591,#1375,.T.);
#3271=EDGE_CURVE('',#2591,#2589,#1376,.T.);
#3272=EDGE_CURVE('',#2465,#2592,#1377,.T.);
#3273=EDGE_CURVE('',#2592,#2591,#161,.T.);
#3274=EDGE_CURVE('',#2464,#2593,#1378,.T.);
#3275=EDGE_CURVE('',#2593,#2592,#1379,.T.);
#3276=EDGE_CURVE('',#2463,#2594,#1380,.T.);
#3277=EDGE_CURVE('',#2594,#2593,#1381,.T.);
#3278=EDGE_CURVE('',#2462,#2595,#1382,.T.);
#3279=EDGE_CURVE('',#2595,#2594,#1383,.T.);
#3280=EDGE_CURVE('',#2461,#2596,#1384,.T.);
#3281=EDGE_CURVE('',#2596,#2595,#162,.T.);
#3282=EDGE_CURVE('',#2460,#2597,#1385,.T.);
#3283=EDGE_CURVE('',#2597,#2596,#1386,.T.);
#3284=EDGE_CURVE('',#2459,#2598,#1387,.T.);
#3285=EDGE_CURVE('',#2598,#2597,#1388,.T.);
#3286=EDGE_CURVE('',#2458,#2599,#1389,.T.);
#3287=EDGE_CURVE('',#2599,#2598,#1390,.T.);
#3288=EDGE_CURVE('',#2457,#2600,#1391,.T.);
#3289=EDGE_CURVE('',#2600,#2599,#163,.T.);
#3290=EDGE_CURVE('',#2456,#2601,#1392,.T.);
#3291=EDGE_CURVE('',#2601,#2600,#1393,.T.);
#3292=EDGE_CURVE('',#2455,#2602,#1394,.T.);
#3293=EDGE_CURVE('',#2602,#2601,#1395,.T.);
#3294=EDGE_CURVE('',#2454,#2603,#1396,.T.);
#3295=EDGE_CURVE('',#2603,#2602,#1397,.T.);
#3296=EDGE_CURVE('',#2453,#2604,#1398,.T.);
#3297=EDGE_CURVE('',#2604,#2603,#164,.T.);
#3298=EDGE_CURVE('',#2590,#2604,#1399,.T.);
#3299=EDGE_CURVE('',#2467,#2605,#1400,.T.);
#3300=EDGE_CURVE('',#2605,#2606,#1401,.T.);
#3301=EDGE_CURVE('',#2468,#2606,#1402,.T.);
#3302=EDGE_CURVE('',#2482,#2607,#1403,.T.);
#3303=EDGE_CURVE('',#2607,#2605,#1404,.T.);
#3304=EDGE_CURVE('',#2481,#2608,#1405,.T.);
#3305=EDGE_CURVE('',#2608,#2607,#165,.T.);
#3306=EDGE_CURVE('',#2480,#2609,#1406,.T.);
#3307=EDGE_CURVE('',#2609,#2608,#1407,.T.);
#3308=EDGE_CURVE('',#2479,#2610,#1408,.T.);
#3309=EDGE_CURVE('',#2610,#2609,#1409,.T.);
#3310=EDGE_CURVE('',#2478,#2611,#1410,.T.);
#3311=EDGE_CURVE('',#2611,#2610,#1411,.T.);
#3312=EDGE_CURVE('',#2477,#2612,#1412,.T.);
#3313=EDGE_CURVE('',#2612,#2611,#166,.T.);
#3314=EDGE_CURVE('',#2476,#2613,#1413,.T.);
#3315=EDGE_CURVE('',#2613,#2612,#1414,.T.);
#3316=EDGE_CURVE('',#2475,#2614,#1415,.T.);
#3317=EDGE_CURVE('',#2614,#2613,#1416,.T.);
#3318=EDGE_CURVE('',#2474,#2615,#1417,.T.);
#3319=EDGE_CURVE('',#2615,#2614,#1418,.T.);
#3320=EDGE_CURVE('',#2473,#2616,#1419,.T.);
#3321=EDGE_CURVE('',#2616,#2615,#167,.T.);
#3322=EDGE_CURVE('',#2472,#2617,#1420,.T.);
#3323=EDGE_CURVE('',#2617,#2616,#1421,.T.);
#3324=EDGE_CURVE('',#2471,#2618,#1422,.T.);
#3325=EDGE_CURVE('',#2618,#2617,#1423,.T.);
#3326=EDGE_CURVE('',#2470,#2619,#1424,.T.);
#3327=EDGE_CURVE('',#2619,#2618,#1425,.T.);
#3328=EDGE_CURVE('',#2469,#2620,#1426,.T.);
#3329=EDGE_CURVE('',#2620,#2619,#168,.T.);
#3330=EDGE_CURVE('',#2606,#2620,#1427,.T.);
#3331=EDGE_CURVE('',#2385,#2621,#1428,.T.);
#3332=EDGE_CURVE('',#2621,#2622,#1429,.T.);
#3333=EDGE_CURVE('',#2386,#2622,#1430,.T.);
#3334=EDGE_CURVE('',#2384,#2623,#1431,.T.);
#3335=EDGE_CURVE('',#2623,#2621,#1432,.T.);
#3336=EDGE_CURVE('',#2399,#2624,#1433,.T.);
#3337=EDGE_CURVE('',#2624,#2623,#169,.T.);
#3338=EDGE_CURVE('',#2398,#2625,#1434,.T.);
#3339=EDGE_CURVE('',#2625,#2624,#1435,.T.);
#3340=EDGE_CURVE('',#2397,#2626,#1436,.T.);
#3341=EDGE_CURVE('',#2626,#2625,#1437,.T.);
#3342=EDGE_CURVE('',#2396,#2627,#1438,.T.);
#3343=EDGE_CURVE('',#2627,#2626,#1439,.T.);
#3344=EDGE_CURVE('',#2395,#2628,#1440,.T.);
#3345=EDGE_CURVE('',#2628,#2627,#170,.T.);
#3346=EDGE_CURVE('',#2394,#2629,#1441,.T.);
#3347=EDGE_CURVE('',#2629,#2628,#1442,.T.);
#3348=EDGE_CURVE('',#2393,#2630,#1443,.T.);
#3349=EDGE_CURVE('',#2630,#2629,#1444,.T.);
#3350=EDGE_CURVE('',#2392,#2631,#1445,.T.);
#3351=EDGE_CURVE('',#2631,#2630,#1446,.T.);
#3352=EDGE_CURVE('',#2391,#2632,#1447,.T.);
#3353=EDGE_CURVE('',#2632,#2631,#171,.T.);
#3354=EDGE_CURVE('',#2390,#2633,#1448,.T.);
#3355=EDGE_CURVE('',#2633,#2632,#1449,.T.);
#3356=EDGE_CURVE('',#2389,#2634,#1450,.T.);
#3357=EDGE_CURVE('',#2634,#2633,#1451,.T.);
#3358=EDGE_CURVE('',#2388,#2635,#1452,.T.);
#3359=EDGE_CURVE('',#2635,#2634,#1453,.T.);
#3360=EDGE_CURVE('',#2387,#2636,#1454,.T.);
#3361=EDGE_CURVE('',#2636,#2635,#172,.T.);
#3362=EDGE_CURVE('',#2622,#2636,#1455,.T.);
#3363=EDGE_CURVE('',#2210,#2483,#1456,.T.);
#3364=EDGE_CURVE('',#2209,#2484,#1457,.T.);
#3365=EDGE_CURVE('',#2212,#2485,#1458,.T.);
#3366=EDGE_CURVE('',#2211,#2486,#1459,.T.);
#3367=EDGE_CURVE('',#2214,#2487,#1460,.T.);
#3368=EDGE_CURVE('',#2213,#2488,#1461,.T.);
#3369=EDGE_CURVE('',#2216,#2489,#1462,.T.);
#3370=EDGE_CURVE('',#2215,#2490,#1463,.T.);
#3371=EDGE_CURVE('',#2218,#2491,#1464,.T.);
#3372=EDGE_CURVE('',#2217,#2492,#1465,.T.);
#3373=EDGE_CURVE('',#2220,#2493,#1466,.T.);
#3374=EDGE_CURVE('',#2219,#2494,#1467,.T.);
#3375=EDGE_CURVE('',#2222,#2495,#1468,.T.);
#3376=EDGE_CURVE('',#2221,#2496,#1469,.T.);
#3377=EDGE_CURVE('',#2224,#2497,#1470,.T.);
#3378=EDGE_CURVE('',#2223,#2498,#1471,.T.);
#3379=EDGE_CURVE('',#2226,#2499,#1472,.T.);
#3380=EDGE_CURVE('',#2225,#2500,#1473,.T.);
#3381=EDGE_CURVE('',#2228,#2501,#1474,.T.);
#3382=EDGE_CURVE('',#2227,#2502,#1475,.T.);
#3383=EDGE_CURVE('',#2637,#2638,#173,.T.);
#3384=EDGE_CURVE('',#2638,#2639,#1476,.T.);
#3385=EDGE_CURVE('',#2639,#2637,#1477,.T.);
#3386=EDGE_CURVE('',#2640,#2641,#1478,.T.);
#3387=EDGE_CURVE('',#2641,#2640,#174,.T.);
#3388=EDGE_CURVE('',#2642,#2643,#1479,.T.);
#3389=EDGE_CURVE('',#2643,#2644,#175,.T.);
#3390=EDGE_CURVE('',#2644,#2645,#1480,.T.);
#3391=EDGE_CURVE('',#2645,#2646,#176,.T.);
#3392=EDGE_CURVE('',#2646,#2647,#1481,.T.);
#3393=EDGE_CURVE('',#2647,#2648,#177,.T.);
#3394=EDGE_CURVE('',#2648,#2649,#1482,.T.);
#3395=EDGE_CURVE('',#2649,#2642,#178,.T.);
#3396=EDGE_CURVE('',#2642,#2650,#1483,.T.);
#3397=EDGE_CURVE('',#2650,#2651,#1484,.T.);
#3398=EDGE_CURVE('',#2643,#2651,#1485,.T.);
#3399=EDGE_CURVE('',#2649,#2652,#1486,.T.);
#3400=EDGE_CURVE('',#2652,#2650,#179,.T.);
#3401=EDGE_CURVE('',#2648,#2653,#1487,.T.);
#3402=EDGE_CURVE('',#2653,#2652,#1488,.T.);
#3403=EDGE_CURVE('',#2647,#2654,#1489,.T.);
#3404=EDGE_CURVE('',#2654,#2653,#180,.T.);
#3405=EDGE_CURVE('',#2646,#2655,#1490,.T.);
#3406=EDGE_CURVE('',#2655,#2654,#1491,.T.);
#3407=EDGE_CURVE('',#2645,#2656,#1492,.T.);
#3408=EDGE_CURVE('',#2656,#2655,#181,.T.);
#3409=EDGE_CURVE('',#2644,#2657,#1493,.T.);
#3410=EDGE_CURVE('',#2657,#2656,#1494,.T.);
#3411=EDGE_CURVE('',#2651,#2657,#182,.T.);
#3412=EDGE_CURVE('',#2658,#2658,#183,.T.);
#3413=EDGE_CURVE('',#2659,#2659,#184,.T.);
#3414=EDGE_CURVE('',#2183,#2658,#1495,.T.);
#3415=EDGE_CURVE('',#2659,#2241,#1496,.T.);
#3416=EDGE_CURVE('',#2660,#2660,#185,.T.);
#3417=EDGE_CURVE('',#2661,#2661,#186,.T.);
#3418=EDGE_CURVE('',#2182,#2660,#1497,.T.);
#3419=EDGE_CURVE('',#2661,#2239,#1498,.T.);
#3420=EDGE_CURVE('',#2662,#2662,#187,.T.);
#3421=EDGE_CURVE('',#2663,#2663,#188,.T.);
#3422=EDGE_CURVE('',#2181,#2662,#1499,.T.);
#3423=EDGE_CURVE('',#2663,#2240,#1500,.T.);
#3424=EDGE_CURVE('',#2664,#2664,#189,.T.);
#3425=EDGE_CURVE('',#2180,#2664,#1501,.T.);
#3426=EDGE_CURVE('',#2640,#2665,#1502,.T.);
#3427=EDGE_CURVE('',#2665,#2666,#1503,.T.);
#3428=EDGE_CURVE('',#2641,#2666,#1504,.T.);
#3429=EDGE_CURVE('',#2666,#2665,#190,.T.);
#3430=EDGE_CURVE('',#2233,#2639,#1505,.T.);
#3431=EDGE_CURVE('',#2232,#2637,#1506,.T.);
#3432=EDGE_CURVE('',#2231,#2638,#1507,.T.);
#3433=ORIENTED_EDGE('',*,*,#2667,.F.);
#3434=ORIENTED_EDGE('',*,*,#2668,.F.);
#3435=ORIENTED_EDGE('',*,*,#2669,.F.);
#3436=ORIENTED_EDGE('',*,*,#2670,.T.);
#3437=ORIENTED_EDGE('',*,*,#2671,.F.);
#3438=ORIENTED_EDGE('',*,*,#2670,.F.);
#3439=ORIENTED_EDGE('',*,*,#2672,.F.);
#3440=ORIENTED_EDGE('',*,*,#2673,.T.);
#3441=ORIENTED_EDGE('',*,*,#2674,.F.);
#3442=ORIENTED_EDGE('',*,*,#2673,.F.);
#3443=ORIENTED_EDGE('',*,*,#2675,.F.);
#3444=ORIENTED_EDGE('',*,*,#2668,.T.);
#3445=ORIENTED_EDGE('',*,*,#2676,.F.);
#3446=ORIENTED_EDGE('',*,*,#2677,.F.);
#3447=ORIENTED_EDGE('',*,*,#2678,.F.);
#3448=ORIENTED_EDGE('',*,*,#2679,.T.);
#3449=ORIENTED_EDGE('',*,*,#2680,.F.);
#3450=ORIENTED_EDGE('',*,*,#2679,.F.);
#3451=ORIENTED_EDGE('',*,*,#2681,.F.);
#3452=ORIENTED_EDGE('',*,*,#2682,.T.);
#3453=ORIENTED_EDGE('',*,*,#2683,.F.);
#3454=ORIENTED_EDGE('',*,*,#2682,.F.);
#3455=ORIENTED_EDGE('',*,*,#2684,.F.);
#3456=ORIENTED_EDGE('',*,*,#2677,.T.);
#3457=ORIENTED_EDGE('',*,*,#2685,.T.);
#3458=ORIENTED_EDGE('',*,*,#2686,.T.);
#3459=ORIENTED_EDGE('',*,*,#2687,.T.);
#3460=ORIENTED_EDGE('',*,*,#2688,.T.);
#3461=ORIENTED_EDGE('',*,*,#2687,.F.);
#3462=ORIENTED_EDGE('',*,*,#2689,.T.);
#3463=ORIENTED_EDGE('',*,*,#2690,.F.);
#3464=ORIENTED_EDGE('',*,*,#2691,.T.);
#3465=ORIENTED_EDGE('',*,*,#2692,.F.);
#3466=ORIENTED_EDGE('',*,*,#2693,.T.);
#3467=ORIENTED_EDGE('',*,*,#2694,.F.);
#3468=ORIENTED_EDGE('',*,*,#2695,.T.);
#3469=ORIENTED_EDGE('',*,*,#2696,.T.);
#3470=ORIENTED_EDGE('',*,*,#2697,.T.);
#3471=ORIENTED_EDGE('',*,*,#2698,.T.);
#3472=ORIENTED_EDGE('',*,*,#2699,.T.);
#3473=ORIENTED_EDGE('',*,*,#2700,.T.);
#3474=ORIENTED_EDGE('',*,*,#2701,.T.);
#3475=ORIENTED_EDGE('',*,*,#2702,.T.);
#3476=ORIENTED_EDGE('',*,*,#2703,.T.);
#3477=ORIENTED_EDGE('',*,*,#2704,.T.);
#3478=ORIENTED_EDGE('',*,*,#2705,.T.);
#3479=ORIENTED_EDGE('',*,*,#2706,.T.);
#3480=ORIENTED_EDGE('',*,*,#2707,.T.);
#3481=ORIENTED_EDGE('',*,*,#2708,.T.);
#3482=ORIENTED_EDGE('',*,*,#2709,.T.);
#3483=ORIENTED_EDGE('',*,*,#2710,.T.);
#3484=ORIENTED_EDGE('',*,*,#2711,.T.);
#3485=ORIENTED_EDGE('',*,*,#2712,.T.);
#3486=ORIENTED_EDGE('',*,*,#2713,.T.);
#3487=ORIENTED_EDGE('',*,*,#2714,.T.);
#3488=ORIENTED_EDGE('',*,*,#2715,.T.);
#3489=ORIENTED_EDGE('',*,*,#2716,.T.);
#3490=ORIENTED_EDGE('',*,*,#2717,.T.);
#3491=ORIENTED_EDGE('',*,*,#2718,.T.);
#3492=ORIENTED_EDGE('',*,*,#2719,.T.);
#3493=ORIENTED_EDGE('',*,*,#2720,.T.);
#3494=ORIENTED_EDGE('',*,*,#2721,.T.);
#3495=ORIENTED_EDGE('',*,*,#2722,.T.);
#3496=ORIENTED_EDGE('',*,*,#2723,.T.);
#3497=ORIENTED_EDGE('',*,*,#2724,.T.);
#3498=ORIENTED_EDGE('',*,*,#2725,.T.);
#3499=ORIENTED_EDGE('',*,*,#2726,.T.);
#3500=ORIENTED_EDGE('',*,*,#2727,.T.);
#3501=ORIENTED_EDGE('',*,*,#2728,.T.);
#3502=ORIENTED_EDGE('',*,*,#2729,.T.);
#3503=ORIENTED_EDGE('',*,*,#2730,.T.);
#3504=ORIENTED_EDGE('',*,*,#2731,.T.);
#3505=ORIENTED_EDGE('',*,*,#2732,.T.);
#3506=ORIENTED_EDGE('',*,*,#2733,.T.);
#3507=ORIENTED_EDGE('',*,*,#2734,.T.);
#3508=ORIENTED_EDGE('',*,*,#2735,.T.);
#3509=ORIENTED_EDGE('',*,*,#2736,.T.);
#3510=ORIENTED_EDGE('',*,*,#2737,.T.);
#3511=ORIENTED_EDGE('',*,*,#2738,.T.);
#3512=ORIENTED_EDGE('',*,*,#2739,.T.);
#3513=ORIENTED_EDGE('',*,*,#2740,.T.);
#3514=ORIENTED_EDGE('',*,*,#2741,.T.);
#3515=ORIENTED_EDGE('',*,*,#2742,.T.);
#3516=ORIENTED_EDGE('',*,*,#2743,.T.);
#3517=ORIENTED_EDGE('',*,*,#2744,.T.);
#3518=ORIENTED_EDGE('',*,*,#2686,.F.);
#3519=ORIENTED_EDGE('',*,*,#2745,.F.);
#3520=ORIENTED_EDGE('',*,*,#2746,.F.);
#3521=ORIENTED_EDGE('',*,*,#2689,.F.);
#3522=ORIENTED_EDGE('',*,*,#2688,.F.);
#3523=ORIENTED_EDGE('',*,*,#2695,.F.);
#3524=ORIENTED_EDGE('',*,*,#2747,.F.);
#3525=ORIENTED_EDGE('',*,*,#2748,.F.);
#3526=ORIENTED_EDGE('',*,*,#2667,.T.);
#3527=ORIENTED_EDGE('',*,*,#2671,.T.);
#3528=ORIENTED_EDGE('',*,*,#2674,.T.);
#3529=ORIENTED_EDGE('',*,*,#2681,.T.);
#3530=ORIENTED_EDGE('',*,*,#2678,.T.);
#3531=ORIENTED_EDGE('',*,*,#2684,.T.);
#3532=ORIENTED_EDGE('',*,*,#2749,.T.);
#3533=ORIENTED_EDGE('',*,*,#2750,.T.);
#3534=ORIENTED_EDGE('',*,*,#2751,.T.);
#3535=ORIENTED_EDGE('',*,*,#2694,.T.);
#3536=ORIENTED_EDGE('',*,*,#2752,.T.);
#3537=ORIENTED_EDGE('',*,*,#2753,.T.);
#3538=ORIENTED_EDGE('',*,*,#2747,.T.);
#3539=ORIENTED_EDGE('',*,*,#2685,.F.);
#3540=ORIENTED_EDGE('',*,*,#2748,.T.);
#3541=ORIENTED_EDGE('',*,*,#2753,.F.);
#3542=ORIENTED_EDGE('',*,*,#2754,.T.);
#3543=ORIENTED_EDGE('',*,*,#2755,.F.);
#3544=ORIENTED_EDGE('',*,*,#2756,.T.);
#3545=ORIENTED_EDGE('',*,*,#2757,.F.);
#3546=ORIENTED_EDGE('',*,*,#2745,.T.);
#3547=ORIENTED_EDGE('',*,*,#2758,.T.);
#3548=ORIENTED_EDGE('',*,*,#2759,.T.);
#3549=ORIENTED_EDGE('',*,*,#2760,.T.);
#3550=ORIENTED_EDGE('',*,*,#2761,.T.);
#3551=ORIENTED_EDGE('',*,*,#2762,.T.);
#3552=ORIENTED_EDGE('',*,*,#2763,.F.);
#3553=ORIENTED_EDGE('',*,*,#2764,.F.);
#3554=ORIENTED_EDGE('',*,*,#2765,.F.);
#3555=ORIENTED_EDGE('',*,*,#2766,.F.);
#3556=ORIENTED_EDGE('',*,*,#2767,.T.);
#3557=ORIENTED_EDGE('',*,*,#2768,.F.);
#3558=ORIENTED_EDGE('',*,*,#2769,.F.);
#3559=ORIENTED_EDGE('',*,*,#2770,.F.);
#3560=ORIENTED_EDGE('',*,*,#2771,.F.);
#3561=ORIENTED_EDGE('',*,*,#2772,.T.);
#3562=ORIENTED_EDGE('',*,*,#2773,.F.);
#3563=ORIENTED_EDGE('',*,*,#2774,.F.);
#3564=ORIENTED_EDGE('',*,*,#2775,.F.);
#3565=ORIENTED_EDGE('',*,*,#2776,.F.);
#3566=ORIENTED_EDGE('',*,*,#2777,.T.);
#3567=ORIENTED_EDGE('',*,*,#2778,.F.);
#3568=ORIENTED_EDGE('',*,*,#2779,.F.);
#3569=ORIENTED_EDGE('',*,*,#2780,.F.);
#3570=ORIENTED_EDGE('',*,*,#2781,.F.);
#3571=ORIENTED_EDGE('',*,*,#2752,.F.);
#3572=ORIENTED_EDGE('',*,*,#2693,.F.);
#3573=ORIENTED_EDGE('',*,*,#2782,.F.);
#3574=ORIENTED_EDGE('',*,*,#2754,.F.);
#3575=ORIENTED_EDGE('',*,*,#2692,.T.);
#3576=ORIENTED_EDGE('',*,*,#2783,.T.);
#3577=ORIENTED_EDGE('',*,*,#2755,.T.);
#3578=ORIENTED_EDGE('',*,*,#2782,.T.);
#3579=ORIENTED_EDGE('',*,*,#2783,.F.);
#3580=ORIENTED_EDGE('',*,*,#2691,.F.);
#3581=ORIENTED_EDGE('',*,*,#2784,.F.);
#3582=ORIENTED_EDGE('',*,*,#2756,.F.);
#3583=ORIENTED_EDGE('',*,*,#2690,.T.);
#3584=ORIENTED_EDGE('',*,*,#2746,.T.);
#3585=ORIENTED_EDGE('',*,*,#2757,.T.);
#3586=ORIENTED_EDGE('',*,*,#2784,.T.);
#3587=ORIENTED_EDGE('',*,*,#2785,.F.);
#3588=ORIENTED_EDGE('',*,*,#2786,.F.);
#3589=ORIENTED_EDGE('',*,*,#2778,.T.);
#3590=ORIENTED_EDGE('',*,*,#2787,.F.);
#3591=ORIENTED_EDGE('',*,*,#2788,.F.);
#3592=ORIENTED_EDGE('',*,*,#2789,.F.);
#3593=ORIENTED_EDGE('',*,*,#2781,.T.);
#3594=ORIENTED_EDGE('',*,*,#2790,.F.);
#3595=ORIENTED_EDGE('',*,*,#2791,.F.);
#3596=ORIENTED_EDGE('',*,*,#2792,.F.);
#3597=ORIENTED_EDGE('',*,*,#2768,.T.);
#3598=ORIENTED_EDGE('',*,*,#2793,.F.);
#3599=ORIENTED_EDGE('',*,*,#2794,.F.);
#3600=ORIENTED_EDGE('',*,*,#2795,.F.);
#3601=ORIENTED_EDGE('',*,*,#2771,.T.);
#3602=ORIENTED_EDGE('',*,*,#2796,.T.);
#3603=ORIENTED_EDGE('',*,*,#2797,.F.);
#3604=ORIENTED_EDGE('',*,*,#2798,.T.);
#3605=ORIENTED_EDGE('',*,*,#2773,.T.);
#3606=ORIENTED_EDGE('',*,*,#2799,.F.);
#3607=ORIENTED_EDGE('',*,*,#2800,.F.);
#3608=ORIENTED_EDGE('',*,*,#2801,.F.);
#3609=ORIENTED_EDGE('',*,*,#2776,.T.);
#3610=ORIENTED_EDGE('',*,*,#2802,.F.);
#3611=ORIENTED_EDGE('',*,*,#2789,.T.);
#3612=ORIENTED_EDGE('',*,*,#2803,.F.);
#3613=ORIENTED_EDGE('',*,*,#2804,.T.);
#3614=ORIENTED_EDGE('',*,*,#2762,.F.);
#3615=ORIENTED_EDGE('',*,*,#2780,.T.);
#3616=ORIENTED_EDGE('',*,*,#2805,.T.);
#3617=ORIENTED_EDGE('',*,*,#2806,.T.);
#3618=ORIENTED_EDGE('',*,*,#2807,.F.);
#3619=ORIENTED_EDGE('',*,*,#2770,.T.);
#3620=ORIENTED_EDGE('',*,*,#2808,.T.);
#3621=ORIENTED_EDGE('',*,*,#2809,.T.);
#3622=ORIENTED_EDGE('',*,*,#2810,.T.);
#3623=ORIENTED_EDGE('',*,*,#2769,.T.);
#3624=ORIENTED_EDGE('',*,*,#2792,.T.);
#3625=ORIENTED_EDGE('',*,*,#2811,.F.);
#3626=ORIENTED_EDGE('',*,*,#2812,.T.);
#3627=ORIENTED_EDGE('',*,*,#2765,.T.);
#3628=ORIENTED_EDGE('',*,*,#2813,.T.);
#3629=ORIENTED_EDGE('',*,*,#2814,.T.);
#3630=ORIENTED_EDGE('',*,*,#2815,.T.);
#3631=ORIENTED_EDGE('',*,*,#2816,.T.);
#3632=ORIENTED_EDGE('',*,*,#2817,.T.);
#3633=ORIENTED_EDGE('',*,*,#2818,.T.);
#3634=ORIENTED_EDGE('',*,*,#2808,.F.);
#3635=ORIENTED_EDGE('',*,*,#2793,.T.);
#3636=ORIENTED_EDGE('',*,*,#2767,.F.);
#3637=ORIENTED_EDGE('',*,*,#2819,.T.);
#3638=ORIENTED_EDGE('',*,*,#2820,.F.);
#3639=ORIENTED_EDGE('',*,*,#2779,.T.);
#3640=ORIENTED_EDGE('',*,*,#2786,.T.);
#3641=ORIENTED_EDGE('',*,*,#2821,.F.);
#3642=ORIENTED_EDGE('',*,*,#2802,.T.);
#3643=ORIENTED_EDGE('',*,*,#2775,.T.);
#3644=ORIENTED_EDGE('',*,*,#2822,.T.);
#3645=ORIENTED_EDGE('',*,*,#2823,.T.);
#3646=ORIENTED_EDGE('',*,*,#2824,.T.);
#3647=ORIENTED_EDGE('',*,*,#2825,.T.);
#3648=ORIENTED_EDGE('',*,*,#2826,.T.);
#3649=ORIENTED_EDGE('',*,*,#2827,.T.);
#3650=ORIENTED_EDGE('',*,*,#2805,.F.);
#3651=ORIENTED_EDGE('',*,*,#2774,.T.);
#3652=ORIENTED_EDGE('',*,*,#2828,.T.);
#3653=ORIENTED_EDGE('',*,*,#2829,.T.);
#3654=ORIENTED_EDGE('',*,*,#2822,.F.);
#3655=ORIENTED_EDGE('',*,*,#2791,.T.);
#3656=ORIENTED_EDGE('',*,*,#2820,.T.);
#3657=ORIENTED_EDGE('',*,*,#2830,.T.);
#3658=ORIENTED_EDGE('',*,*,#2811,.T.);
#3659=ORIENTED_EDGE('',*,*,#2794,.T.);
#3660=ORIENTED_EDGE('',*,*,#2831,.T.);
#3661=ORIENTED_EDGE('',*,*,#2797,.T.);
#3662=ORIENTED_EDGE('',*,*,#2832,.T.);
#3663=ORIENTED_EDGE('',*,*,#2785,.T.);
#3664=ORIENTED_EDGE('',*,*,#2833,.T.);
#3665=ORIENTED_EDGE('',*,*,#2800,.T.);
#3666=ORIENTED_EDGE('',*,*,#2821,.T.);
#3667=ORIENTED_EDGE('',*,*,#2788,.T.);
#3668=ORIENTED_EDGE('',*,*,#2834,.T.);
#3669=ORIENTED_EDGE('',*,*,#2835,.T.);
#3670=ORIENTED_EDGE('',*,*,#2803,.T.);
#3671=ORIENTED_EDGE('',*,*,#2795,.T.);
#3672=ORIENTED_EDGE('',*,*,#2832,.F.);
#3673=ORIENTED_EDGE('',*,*,#2799,.T.);
#3674=ORIENTED_EDGE('',*,*,#2772,.F.);
#3675=ORIENTED_EDGE('',*,*,#2835,.F.);
#3676=ORIENTED_EDGE('',*,*,#2836,.T.);
#3677=ORIENTED_EDGE('',*,*,#2763,.T.);
#3678=ORIENTED_EDGE('',*,*,#2804,.F.);
#3679=ORIENTED_EDGE('',*,*,#2830,.F.);
#3680=ORIENTED_EDGE('',*,*,#2819,.F.);
#3681=ORIENTED_EDGE('',*,*,#2766,.T.);
#3682=ORIENTED_EDGE('',*,*,#2812,.F.);
#3683=ORIENTED_EDGE('',*,*,#2837,.F.);
#3684=ORIENTED_EDGE('',*,*,#2838,.T.);
#3685=ORIENTED_EDGE('',*,*,#2758,.F.);
#3686=ORIENTED_EDGE('',*,*,#2838,.F.);
#3687=ORIENTED_EDGE('',*,*,#2764,.T.);
#3688=ORIENTED_EDGE('',*,*,#2839,.T.);
#3689=ORIENTED_EDGE('',*,*,#2840,.T.);
#3690=ORIENTED_EDGE('',*,*,#2813,.F.);
#3691=ORIENTED_EDGE('',*,*,#2841,.F.);
#3692=ORIENTED_EDGE('',*,*,#2842,.T.);
#3693=ORIENTED_EDGE('',*,*,#2700,.F.);
#3694=ORIENTED_EDGE('',*,*,#2842,.F.);
#3695=ORIENTED_EDGE('',*,*,#2843,.F.);
#3696=ORIENTED_EDGE('',*,*,#2844,.T.);
#3697=ORIENTED_EDGE('',*,*,#2701,.F.);
#3698=ORIENTED_EDGE('',*,*,#2844,.F.);
#3699=ORIENTED_EDGE('',*,*,#2845,.F.);
#3700=ORIENTED_EDGE('',*,*,#2846,.T.);
#3701=ORIENTED_EDGE('',*,*,#2702,.F.);
#3702=ORIENTED_EDGE('',*,*,#2846,.F.);
#3703=ORIENTED_EDGE('',*,*,#2847,.F.);
#3704=ORIENTED_EDGE('',*,*,#2848,.T.);
#3705=ORIENTED_EDGE('',*,*,#2703,.F.);
#3706=ORIENTED_EDGE('',*,*,#2848,.F.);
#3707=ORIENTED_EDGE('',*,*,#2849,.F.);
#3708=ORIENTED_EDGE('',*,*,#2850,.T.);
#3709=ORIENTED_EDGE('',*,*,#2704,.F.);
#3710=ORIENTED_EDGE('',*,*,#2850,.F.);
#3711=ORIENTED_EDGE('',*,*,#2851,.F.);
#3712=ORIENTED_EDGE('',*,*,#2852,.F.);
#3713=ORIENTED_EDGE('',*,*,#2853,.T.);
#3714=ORIENTED_EDGE('',*,*,#2854,.F.);
#3715=ORIENTED_EDGE('',*,*,#2855,.F.);
#3716=ORIENTED_EDGE('',*,*,#2856,.F.);
#3717=ORIENTED_EDGE('',*,*,#2857,.T.);
#3718=ORIENTED_EDGE('',*,*,#2858,.F.);
#3719=ORIENTED_EDGE('',*,*,#2859,.F.);
#3720=ORIENTED_EDGE('',*,*,#2853,.F.);
#3721=ORIENTED_EDGE('',*,*,#2860,.F.);
#3722=ORIENTED_EDGE('',*,*,#2857,.F.);
#3723=ORIENTED_EDGE('',*,*,#2861,.F.);
#3724=ORIENTED_EDGE('',*,*,#2862,.F.);
#3725=ORIENTED_EDGE('',*,*,#2863,.T.);
#3726=ORIENTED_EDGE('',*,*,#2864,.F.);
#3727=ORIENTED_EDGE('',*,*,#2865,.F.);
#3728=ORIENTED_EDGE('',*,*,#2866,.F.);
#3729=ORIENTED_EDGE('',*,*,#2867,.T.);
#3730=ORIENTED_EDGE('',*,*,#2868,.F.);
#3731=ORIENTED_EDGE('',*,*,#2869,.F.);
#3732=ORIENTED_EDGE('',*,*,#2863,.F.);
#3733=ORIENTED_EDGE('',*,*,#2870,.F.);
#3734=ORIENTED_EDGE('',*,*,#2867,.F.);
#3735=ORIENTED_EDGE('',*,*,#2858,.T.);
#3736=ORIENTED_EDGE('',*,*,#2860,.T.);
#3737=ORIENTED_EDGE('',*,*,#2852,.T.);
#3738=ORIENTED_EDGE('',*,*,#2871,.F.);
#3739=ORIENTED_EDGE('',*,*,#2864,.T.);
#3740=ORIENTED_EDGE('',*,*,#2869,.T.);
#3741=ORIENTED_EDGE('',*,*,#2866,.T.);
#3742=ORIENTED_EDGE('',*,*,#2872,.F.);
#3743=ORIENTED_EDGE('',*,*,#2873,.T.);
#3744=ORIENTED_EDGE('',*,*,#2874,.T.);
#3745=ORIENTED_EDGE('',*,*,#2875,.F.);
#3746=ORIENTED_EDGE('',*,*,#2876,.F.);
#3747=ORIENTED_EDGE('',*,*,#2851,.T.);
#3748=ORIENTED_EDGE('',*,*,#2877,.T.);
#3749=ORIENTED_EDGE('',*,*,#2861,.T.);
#3750=ORIENTED_EDGE('',*,*,#2871,.T.);
#3751=ORIENTED_EDGE('',*,*,#2878,.F.);
#3752=ORIENTED_EDGE('',*,*,#2879,.F.);
#3753=ORIENTED_EDGE('',*,*,#2880,.T.);
#3754=ORIENTED_EDGE('',*,*,#2881,.F.);
#3755=ORIENTED_EDGE('',*,*,#2882,.F.);
#3756=ORIENTED_EDGE('',*,*,#2883,.F.);
#3757=ORIENTED_EDGE('',*,*,#2884,.T.);
#3758=ORIENTED_EDGE('',*,*,#2885,.F.);
#3759=ORIENTED_EDGE('',*,*,#2886,.F.);
#3760=ORIENTED_EDGE('',*,*,#2880,.F.);
#3761=ORIENTED_EDGE('',*,*,#2887,.F.);
#3762=ORIENTED_EDGE('',*,*,#2884,.F.);
#3763=ORIENTED_EDGE('',*,*,#2888,.F.);
#3764=ORIENTED_EDGE('',*,*,#2889,.F.);
#3765=ORIENTED_EDGE('',*,*,#2890,.T.);
#3766=ORIENTED_EDGE('',*,*,#2891,.F.);
#3767=ORIENTED_EDGE('',*,*,#2892,.F.);
#3768=ORIENTED_EDGE('',*,*,#2893,.F.);
#3769=ORIENTED_EDGE('',*,*,#2894,.T.);
#3770=ORIENTED_EDGE('',*,*,#2895,.F.);
#3771=ORIENTED_EDGE('',*,*,#2896,.F.);
#3772=ORIENTED_EDGE('',*,*,#2890,.F.);
#3773=ORIENTED_EDGE('',*,*,#2897,.F.);
#3774=ORIENTED_EDGE('',*,*,#2894,.F.);
#3775=ORIENTED_EDGE('',*,*,#2885,.T.);
#3776=ORIENTED_EDGE('',*,*,#2887,.T.);
#3777=ORIENTED_EDGE('',*,*,#2879,.T.);
#3778=ORIENTED_EDGE('',*,*,#2898,.F.);
#3779=ORIENTED_EDGE('',*,*,#2891,.T.);
#3780=ORIENTED_EDGE('',*,*,#2896,.T.);
#3781=ORIENTED_EDGE('',*,*,#2893,.T.);
#3782=ORIENTED_EDGE('',*,*,#2899,.F.);
#3783=ORIENTED_EDGE('',*,*,#2900,.T.);
#3784=ORIENTED_EDGE('',*,*,#2901,.T.);
#3785=ORIENTED_EDGE('',*,*,#2902,.F.);
#3786=ORIENTED_EDGE('',*,*,#2903,.F.);
#3787=ORIENTED_EDGE('',*,*,#2878,.T.);
#3788=ORIENTED_EDGE('',*,*,#2904,.T.);
#3789=ORIENTED_EDGE('',*,*,#2888,.T.);
#3790=ORIENTED_EDGE('',*,*,#2898,.T.);
#3791=ORIENTED_EDGE('',*,*,#2905,.F.);
#3792=ORIENTED_EDGE('',*,*,#2906,.F.);
#3793=ORIENTED_EDGE('',*,*,#2907,.T.);
#3794=ORIENTED_EDGE('',*,*,#2908,.F.);
#3795=ORIENTED_EDGE('',*,*,#2909,.F.);
#3796=ORIENTED_EDGE('',*,*,#2910,.F.);
#3797=ORIENTED_EDGE('',*,*,#2911,.T.);
#3798=ORIENTED_EDGE('',*,*,#2912,.F.);
#3799=ORIENTED_EDGE('',*,*,#2913,.F.);
#3800=ORIENTED_EDGE('',*,*,#2907,.F.);
#3801=ORIENTED_EDGE('',*,*,#2914,.F.);
#3802=ORIENTED_EDGE('',*,*,#2911,.F.);
#3803=ORIENTED_EDGE('',*,*,#2915,.F.);
#3804=ORIENTED_EDGE('',*,*,#2916,.F.);
#3805=ORIENTED_EDGE('',*,*,#2917,.T.);
#3806=ORIENTED_EDGE('',*,*,#2918,.F.);
#3807=ORIENTED_EDGE('',*,*,#2919,.F.);
#3808=ORIENTED_EDGE('',*,*,#2920,.F.);
#3809=ORIENTED_EDGE('',*,*,#2921,.T.);
#3810=ORIENTED_EDGE('',*,*,#2922,.F.);
#3811=ORIENTED_EDGE('',*,*,#2923,.F.);
#3812=ORIENTED_EDGE('',*,*,#2917,.F.);
#3813=ORIENTED_EDGE('',*,*,#2924,.F.);
#3814=ORIENTED_EDGE('',*,*,#2921,.F.);
#3815=ORIENTED_EDGE('',*,*,#2912,.T.);
#3816=ORIENTED_EDGE('',*,*,#2914,.T.);
#3817=ORIENTED_EDGE('',*,*,#2906,.T.);
#3818=ORIENTED_EDGE('',*,*,#2925,.F.);
#3819=ORIENTED_EDGE('',*,*,#2918,.T.);
#3820=ORIENTED_EDGE('',*,*,#2923,.T.);
#3821=ORIENTED_EDGE('',*,*,#2920,.T.);
#3822=ORIENTED_EDGE('',*,*,#2926,.F.);
#3823=ORIENTED_EDGE('',*,*,#2927,.T.);
#3824=ORIENTED_EDGE('',*,*,#2928,.T.);
#3825=ORIENTED_EDGE('',*,*,#2929,.F.);
#3826=ORIENTED_EDGE('',*,*,#2930,.F.);
#3827=ORIENTED_EDGE('',*,*,#2905,.T.);
#3828=ORIENTED_EDGE('',*,*,#2931,.T.);
#3829=ORIENTED_EDGE('',*,*,#2915,.T.);
#3830=ORIENTED_EDGE('',*,*,#2925,.T.);
#3831=ORIENTED_EDGE('',*,*,#2932,.F.);
#3832=ORIENTED_EDGE('',*,*,#2933,.F.);
#3833=ORIENTED_EDGE('',*,*,#2934,.T.);
#3834=ORIENTED_EDGE('',*,*,#2935,.F.);
#3835=ORIENTED_EDGE('',*,*,#2936,.F.);
#3836=ORIENTED_EDGE('',*,*,#2937,.F.);
#3837=ORIENTED_EDGE('',*,*,#2938,.T.);
#3838=ORIENTED_EDGE('',*,*,#2939,.F.);
#3839=ORIENTED_EDGE('',*,*,#2940,.F.);
#3840=ORIENTED_EDGE('',*,*,#2934,.F.);
#3841=ORIENTED_EDGE('',*,*,#2941,.F.);
#3842=ORIENTED_EDGE('',*,*,#2938,.F.);
#3843=ORIENTED_EDGE('',*,*,#2942,.F.);
#3844=ORIENTED_EDGE('',*,*,#2943,.F.);
#3845=ORIENTED_EDGE('',*,*,#2944,.T.);
#3846=ORIENTED_EDGE('',*,*,#2945,.F.);
#3847=ORIENTED_EDGE('',*,*,#2946,.F.);
#3848=ORIENTED_EDGE('',*,*,#2947,.F.);
#3849=ORIENTED_EDGE('',*,*,#2948,.T.);
#3850=ORIENTED_EDGE('',*,*,#2949,.F.);
#3851=ORIENTED_EDGE('',*,*,#2950,.F.);
#3852=ORIENTED_EDGE('',*,*,#2944,.F.);
#3853=ORIENTED_EDGE('',*,*,#2951,.F.);
#3854=ORIENTED_EDGE('',*,*,#2948,.F.);
#3855=ORIENTED_EDGE('',*,*,#2952,.T.);
#3856=ORIENTED_EDGE('',*,*,#2953,.T.);
#3857=ORIENTED_EDGE('',*,*,#2954,.T.);
#3858=ORIENTED_EDGE('',*,*,#2955,.F.);
#3859=ORIENTED_EDGE('',*,*,#2956,.T.);
#3860=ORIENTED_EDGE('',*,*,#2957,.T.);
#3861=ORIENTED_EDGE('',*,*,#2958,.T.);
#3862=ORIENTED_EDGE('',*,*,#2825,.F.);
#3863=ORIENTED_EDGE('',*,*,#2959,.T.);
#3864=ORIENTED_EDGE('',*,*,#2960,.T.);
#3865=ORIENTED_EDGE('',*,*,#2961,.T.);
#3866=ORIENTED_EDGE('',*,*,#2962,.T.);
#3867=ORIENTED_EDGE('',*,*,#2963,.T.);
#3868=ORIENTED_EDGE('',*,*,#2964,.T.);
#3869=ORIENTED_EDGE('',*,*,#2965,.T.);
#3870=ORIENTED_EDGE('',*,*,#2966,.T.);
#3871=ORIENTED_EDGE('',*,*,#2967,.T.);
#3872=ORIENTED_EDGE('',*,*,#2968,.T.);
#3873=ORIENTED_EDGE('',*,*,#2969,.T.);
#3874=ORIENTED_EDGE('',*,*,#2970,.T.);
#3875=ORIENTED_EDGE('',*,*,#2971,.T.);
#3876=ORIENTED_EDGE('',*,*,#2972,.T.);
#3877=ORIENTED_EDGE('',*,*,#2973,.T.);
#3878=ORIENTED_EDGE('',*,*,#2974,.T.);
#3879=ORIENTED_EDGE('',*,*,#2975,.T.);
#3880=ORIENTED_EDGE('',*,*,#2976,.T.);
#3881=ORIENTED_EDGE('',*,*,#2977,.T.);
#3882=ORIENTED_EDGE('',*,*,#2978,.T.);
#3883=ORIENTED_EDGE('',*,*,#2979,.T.);
#3884=ORIENTED_EDGE('',*,*,#2980,.F.);
#3885=ORIENTED_EDGE('',*,*,#2981,.T.);
#3886=ORIENTED_EDGE('',*,*,#2982,.T.);
#3887=ORIENTED_EDGE('',*,*,#2983,.T.);
#3888=ORIENTED_EDGE('',*,*,#2816,.F.);
#3889=ORIENTED_EDGE('',*,*,#2855,.T.);
#3890=ORIENTED_EDGE('',*,*,#2876,.T.);
#3891=ORIENTED_EDGE('',*,*,#2984,.T.);
#3892=ORIENTED_EDGE('',*,*,#2985,.T.);
#3893=ORIENTED_EDGE('',*,*,#2882,.T.);
#3894=ORIENTED_EDGE('',*,*,#2903,.T.);
#3895=ORIENTED_EDGE('',*,*,#2986,.T.);
#3896=ORIENTED_EDGE('',*,*,#2987,.T.);
#3897=ORIENTED_EDGE('',*,*,#2909,.T.);
#3898=ORIENTED_EDGE('',*,*,#2930,.T.);
#3899=ORIENTED_EDGE('',*,*,#2988,.T.);
#3900=ORIENTED_EDGE('',*,*,#2989,.T.);
#3901=ORIENTED_EDGE('',*,*,#2936,.T.);
#3902=ORIENTED_EDGE('',*,*,#2990,.T.);
#3903=ORIENTED_EDGE('',*,*,#2991,.T.);
#3904=ORIENTED_EDGE('',*,*,#2992,.T.);
#3905=ORIENTED_EDGE('',*,*,#2993,.T.);
#3906=ORIENTED_EDGE('',*,*,#2994,.T.);
#3907=ORIENTED_EDGE('',*,*,#2946,.T.);
#3908=ORIENTED_EDGE('',*,*,#2995,.T.);
#3909=ORIENTED_EDGE('',*,*,#2996,.T.);
#3910=ORIENTED_EDGE('',*,*,#2926,.T.);
#3911=ORIENTED_EDGE('',*,*,#2919,.T.);
#3912=ORIENTED_EDGE('',*,*,#2997,.T.);
#3913=ORIENTED_EDGE('',*,*,#2998,.T.);
#3914=ORIENTED_EDGE('',*,*,#2899,.T.);
#3915=ORIENTED_EDGE('',*,*,#2892,.T.);
#3916=ORIENTED_EDGE('',*,*,#2999,.T.);
#3917=ORIENTED_EDGE('',*,*,#3000,.T.);
#3918=ORIENTED_EDGE('',*,*,#2872,.T.);
#3919=ORIENTED_EDGE('',*,*,#2865,.T.);
#3920=ORIENTED_EDGE('',*,*,#3001,.T.);
#3921=ORIENTED_EDGE('',*,*,#3002,.T.);
#3922=ORIENTED_EDGE('',*,*,#3003,.T.);
#3923=ORIENTED_EDGE('',*,*,#3004,.T.);
#3924=ORIENTED_EDGE('',*,*,#3005,.T.);
#3925=ORIENTED_EDGE('',*,*,#3006,.T.);
#3926=ORIENTED_EDGE('',*,*,#3007,.T.);
#3927=ORIENTED_EDGE('',*,*,#3008,.T.);
#3928=ORIENTED_EDGE('',*,*,#3009,.T.);
#3929=ORIENTED_EDGE('',*,*,#3010,.T.);
#3930=ORIENTED_EDGE('',*,*,#3011,.T.);
#3931=ORIENTED_EDGE('',*,*,#3012,.T.);
#3932=ORIENTED_EDGE('',*,*,#3013,.T.);
#3933=ORIENTED_EDGE('',*,*,#3014,.T.);
#3934=ORIENTED_EDGE('',*,*,#3015,.T.);
#3935=ORIENTED_EDGE('',*,*,#3016,.T.);
#3936=ORIENTED_EDGE('',*,*,#3017,.T.);
#3937=ORIENTED_EDGE('',*,*,#3018,.T.);
#3938=ORIENTED_EDGE('',*,*,#3019,.T.);
#3939=ORIENTED_EDGE('',*,*,#3020,.T.);
#3940=ORIENTED_EDGE('',*,*,#3021,.T.);
#3941=ORIENTED_EDGE('',*,*,#3022,.T.);
#3942=ORIENTED_EDGE('',*,*,#3023,.T.);
#3943=ORIENTED_EDGE('',*,*,#3024,.T.);
#3944=ORIENTED_EDGE('',*,*,#3025,.T.);
#3945=ORIENTED_EDGE('',*,*,#3026,.T.);
#3946=ORIENTED_EDGE('',*,*,#3027,.T.);
#3947=ORIENTED_EDGE('',*,*,#3028,.T.);
#3948=ORIENTED_EDGE('',*,*,#3029,.T.);
#3949=ORIENTED_EDGE('',*,*,#3030,.T.);
#3950=ORIENTED_EDGE('',*,*,#3031,.T.);
#3951=ORIENTED_EDGE('',*,*,#3032,.T.);
#3952=ORIENTED_EDGE('',*,*,#3033,.T.);
#3953=ORIENTED_EDGE('',*,*,#3034,.T.);
#3954=ORIENTED_EDGE('',*,*,#3035,.T.);
#3955=ORIENTED_EDGE('',*,*,#3036,.T.);
#3956=ORIENTED_EDGE('',*,*,#3037,.T.);
#3957=ORIENTED_EDGE('',*,*,#3038,.T.);
#3958=ORIENTED_EDGE('',*,*,#3039,.T.);
#3959=ORIENTED_EDGE('',*,*,#3040,.T.);
#3960=ORIENTED_EDGE('',*,*,#3041,.T.);
#3961=ORIENTED_EDGE('',*,*,#3042,.T.);
#3962=ORIENTED_EDGE('',*,*,#3043,.T.);
#3963=ORIENTED_EDGE('',*,*,#3044,.T.);
#3964=ORIENTED_EDGE('',*,*,#3045,.T.);
#3965=ORIENTED_EDGE('',*,*,#3046,.T.);
#3966=ORIENTED_EDGE('',*,*,#3047,.T.);
#3967=ORIENTED_EDGE('',*,*,#3048,.T.);
#3968=ORIENTED_EDGE('',*,*,#3049,.T.);
#3969=ORIENTED_EDGE('',*,*,#3050,.T.);
#3970=ORIENTED_EDGE('',*,*,#3051,.T.);
#3971=ORIENTED_EDGE('',*,*,#3052,.T.);
#3972=ORIENTED_EDGE('',*,*,#3053,.T.);
#3973=ORIENTED_EDGE('',*,*,#3054,.T.);
#3974=ORIENTED_EDGE('',*,*,#3055,.T.);
#3975=ORIENTED_EDGE('',*,*,#3056,.T.);
#3976=ORIENTED_EDGE('',*,*,#3057,.T.);
#3977=ORIENTED_EDGE('',*,*,#3058,.T.);
#3978=ORIENTED_EDGE('',*,*,#3059,.T.);
#3979=ORIENTED_EDGE('',*,*,#3060,.T.);
#3980=ORIENTED_EDGE('',*,*,#3061,.T.);
#3981=ORIENTED_EDGE('',*,*,#3062,.T.);
#3982=ORIENTED_EDGE('',*,*,#3063,.T.);
#3983=ORIENTED_EDGE('',*,*,#3064,.T.);
#3984=ORIENTED_EDGE('',*,*,#3065,.T.);
#3985=ORIENTED_EDGE('',*,*,#3066,.T.);
#3986=ORIENTED_EDGE('',*,*,#3067,.T.);
#3987=ORIENTED_EDGE('',*,*,#3068,.T.);
#3988=ORIENTED_EDGE('',*,*,#3069,.T.);
#3989=ORIENTED_EDGE('',*,*,#3070,.T.);
#3990=ORIENTED_EDGE('',*,*,#3071,.T.);
#3991=ORIENTED_EDGE('',*,*,#3072,.T.);
#3992=ORIENTED_EDGE('',*,*,#3073,.T.);
#3993=ORIENTED_EDGE('',*,*,#3074,.T.);
#3994=ORIENTED_EDGE('',*,*,#3075,.T.);
#3995=ORIENTED_EDGE('',*,*,#3076,.T.);
#3996=ORIENTED_EDGE('',*,*,#3077,.T.);
#3997=ORIENTED_EDGE('',*,*,#3078,.T.);
#3998=ORIENTED_EDGE('',*,*,#3079,.T.);
#3999=ORIENTED_EDGE('',*,*,#3080,.T.);
#4000=ORIENTED_EDGE('',*,*,#3081,.T.);
#4001=ORIENTED_EDGE('',*,*,#3082,.T.);
#4002=ORIENTED_EDGE('',*,*,#3083,.T.);
#4003=ORIENTED_EDGE('',*,*,#3084,.T.);
#4004=ORIENTED_EDGE('',*,*,#3085,.T.);
#4005=ORIENTED_EDGE('',*,*,#3086,.T.);
#4006=ORIENTED_EDGE('',*,*,#3087,.T.);
#4007=ORIENTED_EDGE('',*,*,#3088,.T.);
#4008=ORIENTED_EDGE('',*,*,#3089,.T.);
#4009=ORIENTED_EDGE('',*,*,#2932,.T.);
#4010=ORIENTED_EDGE('',*,*,#3090,.T.);
#4011=ORIENTED_EDGE('',*,*,#2942,.T.);
#4012=ORIENTED_EDGE('',*,*,#3091,.T.);
#4013=ORIENTED_EDGE('',*,*,#2935,.T.);
#4014=ORIENTED_EDGE('',*,*,#2940,.T.);
#4015=ORIENTED_EDGE('',*,*,#2937,.T.);
#4016=ORIENTED_EDGE('',*,*,#2989,.F.);
#4017=ORIENTED_EDGE('',*,*,#3092,.T.);
#4018=ORIENTED_EDGE('',*,*,#3093,.T.);
#4019=ORIENTED_EDGE('',*,*,#3094,.F.);
#4020=ORIENTED_EDGE('',*,*,#2995,.F.);
#4021=ORIENTED_EDGE('',*,*,#2949,.T.);
#4022=ORIENTED_EDGE('',*,*,#2951,.T.);
#4023=ORIENTED_EDGE('',*,*,#2943,.T.);
#4024=ORIENTED_EDGE('',*,*,#3090,.F.);
#4025=ORIENTED_EDGE('',*,*,#2986,.F.);
#4026=ORIENTED_EDGE('',*,*,#2902,.T.);
#4027=ORIENTED_EDGE('',*,*,#3095,.T.);
#4028=ORIENTED_EDGE('',*,*,#3096,.F.);
#4029=ORIENTED_EDGE('',*,*,#2998,.F.);
#4030=ORIENTED_EDGE('',*,*,#3097,.T.);
#4031=ORIENTED_EDGE('',*,*,#3098,.T.);
#4032=ORIENTED_EDGE('',*,*,#2900,.F.);
#4033=ORIENTED_EDGE('',*,*,#2910,.T.);
#4034=ORIENTED_EDGE('',*,*,#2987,.F.);
#4035=ORIENTED_EDGE('',*,*,#3096,.T.);
#4036=ORIENTED_EDGE('',*,*,#3099,.T.);
#4037=ORIENTED_EDGE('',*,*,#3097,.F.);
#4038=ORIENTED_EDGE('',*,*,#2997,.F.);
#4039=ORIENTED_EDGE('',*,*,#2922,.T.);
#4040=ORIENTED_EDGE('',*,*,#2924,.T.);
#4041=ORIENTED_EDGE('',*,*,#2916,.T.);
#4042=ORIENTED_EDGE('',*,*,#2931,.F.);
#4043=ORIENTED_EDGE('',*,*,#2908,.T.);
#4044=ORIENTED_EDGE('',*,*,#2913,.T.);
#4045=ORIENTED_EDGE('',*,*,#3099,.F.);
#4046=ORIENTED_EDGE('',*,*,#3095,.F.);
#4047=ORIENTED_EDGE('',*,*,#2901,.F.);
#4048=ORIENTED_EDGE('',*,*,#3098,.F.);
#4049=ORIENTED_EDGE('',*,*,#3100,.F.);
#4050=ORIENTED_EDGE('',*,*,#3101,.F.);
#4051=ORIENTED_EDGE('',*,*,#3102,.F.);
#4052=ORIENTED_EDGE('',*,*,#3103,.F.);
#4053=ORIENTED_EDGE('',*,*,#2988,.F.);
#4054=ORIENTED_EDGE('',*,*,#2929,.T.);
#4055=ORIENTED_EDGE('',*,*,#3104,.T.);
#4056=ORIENTED_EDGE('',*,*,#3092,.F.);
#4057=ORIENTED_EDGE('',*,*,#2996,.F.);
#4058=ORIENTED_EDGE('',*,*,#3094,.T.);
#4059=ORIENTED_EDGE('',*,*,#3105,.T.);
#4060=ORIENTED_EDGE('',*,*,#2927,.F.);
#4061=ORIENTED_EDGE('',*,*,#3093,.F.);
#4062=ORIENTED_EDGE('',*,*,#3104,.F.);
#4063=ORIENTED_EDGE('',*,*,#2928,.F.);
#4064=ORIENTED_EDGE('',*,*,#3105,.F.);
#4065=ORIENTED_EDGE('',*,*,#3106,.F.);
#4066=ORIENTED_EDGE('',*,*,#3107,.F.);
#4067=ORIENTED_EDGE('',*,*,#3108,.F.);
#4068=ORIENTED_EDGE('',*,*,#3109,.F.);
#4069=ORIENTED_EDGE('',*,*,#2883,.T.);
#4070=ORIENTED_EDGE('',*,*,#2985,.F.);
#4071=ORIENTED_EDGE('',*,*,#3110,.T.);
#4072=ORIENTED_EDGE('',*,*,#3111,.T.);
#4073=ORIENTED_EDGE('',*,*,#3112,.F.);
#4074=ORIENTED_EDGE('',*,*,#2999,.F.);
#4075=ORIENTED_EDGE('',*,*,#2895,.T.);
#4076=ORIENTED_EDGE('',*,*,#2897,.T.);
#4077=ORIENTED_EDGE('',*,*,#2889,.T.);
#4078=ORIENTED_EDGE('',*,*,#2904,.F.);
#4079=ORIENTED_EDGE('',*,*,#2881,.T.);
#4080=ORIENTED_EDGE('',*,*,#2886,.T.);
#4081=ORIENTED_EDGE('',*,*,#2984,.F.);
#4082=ORIENTED_EDGE('',*,*,#2875,.T.);
#4083=ORIENTED_EDGE('',*,*,#3113,.T.);
#4084=ORIENTED_EDGE('',*,*,#3110,.F.);
#4085=ORIENTED_EDGE('',*,*,#3000,.F.);
#4086=ORIENTED_EDGE('',*,*,#3112,.T.);
#4087=ORIENTED_EDGE('',*,*,#3114,.T.);
#4088=ORIENTED_EDGE('',*,*,#2873,.F.);
#4089=ORIENTED_EDGE('',*,*,#3114,.F.);
#4090=ORIENTED_EDGE('',*,*,#3111,.F.);
#4091=ORIENTED_EDGE('',*,*,#3113,.F.);
#4092=ORIENTED_EDGE('',*,*,#2874,.F.);
#4093=ORIENTED_EDGE('',*,*,#3115,.F.);
#4094=ORIENTED_EDGE('',*,*,#3116,.F.);
#4095=ORIENTED_EDGE('',*,*,#3117,.F.);
#4096=ORIENTED_EDGE('',*,*,#3118,.F.);
#4097=ORIENTED_EDGE('',*,*,#2991,.F.);
#4098=ORIENTED_EDGE('',*,*,#3119,.T.);
#4099=ORIENTED_EDGE('',*,*,#3120,.T.);
#4100=ORIENTED_EDGE('',*,*,#3121,.F.);
#4101=ORIENTED_EDGE('',*,*,#2933,.T.);
#4102=ORIENTED_EDGE('',*,*,#3091,.F.);
#4103=ORIENTED_EDGE('',*,*,#2945,.T.);
#4104=ORIENTED_EDGE('',*,*,#2950,.T.);
#4105=ORIENTED_EDGE('',*,*,#2947,.T.);
#4106=ORIENTED_EDGE('',*,*,#2994,.F.);
#4107=ORIENTED_EDGE('',*,*,#3122,.T.);
#4108=ORIENTED_EDGE('',*,*,#3123,.T.);
#4109=ORIENTED_EDGE('',*,*,#3119,.F.);
#4110=ORIENTED_EDGE('',*,*,#2990,.F.);
#4111=ORIENTED_EDGE('',*,*,#2939,.T.);
#4112=ORIENTED_EDGE('',*,*,#2941,.T.);
#4113=ORIENTED_EDGE('',*,*,#2993,.F.);
#4114=ORIENTED_EDGE('',*,*,#3124,.T.);
#4115=ORIENTED_EDGE('',*,*,#3125,.T.);
#4116=ORIENTED_EDGE('',*,*,#3122,.F.);
#4117=ORIENTED_EDGE('',*,*,#2992,.F.);
#4118=ORIENTED_EDGE('',*,*,#3121,.T.);
#4119=ORIENTED_EDGE('',*,*,#3126,.T.);
#4120=ORIENTED_EDGE('',*,*,#3124,.F.);
#4121=ORIENTED_EDGE('',*,*,#3126,.F.);
#4122=ORIENTED_EDGE('',*,*,#3120,.F.);
#4123=ORIENTED_EDGE('',*,*,#3123,.F.);
#4124=ORIENTED_EDGE('',*,*,#3125,.F.);
#4125=ORIENTED_EDGE('',*,*,#3127,.F.);
#4126=ORIENTED_EDGE('',*,*,#3128,.F.);
#4127=ORIENTED_EDGE('',*,*,#3129,.F.);
#4128=ORIENTED_EDGE('',*,*,#3130,.F.);
#4129=ORIENTED_EDGE('',*,*,#2856,.T.);
#4130=ORIENTED_EDGE('',*,*,#3005,.F.);
#4131=ORIENTED_EDGE('',*,*,#3131,.T.);
#4132=ORIENTED_EDGE('',*,*,#3132,.T.);
#4133=ORIENTED_EDGE('',*,*,#3133,.F.);
#4134=ORIENTED_EDGE('',*,*,#3001,.F.);
#4135=ORIENTED_EDGE('',*,*,#2868,.T.);
#4136=ORIENTED_EDGE('',*,*,#2870,.T.);
#4137=ORIENTED_EDGE('',*,*,#2862,.T.);
#4138=ORIENTED_EDGE('',*,*,#2877,.F.);
#4139=ORIENTED_EDGE('',*,*,#2854,.T.);
#4140=ORIENTED_EDGE('',*,*,#2859,.T.);
#4141=ORIENTED_EDGE('',*,*,#3004,.F.);
#4142=ORIENTED_EDGE('',*,*,#3134,.T.);
#4143=ORIENTED_EDGE('',*,*,#3135,.T.);
#4144=ORIENTED_EDGE('',*,*,#3131,.F.);
#4145=ORIENTED_EDGE('',*,*,#3003,.F.);
#4146=ORIENTED_EDGE('',*,*,#3136,.T.);
#4147=ORIENTED_EDGE('',*,*,#3137,.T.);
#4148=ORIENTED_EDGE('',*,*,#3134,.F.);
#4149=ORIENTED_EDGE('',*,*,#3002,.F.);
#4150=ORIENTED_EDGE('',*,*,#3133,.T.);
#4151=ORIENTED_EDGE('',*,*,#3138,.T.);
#4152=ORIENTED_EDGE('',*,*,#3136,.F.);
#4153=ORIENTED_EDGE('',*,*,#3138,.F.);
#4154=ORIENTED_EDGE('',*,*,#3132,.F.);
#4155=ORIENTED_EDGE('',*,*,#3135,.F.);
#4156=ORIENTED_EDGE('',*,*,#3137,.F.);
#4157=ORIENTED_EDGE('',*,*,#3139,.F.);
#4158=ORIENTED_EDGE('',*,*,#3140,.F.);
#4159=ORIENTED_EDGE('',*,*,#3141,.F.);
#4160=ORIENTED_EDGE('',*,*,#3142,.F.);
#4161=ORIENTED_EDGE('',*,*,#3101,.T.);
#4162=ORIENTED_EDGE('',*,*,#3143,.F.);
#4163=ORIENTED_EDGE('',*,*,#2706,.F.);
#4164=ORIENTED_EDGE('',*,*,#3144,.T.);
#4165=ORIENTED_EDGE('',*,*,#3100,.T.);
#4166=ORIENTED_EDGE('',*,*,#3145,.F.);
#4167=ORIENTED_EDGE('',*,*,#2707,.F.);
#4168=ORIENTED_EDGE('',*,*,#3143,.T.);
#4169=ORIENTED_EDGE('',*,*,#3107,.T.);
#4170=ORIENTED_EDGE('',*,*,#3146,.F.);
#4171=ORIENTED_EDGE('',*,*,#2714,.F.);
#4172=ORIENTED_EDGE('',*,*,#3147,.T.);
#4173=ORIENTED_EDGE('',*,*,#3106,.T.);
#4174=ORIENTED_EDGE('',*,*,#3148,.F.);
#4175=ORIENTED_EDGE('',*,*,#2715,.F.);
#4176=ORIENTED_EDGE('',*,*,#3146,.T.);
#4177=ORIENTED_EDGE('',*,*,#3116,.T.);
#4178=ORIENTED_EDGE('',*,*,#3149,.F.);
#4179=ORIENTED_EDGE('',*,*,#2710,.F.);
#4180=ORIENTED_EDGE('',*,*,#3150,.T.);
#4181=ORIENTED_EDGE('',*,*,#3115,.T.);
#4182=ORIENTED_EDGE('',*,*,#3151,.F.);
#4183=ORIENTED_EDGE('',*,*,#2711,.F.);
#4184=ORIENTED_EDGE('',*,*,#3149,.T.);
#4185=ORIENTED_EDGE('',*,*,#3128,.T.);
#4186=ORIENTED_EDGE('',*,*,#3152,.F.);
#4187=ORIENTED_EDGE('',*,*,#2722,.F.);
#4188=ORIENTED_EDGE('',*,*,#3153,.T.);
#4189=ORIENTED_EDGE('',*,*,#3127,.T.);
#4190=ORIENTED_EDGE('',*,*,#3154,.F.);
#4191=ORIENTED_EDGE('',*,*,#2723,.F.);
#4192=ORIENTED_EDGE('',*,*,#3152,.T.);
#4193=ORIENTED_EDGE('',*,*,#3140,.T.);
#4194=ORIENTED_EDGE('',*,*,#3155,.F.);
#4195=ORIENTED_EDGE('',*,*,#2718,.F.);
#4196=ORIENTED_EDGE('',*,*,#3156,.T.);
#4197=ORIENTED_EDGE('',*,*,#3139,.T.);
#4198=ORIENTED_EDGE('',*,*,#3157,.F.);
#4199=ORIENTED_EDGE('',*,*,#2719,.F.);
#4200=ORIENTED_EDGE('',*,*,#3155,.T.);
#4201=ORIENTED_EDGE('',*,*,#3102,.T.);
#4202=ORIENTED_EDGE('',*,*,#3144,.F.);
#4203=ORIENTED_EDGE('',*,*,#2705,.F.);
#4204=ORIENTED_EDGE('',*,*,#3158,.T.);
#4205=ORIENTED_EDGE('',*,*,#3103,.T.);
#4206=ORIENTED_EDGE('',*,*,#3158,.F.);
#4207=ORIENTED_EDGE('',*,*,#2708,.F.);
#4208=ORIENTED_EDGE('',*,*,#3145,.T.);
#4209=ORIENTED_EDGE('',*,*,#3117,.T.);
#4210=ORIENTED_EDGE('',*,*,#3150,.F.);
#4211=ORIENTED_EDGE('',*,*,#2709,.F.);
#4212=ORIENTED_EDGE('',*,*,#3159,.T.);
#4213=ORIENTED_EDGE('',*,*,#3118,.T.);
#4214=ORIENTED_EDGE('',*,*,#3159,.F.);
#4215=ORIENTED_EDGE('',*,*,#2712,.F.);
#4216=ORIENTED_EDGE('',*,*,#3151,.T.);
#4217=ORIENTED_EDGE('',*,*,#3108,.T.);
#4218=ORIENTED_EDGE('',*,*,#3147,.F.);
#4219=ORIENTED_EDGE('',*,*,#2713,.F.);
#4220=ORIENTED_EDGE('',*,*,#3160,.T.);
#4221=ORIENTED_EDGE('',*,*,#3109,.T.);
#4222=ORIENTED_EDGE('',*,*,#3160,.F.);
#4223=ORIENTED_EDGE('',*,*,#2716,.F.);
#4224=ORIENTED_EDGE('',*,*,#3148,.T.);
#4225=ORIENTED_EDGE('',*,*,#3141,.T.);
#4226=ORIENTED_EDGE('',*,*,#3156,.F.);
#4227=ORIENTED_EDGE('',*,*,#2717,.F.);
#4228=ORIENTED_EDGE('',*,*,#3161,.T.);
#4229=ORIENTED_EDGE('',*,*,#3142,.T.);
#4230=ORIENTED_EDGE('',*,*,#3161,.F.);
#4231=ORIENTED_EDGE('',*,*,#2720,.F.);
#4232=ORIENTED_EDGE('',*,*,#3157,.T.);
#4233=ORIENTED_EDGE('',*,*,#3129,.T.);
#4234=ORIENTED_EDGE('',*,*,#3153,.F.);
#4235=ORIENTED_EDGE('',*,*,#2721,.F.);
#4236=ORIENTED_EDGE('',*,*,#3162,.T.);
#4237=ORIENTED_EDGE('',*,*,#3130,.T.);
#4238=ORIENTED_EDGE('',*,*,#3162,.F.);
#4239=ORIENTED_EDGE('',*,*,#2724,.F.);
#4240=ORIENTED_EDGE('',*,*,#3154,.T.);
#4241=ORIENTED_EDGE('',*,*,#3163,.F.);
#4242=ORIENTED_EDGE('',*,*,#3164,.T.);
#4243=ORIENTED_EDGE('',*,*,#3165,.F.);
#4244=ORIENTED_EDGE('',*,*,#3164,.F.);
#4245=ORIENTED_EDGE('',*,*,#2954,.F.);
#4246=ORIENTED_EDGE('',*,*,#3166,.T.);
#4247=ORIENTED_EDGE('',*,*,#3167,.F.);
#4248=ORIENTED_EDGE('',*,*,#3168,.F.);
#4249=ORIENTED_EDGE('',*,*,#2952,.F.);
#4250=ORIENTED_EDGE('',*,*,#2815,.F.);
#4251=ORIENTED_EDGE('',*,*,#3169,.F.);
#4252=ORIENTED_EDGE('',*,*,#3170,.F.);
#4253=ORIENTED_EDGE('',*,*,#2953,.F.);
#4254=ORIENTED_EDGE('',*,*,#3170,.T.);
#4255=ORIENTED_EDGE('',*,*,#3171,.F.);
#4256=ORIENTED_EDGE('',*,*,#3166,.F.);
#4257=ORIENTED_EDGE('',*,*,#3171,.T.);
#4258=ORIENTED_EDGE('',*,*,#3169,.T.);
#4259=ORIENTED_EDGE('',*,*,#2814,.F.);
#4260=ORIENTED_EDGE('',*,*,#2840,.F.);
#4261=ORIENTED_EDGE('',*,*,#3172,.F.);
#4262=ORIENTED_EDGE('',*,*,#3167,.T.);
#4263=ORIENTED_EDGE('',*,*,#3163,.T.);
#4264=ORIENTED_EDGE('',*,*,#3173,.F.);
#4265=ORIENTED_EDGE('',*,*,#3174,.T.);
#4266=ORIENTED_EDGE('',*,*,#3175,.F.);
#4267=ORIENTED_EDGE('',*,*,#3174,.F.);
#4268=ORIENTED_EDGE('',*,*,#2983,.F.);
#4269=ORIENTED_EDGE('',*,*,#3176,.T.);
#4270=ORIENTED_EDGE('',*,*,#3177,.F.);
#4271=ORIENTED_EDGE('',*,*,#2817,.F.);
#4272=ORIENTED_EDGE('',*,*,#2981,.F.);
#4273=ORIENTED_EDGE('',*,*,#3178,.F.);
#4274=ORIENTED_EDGE('',*,*,#3179,.F.);
#4275=ORIENTED_EDGE('',*,*,#3180,.F.);
#4276=ORIENTED_EDGE('',*,*,#2982,.F.);
#4277=ORIENTED_EDGE('',*,*,#3180,.T.);
#4278=ORIENTED_EDGE('',*,*,#3181,.F.);
#4279=ORIENTED_EDGE('',*,*,#3176,.F.);
#4280=ORIENTED_EDGE('',*,*,#3181,.T.);
#4281=ORIENTED_EDGE('',*,*,#3179,.T.);
#4282=ORIENTED_EDGE('',*,*,#3182,.F.);
#4283=ORIENTED_EDGE('',*,*,#2809,.F.);
#4284=ORIENTED_EDGE('',*,*,#2818,.F.);
#4285=ORIENTED_EDGE('',*,*,#3177,.T.);
#4286=ORIENTED_EDGE('',*,*,#3173,.T.);
#4287=ORIENTED_EDGE('',*,*,#3165,.T.);
#4288=ORIENTED_EDGE('',*,*,#3183,.F.);
#4289=ORIENTED_EDGE('',*,*,#3184,.T.);
#4290=ORIENTED_EDGE('',*,*,#3185,.F.);
#4291=ORIENTED_EDGE('',*,*,#3184,.F.);
#4292=ORIENTED_EDGE('',*,*,#2958,.F.);
#4293=ORIENTED_EDGE('',*,*,#3186,.T.);
#4294=ORIENTED_EDGE('',*,*,#3187,.F.);
#4295=ORIENTED_EDGE('',*,*,#2826,.F.);
#4296=ORIENTED_EDGE('',*,*,#2956,.F.);
#4297=ORIENTED_EDGE('',*,*,#3188,.F.);
#4298=ORIENTED_EDGE('',*,*,#3189,.F.);
#4299=ORIENTED_EDGE('',*,*,#3190,.F.);
#4300=ORIENTED_EDGE('',*,*,#2957,.F.);
#4301=ORIENTED_EDGE('',*,*,#3190,.T.);
#4302=ORIENTED_EDGE('',*,*,#3191,.F.);
#4303=ORIENTED_EDGE('',*,*,#3186,.F.);
#4304=ORIENTED_EDGE('',*,*,#3191,.T.);
#4305=ORIENTED_EDGE('',*,*,#3189,.T.);
#4306=ORIENTED_EDGE('',*,*,#3192,.F.);
#4307=ORIENTED_EDGE('',*,*,#2806,.F.);
#4308=ORIENTED_EDGE('',*,*,#2827,.F.);
#4309=ORIENTED_EDGE('',*,*,#3187,.T.);
#4310=ORIENTED_EDGE('',*,*,#3183,.T.);
#4311=ORIENTED_EDGE('',*,*,#3175,.T.);
#4312=ORIENTED_EDGE('',*,*,#3193,.F.);
#4313=ORIENTED_EDGE('',*,*,#3194,.T.);
#4314=ORIENTED_EDGE('',*,*,#3195,.F.);
#4315=ORIENTED_EDGE('',*,*,#3194,.F.);
#4316=ORIENTED_EDGE('',*,*,#2979,.F.);
#4317=ORIENTED_EDGE('',*,*,#3196,.T.);
#4318=ORIENTED_EDGE('',*,*,#3197,.F.);
#4319=ORIENTED_EDGE('',*,*,#3198,.F.);
#4320=ORIENTED_EDGE('',*,*,#2959,.F.);
#4321=ORIENTED_EDGE('',*,*,#2824,.F.);
#4322=ORIENTED_EDGE('',*,*,#3199,.F.);
#4323=ORIENTED_EDGE('',*,*,#3200,.F.);
#4324=ORIENTED_EDGE('',*,*,#2978,.F.);
#4325=ORIENTED_EDGE('',*,*,#2960,.F.);
#4326=ORIENTED_EDGE('',*,*,#3200,.T.);
#4327=ORIENTED_EDGE('',*,*,#3201,.F.);
#4328=ORIENTED_EDGE('',*,*,#3196,.F.);
#4329=ORIENTED_EDGE('',*,*,#3201,.T.);
#4330=ORIENTED_EDGE('',*,*,#3199,.T.);
#4331=ORIENTED_EDGE('',*,*,#2823,.F.);
#4332=ORIENTED_EDGE('',*,*,#2829,.F.);
#4333=ORIENTED_EDGE('',*,*,#3202,.F.);
#4334=ORIENTED_EDGE('',*,*,#3197,.T.);
#4335=ORIENTED_EDGE('',*,*,#3193,.T.);
#4336=ORIENTED_EDGE('',*,*,#3185,.T.);
#4337=ORIENTED_EDGE('',*,*,#3006,.F.);
#4338=ORIENTED_EDGE('',*,*,#3203,.T.);
#4339=ORIENTED_EDGE('',*,*,#3204,.T.);
#4340=ORIENTED_EDGE('',*,*,#3205,.F.);
#4341=ORIENTED_EDGE('',*,*,#3021,.F.);
#4342=ORIENTED_EDGE('',*,*,#3206,.T.);
#4343=ORIENTED_EDGE('',*,*,#3207,.T.);
#4344=ORIENTED_EDGE('',*,*,#3203,.F.);
#4345=ORIENTED_EDGE('',*,*,#3020,.F.);
#4346=ORIENTED_EDGE('',*,*,#3208,.T.);
#4347=ORIENTED_EDGE('',*,*,#3209,.T.);
#4348=ORIENTED_EDGE('',*,*,#3206,.F.);
#4349=ORIENTED_EDGE('',*,*,#3019,.F.);
#4350=ORIENTED_EDGE('',*,*,#3210,.T.);
#4351=ORIENTED_EDGE('',*,*,#3211,.T.);
#4352=ORIENTED_EDGE('',*,*,#3208,.F.);
#4353=ORIENTED_EDGE('',*,*,#3018,.F.);
#4354=ORIENTED_EDGE('',*,*,#3212,.T.);
#4355=ORIENTED_EDGE('',*,*,#3213,.T.);
#4356=ORIENTED_EDGE('',*,*,#3210,.F.);
#4357=ORIENTED_EDGE('',*,*,#3017,.F.);
#4358=ORIENTED_EDGE('',*,*,#3214,.T.);
#4359=ORIENTED_EDGE('',*,*,#3215,.T.);
#4360=ORIENTED_EDGE('',*,*,#3212,.F.);
#4361=ORIENTED_EDGE('',*,*,#3016,.F.);
#4362=ORIENTED_EDGE('',*,*,#3216,.T.);
#4363=ORIENTED_EDGE('',*,*,#3217,.T.);
#4364=ORIENTED_EDGE('',*,*,#3214,.F.);
#4365=ORIENTED_EDGE('',*,*,#3015,.F.);
#4366=ORIENTED_EDGE('',*,*,#3218,.T.);
#4367=ORIENTED_EDGE('',*,*,#3219,.T.);
#4368=ORIENTED_EDGE('',*,*,#3216,.F.);
#4369=ORIENTED_EDGE('',*,*,#3014,.F.);
#4370=ORIENTED_EDGE('',*,*,#3220,.T.);
#4371=ORIENTED_EDGE('',*,*,#3221,.T.);
#4372=ORIENTED_EDGE('',*,*,#3218,.F.);
#4373=ORIENTED_EDGE('',*,*,#3013,.F.);
#4374=ORIENTED_EDGE('',*,*,#3222,.T.);
#4375=ORIENTED_EDGE('',*,*,#3223,.T.);
#4376=ORIENTED_EDGE('',*,*,#3220,.F.);
#4377=ORIENTED_EDGE('',*,*,#3012,.F.);
#4378=ORIENTED_EDGE('',*,*,#3224,.T.);
#4379=ORIENTED_EDGE('',*,*,#3225,.T.);
#4380=ORIENTED_EDGE('',*,*,#3222,.F.);
#4381=ORIENTED_EDGE('',*,*,#3011,.F.);
#4382=ORIENTED_EDGE('',*,*,#3226,.T.);
#4383=ORIENTED_EDGE('',*,*,#3227,.T.);
#4384=ORIENTED_EDGE('',*,*,#3224,.F.);
#4385=ORIENTED_EDGE('',*,*,#3010,.F.);
#4386=ORIENTED_EDGE('',*,*,#3228,.T.);
#4387=ORIENTED_EDGE('',*,*,#3229,.T.);
#4388=ORIENTED_EDGE('',*,*,#3226,.F.);
#4389=ORIENTED_EDGE('',*,*,#3009,.F.);
#4390=ORIENTED_EDGE('',*,*,#3230,.T.);
#4391=ORIENTED_EDGE('',*,*,#3231,.T.);
#4392=ORIENTED_EDGE('',*,*,#3228,.F.);
#4393=ORIENTED_EDGE('',*,*,#3008,.F.);
#4394=ORIENTED_EDGE('',*,*,#3232,.T.);
#4395=ORIENTED_EDGE('',*,*,#3233,.T.);
#4396=ORIENTED_EDGE('',*,*,#3230,.F.);
#4397=ORIENTED_EDGE('',*,*,#3007,.F.);
#4398=ORIENTED_EDGE('',*,*,#3205,.T.);
#4399=ORIENTED_EDGE('',*,*,#3234,.T.);
#4400=ORIENTED_EDGE('',*,*,#3232,.F.);
#4401=ORIENTED_EDGE('',*,*,#3234,.F.);
#4402=ORIENTED_EDGE('',*,*,#3204,.F.);
#4403=ORIENTED_EDGE('',*,*,#3207,.F.);
#4404=ORIENTED_EDGE('',*,*,#3209,.F.);
#4405=ORIENTED_EDGE('',*,*,#3211,.F.);
#4406=ORIENTED_EDGE('',*,*,#3213,.F.);
#4407=ORIENTED_EDGE('',*,*,#3215,.F.);
#4408=ORIENTED_EDGE('',*,*,#3217,.F.);
#4409=ORIENTED_EDGE('',*,*,#3219,.F.);
#4410=ORIENTED_EDGE('',*,*,#3221,.F.);
#4411=ORIENTED_EDGE('',*,*,#3223,.F.);
#4412=ORIENTED_EDGE('',*,*,#3225,.F.);
#4413=ORIENTED_EDGE('',*,*,#3227,.F.);
#4414=ORIENTED_EDGE('',*,*,#3229,.F.);
#4415=ORIENTED_EDGE('',*,*,#3231,.F.);
#4416=ORIENTED_EDGE('',*,*,#3233,.F.);
#4417=ORIENTED_EDGE('',*,*,#2845,.T.);
#4418=ORIENTED_EDGE('',*,*,#3022,.F.);
#4419=ORIENTED_EDGE('',*,*,#3235,.T.);
#4420=ORIENTED_EDGE('',*,*,#3236,.T.);
#4421=ORIENTED_EDGE('',*,*,#3237,.F.);
#4422=ORIENTED_EDGE('',*,*,#3037,.F.);
#4423=ORIENTED_EDGE('',*,*,#3238,.T.);
#4424=ORIENTED_EDGE('',*,*,#3239,.T.);
#4425=ORIENTED_EDGE('',*,*,#3235,.F.);
#4426=ORIENTED_EDGE('',*,*,#3036,.F.);
#4427=ORIENTED_EDGE('',*,*,#3240,.T.);
#4428=ORIENTED_EDGE('',*,*,#3241,.T.);
#4429=ORIENTED_EDGE('',*,*,#3238,.F.);
#4430=ORIENTED_EDGE('',*,*,#3035,.F.);
#4431=ORIENTED_EDGE('',*,*,#3242,.T.);
#4432=ORIENTED_EDGE('',*,*,#3243,.T.);
#4433=ORIENTED_EDGE('',*,*,#3240,.F.);
#4434=ORIENTED_EDGE('',*,*,#3034,.F.);
#4435=ORIENTED_EDGE('',*,*,#3244,.T.);
#4436=ORIENTED_EDGE('',*,*,#3245,.T.);
#4437=ORIENTED_EDGE('',*,*,#3242,.F.);
#4438=ORIENTED_EDGE('',*,*,#3033,.F.);
#4439=ORIENTED_EDGE('',*,*,#3246,.T.);
#4440=ORIENTED_EDGE('',*,*,#3247,.T.);
#4441=ORIENTED_EDGE('',*,*,#3244,.F.);
#4442=ORIENTED_EDGE('',*,*,#3032,.F.);
#4443=ORIENTED_EDGE('',*,*,#3248,.T.);
#4444=ORIENTED_EDGE('',*,*,#3249,.T.);
#4445=ORIENTED_EDGE('',*,*,#3246,.F.);
#4446=ORIENTED_EDGE('',*,*,#3031,.F.);
#4447=ORIENTED_EDGE('',*,*,#3250,.T.);
#4448=ORIENTED_EDGE('',*,*,#3251,.T.);
#4449=ORIENTED_EDGE('',*,*,#3248,.F.);
#4450=ORIENTED_EDGE('',*,*,#3030,.F.);
#4451=ORIENTED_EDGE('',*,*,#3252,.T.);
#4452=ORIENTED_EDGE('',*,*,#3253,.T.);
#4453=ORIENTED_EDGE('',*,*,#3250,.F.);
#4454=ORIENTED_EDGE('',*,*,#3029,.F.);
#4455=ORIENTED_EDGE('',*,*,#3254,.T.);
#4456=ORIENTED_EDGE('',*,*,#3255,.T.);
#4457=ORIENTED_EDGE('',*,*,#3252,.F.);
#4458=ORIENTED_EDGE('',*,*,#3028,.F.);
#4459=ORIENTED_EDGE('',*,*,#3256,.T.);
#4460=ORIENTED_EDGE('',*,*,#3257,.T.);
#4461=ORIENTED_EDGE('',*,*,#3254,.F.);
#4462=ORIENTED_EDGE('',*,*,#3027,.F.);
#4463=ORIENTED_EDGE('',*,*,#3258,.T.);
#4464=ORIENTED_EDGE('',*,*,#3259,.T.);
#4465=ORIENTED_EDGE('',*,*,#3256,.F.);
#4466=ORIENTED_EDGE('',*,*,#3026,.F.);
#4467=ORIENTED_EDGE('',*,*,#3260,.T.);
#4468=ORIENTED_EDGE('',*,*,#3261,.T.);
#4469=ORIENTED_EDGE('',*,*,#3258,.F.);
#4470=ORIENTED_EDGE('',*,*,#3025,.F.);
#4471=ORIENTED_EDGE('',*,*,#3262,.T.);
#4472=ORIENTED_EDGE('',*,*,#3263,.T.);
#4473=ORIENTED_EDGE('',*,*,#3260,.F.);
#4474=ORIENTED_EDGE('',*,*,#3024,.F.);
#4475=ORIENTED_EDGE('',*,*,#3264,.T.);
#4476=ORIENTED_EDGE('',*,*,#3265,.T.);
#4477=ORIENTED_EDGE('',*,*,#3262,.F.);
#4478=ORIENTED_EDGE('',*,*,#3023,.F.);
#4479=ORIENTED_EDGE('',*,*,#3237,.T.);
#4480=ORIENTED_EDGE('',*,*,#3266,.T.);
#4481=ORIENTED_EDGE('',*,*,#3264,.F.);
#4482=ORIENTED_EDGE('',*,*,#3266,.F.);
#4483=ORIENTED_EDGE('',*,*,#3236,.F.);
#4484=ORIENTED_EDGE('',*,*,#3239,.F.);
#4485=ORIENTED_EDGE('',*,*,#3241,.F.);
#4486=ORIENTED_EDGE('',*,*,#3243,.F.);
#4487=ORIENTED_EDGE('',*,*,#3245,.F.);
#4488=ORIENTED_EDGE('',*,*,#3247,.F.);
#4489=ORIENTED_EDGE('',*,*,#3249,.F.);
#4490=ORIENTED_EDGE('',*,*,#3251,.F.);
#4491=ORIENTED_EDGE('',*,*,#3253,.F.);
#4492=ORIENTED_EDGE('',*,*,#3255,.F.);
#4493=ORIENTED_EDGE('',*,*,#3257,.F.);
#4494=ORIENTED_EDGE('',*,*,#3259,.F.);
#4495=ORIENTED_EDGE('',*,*,#3261,.F.);
#4496=ORIENTED_EDGE('',*,*,#3263,.F.);
#4497=ORIENTED_EDGE('',*,*,#3265,.F.);
#4498=ORIENTED_EDGE('',*,*,#2847,.T.);
#4499=ORIENTED_EDGE('',*,*,#3038,.F.);
#4500=ORIENTED_EDGE('',*,*,#3267,.T.);
#4501=ORIENTED_EDGE('',*,*,#3268,.T.);
#4502=ORIENTED_EDGE('',*,*,#3269,.F.);
#4503=ORIENTED_EDGE('',*,*,#3053,.F.);
#4504=ORIENTED_EDGE('',*,*,#3270,.T.);
#4505=ORIENTED_EDGE('',*,*,#3271,.T.);
#4506=ORIENTED_EDGE('',*,*,#3267,.F.);
#4507=ORIENTED_EDGE('',*,*,#3052,.F.);
#4508=ORIENTED_EDGE('',*,*,#3272,.T.);
#4509=ORIENTED_EDGE('',*,*,#3273,.T.);
#4510=ORIENTED_EDGE('',*,*,#3270,.F.);
#4511=ORIENTED_EDGE('',*,*,#3051,.F.);
#4512=ORIENTED_EDGE('',*,*,#3274,.T.);
#4513=ORIENTED_EDGE('',*,*,#3275,.T.);
#4514=ORIENTED_EDGE('',*,*,#3272,.F.);
#4515=ORIENTED_EDGE('',*,*,#3050,.F.);
#4516=ORIENTED_EDGE('',*,*,#3276,.T.);
#4517=ORIENTED_EDGE('',*,*,#3277,.T.);
#4518=ORIENTED_EDGE('',*,*,#3274,.F.);
#4519=ORIENTED_EDGE('',*,*,#3049,.F.);
#4520=ORIENTED_EDGE('',*,*,#3278,.T.);
#4521=ORIENTED_EDGE('',*,*,#3279,.T.);
#4522=ORIENTED_EDGE('',*,*,#3276,.F.);
#4523=ORIENTED_EDGE('',*,*,#3048,.F.);
#4524=ORIENTED_EDGE('',*,*,#3280,.T.);
#4525=ORIENTED_EDGE('',*,*,#3281,.T.);
#4526=ORIENTED_EDGE('',*,*,#3278,.F.);
#4527=ORIENTED_EDGE('',*,*,#3047,.F.);
#4528=ORIENTED_EDGE('',*,*,#3282,.T.);
#4529=ORIENTED_EDGE('',*,*,#3283,.T.);
#4530=ORIENTED_EDGE('',*,*,#3280,.F.);
#4531=ORIENTED_EDGE('',*,*,#3046,.F.);
#4532=ORIENTED_EDGE('',*,*,#3284,.T.);
#4533=ORIENTED_EDGE('',*,*,#3285,.T.);
#4534=ORIENTED_EDGE('',*,*,#3282,.F.);
#4535=ORIENTED_EDGE('',*,*,#3045,.F.);
#4536=ORIENTED_EDGE('',*,*,#3286,.T.);
#4537=ORIENTED_EDGE('',*,*,#3287,.T.);
#4538=ORIENTED_EDGE('',*,*,#3284,.F.);
#4539=ORIENTED_EDGE('',*,*,#3044,.F.);
#4540=ORIENTED_EDGE('',*,*,#3288,.T.);
#4541=ORIENTED_EDGE('',*,*,#3289,.T.);
#4542=ORIENTED_EDGE('',*,*,#3286,.F.);
#4543=ORIENTED_EDGE('',*,*,#3043,.F.);
#4544=ORIENTED_EDGE('',*,*,#3290,.T.);
#4545=ORIENTED_EDGE('',*,*,#3291,.T.);
#4546=ORIENTED_EDGE('',*,*,#3288,.F.);
#4547=ORIENTED_EDGE('',*,*,#3042,.F.);
#4548=ORIENTED_EDGE('',*,*,#3292,.T.);
#4549=ORIENTED_EDGE('',*,*,#3293,.T.);
#4550=ORIENTED_EDGE('',*,*,#3290,.F.);
#4551=ORIENTED_EDGE('',*,*,#3041,.F.);
#4552=ORIENTED_EDGE('',*,*,#3294,.T.);
#4553=ORIENTED_EDGE('',*,*,#3295,.T.);
#4554=ORIENTED_EDGE('',*,*,#3292,.F.);
#4555=ORIENTED_EDGE('',*,*,#3040,.F.);
#4556=ORIENTED_EDGE('',*,*,#3296,.T.);
#4557=ORIENTED_EDGE('',*,*,#3297,.T.);
#4558=ORIENTED_EDGE('',*,*,#3294,.F.);
#4559=ORIENTED_EDGE('',*,*,#3039,.F.);
#4560=ORIENTED_EDGE('',*,*,#3269,.T.);
#4561=ORIENTED_EDGE('',*,*,#3298,.T.);
#4562=ORIENTED_EDGE('',*,*,#3296,.F.);
#4563=ORIENTED_EDGE('',*,*,#3298,.F.);
#4564=ORIENTED_EDGE('',*,*,#3268,.F.);
#4565=ORIENTED_EDGE('',*,*,#3271,.F.);
#4566=ORIENTED_EDGE('',*,*,#3273,.F.);
#4567=ORIENTED_EDGE('',*,*,#3275,.F.);
#4568=ORIENTED_EDGE('',*,*,#3277,.F.);
#4569=ORIENTED_EDGE('',*,*,#3279,.F.);
#4570=ORIENTED_EDGE('',*,*,#3281,.F.);
#4571=ORIENTED_EDGE('',*,*,#3283,.F.);
#4572=ORIENTED_EDGE('',*,*,#3285,.F.);
#4573=ORIENTED_EDGE('',*,*,#3287,.F.);
#4574=ORIENTED_EDGE('',*,*,#3289,.F.);
#4575=ORIENTED_EDGE('',*,*,#3291,.F.);
#4576=ORIENTED_EDGE('',*,*,#3293,.F.);
#4577=ORIENTED_EDGE('',*,*,#3295,.F.);
#4578=ORIENTED_EDGE('',*,*,#3297,.F.);
#4579=ORIENTED_EDGE('',*,*,#2843,.T.);
#4580=ORIENTED_EDGE('',*,*,#3054,.F.);
#4581=ORIENTED_EDGE('',*,*,#3299,.T.);
#4582=ORIENTED_EDGE('',*,*,#3300,.T.);
#4583=ORIENTED_EDGE('',*,*,#3301,.F.);
#4584=ORIENTED_EDGE('',*,*,#3069,.F.);
#4585=ORIENTED_EDGE('',*,*,#3302,.T.);
#4586=ORIENTED_EDGE('',*,*,#3303,.T.);
#4587=ORIENTED_EDGE('',*,*,#3299,.F.);
#4588=ORIENTED_EDGE('',*,*,#3068,.F.);
#4589=ORIENTED_EDGE('',*,*,#3304,.T.);
#4590=ORIENTED_EDGE('',*,*,#3305,.T.);
#4591=ORIENTED_EDGE('',*,*,#3302,.F.);
#4592=ORIENTED_EDGE('',*,*,#3067,.F.);
#4593=ORIENTED_EDGE('',*,*,#3306,.T.);
#4594=ORIENTED_EDGE('',*,*,#3307,.T.);
#4595=ORIENTED_EDGE('',*,*,#3304,.F.);
#4596=ORIENTED_EDGE('',*,*,#3066,.F.);
#4597=ORIENTED_EDGE('',*,*,#3308,.T.);
#4598=ORIENTED_EDGE('',*,*,#3309,.T.);
#4599=ORIENTED_EDGE('',*,*,#3306,.F.);
#4600=ORIENTED_EDGE('',*,*,#3065,.F.);
#4601=ORIENTED_EDGE('',*,*,#3310,.T.);
#4602=ORIENTED_EDGE('',*,*,#3311,.T.);
#4603=ORIENTED_EDGE('',*,*,#3308,.F.);
#4604=ORIENTED_EDGE('',*,*,#3064,.F.);
#4605=ORIENTED_EDGE('',*,*,#3312,.T.);
#4606=ORIENTED_EDGE('',*,*,#3313,.T.);
#4607=ORIENTED_EDGE('',*,*,#3310,.F.);
#4608=ORIENTED_EDGE('',*,*,#3063,.F.);
#4609=ORIENTED_EDGE('',*,*,#3314,.T.);
#4610=ORIENTED_EDGE('',*,*,#3315,.T.);
#4611=ORIENTED_EDGE('',*,*,#3312,.F.);
#4612=ORIENTED_EDGE('',*,*,#3062,.F.);
#4613=ORIENTED_EDGE('',*,*,#3316,.T.);
#4614=ORIENTED_EDGE('',*,*,#3317,.T.);
#4615=ORIENTED_EDGE('',*,*,#3314,.F.);
#4616=ORIENTED_EDGE('',*,*,#3061,.F.);
#4617=ORIENTED_EDGE('',*,*,#3318,.T.);
#4618=ORIENTED_EDGE('',*,*,#3319,.T.);
#4619=ORIENTED_EDGE('',*,*,#3316,.F.);
#4620=ORIENTED_EDGE('',*,*,#3060,.F.);
#4621=ORIENTED_EDGE('',*,*,#3320,.T.);
#4622=ORIENTED_EDGE('',*,*,#3321,.T.);
#4623=ORIENTED_EDGE('',*,*,#3318,.F.);
#4624=ORIENTED_EDGE('',*,*,#3059,.F.);
#4625=ORIENTED_EDGE('',*,*,#3322,.T.);
#4626=ORIENTED_EDGE('',*,*,#3323,.T.);
#4627=ORIENTED_EDGE('',*,*,#3320,.F.);
#4628=ORIENTED_EDGE('',*,*,#3058,.F.);
#4629=ORIENTED_EDGE('',*,*,#3324,.T.);
#4630=ORIENTED_EDGE('',*,*,#3325,.T.);
#4631=ORIENTED_EDGE('',*,*,#3322,.F.);
#4632=ORIENTED_EDGE('',*,*,#3057,.F.);
#4633=ORIENTED_EDGE('',*,*,#3326,.T.);
#4634=ORIENTED_EDGE('',*,*,#3327,.T.);
#4635=ORIENTED_EDGE('',*,*,#3324,.F.);
#4636=ORIENTED_EDGE('',*,*,#3056,.F.);
#4637=ORIENTED_EDGE('',*,*,#3328,.T.);
#4638=ORIENTED_EDGE('',*,*,#3329,.T.);
#4639=ORIENTED_EDGE('',*,*,#3326,.F.);
#4640=ORIENTED_EDGE('',*,*,#3055,.F.);
#4641=ORIENTED_EDGE('',*,*,#3301,.T.);
#4642=ORIENTED_EDGE('',*,*,#3330,.T.);
#4643=ORIENTED_EDGE('',*,*,#3328,.F.);
#4644=ORIENTED_EDGE('',*,*,#3330,.F.);
#4645=ORIENTED_EDGE('',*,*,#3300,.F.);
#4646=ORIENTED_EDGE('',*,*,#3303,.F.);
#4647=ORIENTED_EDGE('',*,*,#3305,.F.);
#4648=ORIENTED_EDGE('',*,*,#3307,.F.);
#4649=ORIENTED_EDGE('',*,*,#3309,.F.);
#4650=ORIENTED_EDGE('',*,*,#3311,.F.);
#4651=ORIENTED_EDGE('',*,*,#3313,.F.);
#4652=ORIENTED_EDGE('',*,*,#3315,.F.);
#4653=ORIENTED_EDGE('',*,*,#3317,.F.);
#4654=ORIENTED_EDGE('',*,*,#3319,.F.);
#4655=ORIENTED_EDGE('',*,*,#3321,.F.);
#4656=ORIENTED_EDGE('',*,*,#3323,.F.);
#4657=ORIENTED_EDGE('',*,*,#3325,.F.);
#4658=ORIENTED_EDGE('',*,*,#3327,.F.);
#4659=ORIENTED_EDGE('',*,*,#3329,.F.);
#4660=ORIENTED_EDGE('',*,*,#2849,.T.);
#4661=ORIENTED_EDGE('',*,*,#2963,.F.);
#4662=ORIENTED_EDGE('',*,*,#3331,.T.);
#4663=ORIENTED_EDGE('',*,*,#3332,.T.);
#4664=ORIENTED_EDGE('',*,*,#3333,.F.);
#4665=ORIENTED_EDGE('',*,*,#2962,.F.);
#4666=ORIENTED_EDGE('',*,*,#3334,.T.);
#4667=ORIENTED_EDGE('',*,*,#3335,.T.);
#4668=ORIENTED_EDGE('',*,*,#3331,.F.);
#4669=ORIENTED_EDGE('',*,*,#2977,.F.);
#4670=ORIENTED_EDGE('',*,*,#3336,.T.);
#4671=ORIENTED_EDGE('',*,*,#3337,.T.);
#4672=ORIENTED_EDGE('',*,*,#3334,.F.);
#4673=ORIENTED_EDGE('',*,*,#2961,.F.);
#4674=ORIENTED_EDGE('',*,*,#2976,.F.);
#4675=ORIENTED_EDGE('',*,*,#3338,.T.);
#4676=ORIENTED_EDGE('',*,*,#3339,.T.);
#4677=ORIENTED_EDGE('',*,*,#3336,.F.);
#4678=ORIENTED_EDGE('',*,*,#2975,.F.);
#4679=ORIENTED_EDGE('',*,*,#3340,.T.);
#4680=ORIENTED_EDGE('',*,*,#3341,.T.);
#4681=ORIENTED_EDGE('',*,*,#3338,.F.);
#4682=ORIENTED_EDGE('',*,*,#2974,.F.);
#4683=ORIENTED_EDGE('',*,*,#3342,.T.);
#4684=ORIENTED_EDGE('',*,*,#3343,.T.);
#4685=ORIENTED_EDGE('',*,*,#3340,.F.);
#4686=ORIENTED_EDGE('',*,*,#2973,.F.);
#4687=ORIENTED_EDGE('',*,*,#3344,.T.);
#4688=ORIENTED_EDGE('',*,*,#3345,.T.);
#4689=ORIENTED_EDGE('',*,*,#3342,.F.);
#4690=ORIENTED_EDGE('',*,*,#2972,.F.);
#4691=ORIENTED_EDGE('',*,*,#3346,.T.);
#4692=ORIENTED_EDGE('',*,*,#3347,.T.);
#4693=ORIENTED_EDGE('',*,*,#3344,.F.);
#4694=ORIENTED_EDGE('',*,*,#2971,.F.);
#4695=ORIENTED_EDGE('',*,*,#3348,.T.);
#4696=ORIENTED_EDGE('',*,*,#3349,.T.);
#4697=ORIENTED_EDGE('',*,*,#3346,.F.);
#4698=ORIENTED_EDGE('',*,*,#2970,.F.);
#4699=ORIENTED_EDGE('',*,*,#3350,.T.);
#4700=ORIENTED_EDGE('',*,*,#3351,.T.);
#4701=ORIENTED_EDGE('',*,*,#3348,.F.);
#4702=ORIENTED_EDGE('',*,*,#2969,.F.);
#4703=ORIENTED_EDGE('',*,*,#3352,.T.);
#4704=ORIENTED_EDGE('',*,*,#3353,.T.);
#4705=ORIENTED_EDGE('',*,*,#3350,.F.);
#4706=ORIENTED_EDGE('',*,*,#2968,.F.);
#4707=ORIENTED_EDGE('',*,*,#3354,.T.);
#4708=ORIENTED_EDGE('',*,*,#3355,.T.);
#4709=ORIENTED_EDGE('',*,*,#3352,.F.);
#4710=ORIENTED_EDGE('',*,*,#2967,.F.);
#4711=ORIENTED_EDGE('',*,*,#3356,.T.);
#4712=ORIENTED_EDGE('',*,*,#3357,.T.);
#4713=ORIENTED_EDGE('',*,*,#3354,.F.);
#4714=ORIENTED_EDGE('',*,*,#2966,.F.);
#4715=ORIENTED_EDGE('',*,*,#3358,.T.);
#4716=ORIENTED_EDGE('',*,*,#3359,.T.);
#4717=ORIENTED_EDGE('',*,*,#3356,.F.);
#4718=ORIENTED_EDGE('',*,*,#2965,.F.);
#4719=ORIENTED_EDGE('',*,*,#3360,.T.);
#4720=ORIENTED_EDGE('',*,*,#3361,.T.);
#4721=ORIENTED_EDGE('',*,*,#3358,.F.);
#4722=ORIENTED_EDGE('',*,*,#2964,.F.);
#4723=ORIENTED_EDGE('',*,*,#3333,.T.);
#4724=ORIENTED_EDGE('',*,*,#3362,.T.);
#4725=ORIENTED_EDGE('',*,*,#3360,.F.);
#4726=ORIENTED_EDGE('',*,*,#3362,.F.);
#4727=ORIENTED_EDGE('',*,*,#3332,.F.);
#4728=ORIENTED_EDGE('',*,*,#3335,.F.);
#4729=ORIENTED_EDGE('',*,*,#3337,.F.);
#4730=ORIENTED_EDGE('',*,*,#3339,.F.);
#4731=ORIENTED_EDGE('',*,*,#3341,.F.);
#4732=ORIENTED_EDGE('',*,*,#3343,.F.);
#4733=ORIENTED_EDGE('',*,*,#3345,.F.);
#4734=ORIENTED_EDGE('',*,*,#3347,.F.);
#4735=ORIENTED_EDGE('',*,*,#3349,.F.);
#4736=ORIENTED_EDGE('',*,*,#3351,.F.);
#4737=ORIENTED_EDGE('',*,*,#3353,.F.);
#4738=ORIENTED_EDGE('',*,*,#3355,.F.);
#4739=ORIENTED_EDGE('',*,*,#3357,.F.);
#4740=ORIENTED_EDGE('',*,*,#3359,.F.);
#4741=ORIENTED_EDGE('',*,*,#3361,.F.);
#4742=ORIENTED_EDGE('',*,*,#2841,.T.);
#4743=ORIENTED_EDGE('',*,*,#3070,.F.);
#4744=ORIENTED_EDGE('',*,*,#3363,.F.);
#4745=ORIENTED_EDGE('',*,*,#2725,.F.);
#4746=ORIENTED_EDGE('',*,*,#3364,.T.);
#4747=ORIENTED_EDGE('',*,*,#3071,.F.);
#4748=ORIENTED_EDGE('',*,*,#3364,.F.);
#4749=ORIENTED_EDGE('',*,*,#2728,.F.);
#4750=ORIENTED_EDGE('',*,*,#3365,.T.);
#4751=ORIENTED_EDGE('',*,*,#3072,.F.);
#4752=ORIENTED_EDGE('',*,*,#3365,.F.);
#4753=ORIENTED_EDGE('',*,*,#2727,.F.);
#4754=ORIENTED_EDGE('',*,*,#3366,.T.);
#4755=ORIENTED_EDGE('',*,*,#3073,.F.);
#4756=ORIENTED_EDGE('',*,*,#3366,.F.);
#4757=ORIENTED_EDGE('',*,*,#2726,.F.);
#4758=ORIENTED_EDGE('',*,*,#3363,.T.);
#4759=ORIENTED_EDGE('',*,*,#3074,.F.);
#4760=ORIENTED_EDGE('',*,*,#3367,.F.);
#4761=ORIENTED_EDGE('',*,*,#2729,.F.);
#4762=ORIENTED_EDGE('',*,*,#3368,.T.);
#4763=ORIENTED_EDGE('',*,*,#3075,.F.);
#4764=ORIENTED_EDGE('',*,*,#3368,.F.);
#4765=ORIENTED_EDGE('',*,*,#2732,.F.);
#4766=ORIENTED_EDGE('',*,*,#3369,.T.);
#4767=ORIENTED_EDGE('',*,*,#3076,.F.);
#4768=ORIENTED_EDGE('',*,*,#3369,.F.);
#4769=ORIENTED_EDGE('',*,*,#2731,.F.);
#4770=ORIENTED_EDGE('',*,*,#3370,.T.);
#4771=ORIENTED_EDGE('',*,*,#3077,.F.);
#4772=ORIENTED_EDGE('',*,*,#3370,.F.);
#4773=ORIENTED_EDGE('',*,*,#2730,.F.);
#4774=ORIENTED_EDGE('',*,*,#3367,.T.);
#4775=ORIENTED_EDGE('',*,*,#3078,.F.);
#4776=ORIENTED_EDGE('',*,*,#3371,.F.);
#4777=ORIENTED_EDGE('',*,*,#2733,.F.);
#4778=ORIENTED_EDGE('',*,*,#3372,.T.);
#4779=ORIENTED_EDGE('',*,*,#3079,.F.);
#4780=ORIENTED_EDGE('',*,*,#3372,.F.);
#4781=ORIENTED_EDGE('',*,*,#2736,.F.);
#4782=ORIENTED_EDGE('',*,*,#3373,.T.);
#4783=ORIENTED_EDGE('',*,*,#3080,.F.);
#4784=ORIENTED_EDGE('',*,*,#3373,.F.);
#4785=ORIENTED_EDGE('',*,*,#2735,.F.);
#4786=ORIENTED_EDGE('',*,*,#3374,.T.);
#4787=ORIENTED_EDGE('',*,*,#3081,.F.);
#4788=ORIENTED_EDGE('',*,*,#3374,.F.);
#4789=ORIENTED_EDGE('',*,*,#2734,.F.);
#4790=ORIENTED_EDGE('',*,*,#3371,.T.);
#4791=ORIENTED_EDGE('',*,*,#3082,.F.);
#4792=ORIENTED_EDGE('',*,*,#3375,.F.);
#4793=ORIENTED_EDGE('',*,*,#2737,.F.);
#4794=ORIENTED_EDGE('',*,*,#3376,.T.);
#4795=ORIENTED_EDGE('',*,*,#3083,.F.);
#4796=ORIENTED_EDGE('',*,*,#3376,.F.);
#4797=ORIENTED_EDGE('',*,*,#2740,.F.);
#4798=ORIENTED_EDGE('',*,*,#3377,.T.);
#4799=ORIENTED_EDGE('',*,*,#3084,.F.);
#4800=ORIENTED_EDGE('',*,*,#3377,.F.);
#4801=ORIENTED_EDGE('',*,*,#2739,.F.);
#4802=ORIENTED_EDGE('',*,*,#3378,.T.);
#4803=ORIENTED_EDGE('',*,*,#3085,.F.);
#4804=ORIENTED_EDGE('',*,*,#3378,.F.);
#4805=ORIENTED_EDGE('',*,*,#2738,.F.);
#4806=ORIENTED_EDGE('',*,*,#3375,.T.);
#4807=ORIENTED_EDGE('',*,*,#3086,.F.);
#4808=ORIENTED_EDGE('',*,*,#3379,.F.);
#4809=ORIENTED_EDGE('',*,*,#2741,.F.);
#4810=ORIENTED_EDGE('',*,*,#3380,.T.);
#4811=ORIENTED_EDGE('',*,*,#3087,.F.);
#4812=ORIENTED_EDGE('',*,*,#3380,.F.);
#4813=ORIENTED_EDGE('',*,*,#2744,.F.);
#4814=ORIENTED_EDGE('',*,*,#3381,.T.);
#4815=ORIENTED_EDGE('',*,*,#3088,.F.);
#4816=ORIENTED_EDGE('',*,*,#3381,.F.);
#4817=ORIENTED_EDGE('',*,*,#2743,.F.);
#4818=ORIENTED_EDGE('',*,*,#3382,.T.);
#4819=ORIENTED_EDGE('',*,*,#3089,.F.);
#4820=ORIENTED_EDGE('',*,*,#3382,.F.);
#4821=ORIENTED_EDGE('',*,*,#2742,.F.);
#4822=ORIENTED_EDGE('',*,*,#3379,.T.);
#4823=ORIENTED_EDGE('',*,*,#3195,.T.);
#4824=ORIENTED_EDGE('',*,*,#3192,.T.);
#4825=ORIENTED_EDGE('',*,*,#3188,.T.);
#4826=ORIENTED_EDGE('',*,*,#2955,.T.);
#4827=ORIENTED_EDGE('',*,*,#3168,.T.);
#4828=ORIENTED_EDGE('',*,*,#3172,.T.);
#4829=ORIENTED_EDGE('',*,*,#2839,.F.);
#4830=ORIENTED_EDGE('',*,*,#2836,.F.);
#4831=ORIENTED_EDGE('',*,*,#2834,.F.);
#4832=ORIENTED_EDGE('',*,*,#2790,.T.);
#4833=ORIENTED_EDGE('',*,*,#2807,.T.);
#4834=ORIENTED_EDGE('',*,*,#2669,.T.);
#4835=ORIENTED_EDGE('',*,*,#2675,.T.);
#4836=ORIENTED_EDGE('',*,*,#2672,.T.);
#4837=ORIENTED_EDGE('',*,*,#3383,.T.);
#4838=ORIENTED_EDGE('',*,*,#3384,.T.);
#4839=ORIENTED_EDGE('',*,*,#3385,.T.);
#4840=ORIENTED_EDGE('',*,*,#3386,.T.);
#4841=ORIENTED_EDGE('',*,*,#3387,.T.);
#4842=ORIENTED_EDGE('',*,*,#3388,.T.);
#4843=ORIENTED_EDGE('',*,*,#3389,.T.);
#4844=ORIENTED_EDGE('',*,*,#3390,.T.);
#4845=ORIENTED_EDGE('',*,*,#3391,.T.);
#4846=ORIENTED_EDGE('',*,*,#3392,.T.);
#4847=ORIENTED_EDGE('',*,*,#3393,.T.);
#4848=ORIENTED_EDGE('',*,*,#3394,.T.);
#4849=ORIENTED_EDGE('',*,*,#3395,.T.);
#4850=ORIENTED_EDGE('',*,*,#2787,.T.);
#4851=ORIENTED_EDGE('',*,*,#2777,.F.);
#4852=ORIENTED_EDGE('',*,*,#2801,.T.);
#4853=ORIENTED_EDGE('',*,*,#2833,.F.);
#4854=ORIENTED_EDGE('',*,*,#3388,.F.);
#4855=ORIENTED_EDGE('',*,*,#3396,.T.);
#4856=ORIENTED_EDGE('',*,*,#3397,.T.);
#4857=ORIENTED_EDGE('',*,*,#3398,.F.);
#4858=ORIENTED_EDGE('',*,*,#3395,.F.);
#4859=ORIENTED_EDGE('',*,*,#3399,.T.);
#4860=ORIENTED_EDGE('',*,*,#3400,.T.);
#4861=ORIENTED_EDGE('',*,*,#3396,.F.);
#4862=ORIENTED_EDGE('',*,*,#3394,.F.);
#4863=ORIENTED_EDGE('',*,*,#3401,.T.);
#4864=ORIENTED_EDGE('',*,*,#3402,.T.);
#4865=ORIENTED_EDGE('',*,*,#3399,.F.);
#4866=ORIENTED_EDGE('',*,*,#3393,.F.);
#4867=ORIENTED_EDGE('',*,*,#3403,.T.);
#4868=ORIENTED_EDGE('',*,*,#3404,.T.);
#4869=ORIENTED_EDGE('',*,*,#3401,.F.);
#4870=ORIENTED_EDGE('',*,*,#3392,.F.);
#4871=ORIENTED_EDGE('',*,*,#3405,.T.);
#4872=ORIENTED_EDGE('',*,*,#3406,.T.);
#4873=ORIENTED_EDGE('',*,*,#3403,.F.);
#4874=ORIENTED_EDGE('',*,*,#3391,.F.);
#4875=ORIENTED_EDGE('',*,*,#3407,.T.);
#4876=ORIENTED_EDGE('',*,*,#3408,.T.);
#4877=ORIENTED_EDGE('',*,*,#3405,.F.);
#4878=ORIENTED_EDGE('',*,*,#3390,.F.);
#4879=ORIENTED_EDGE('',*,*,#3409,.T.);
#4880=ORIENTED_EDGE('',*,*,#3410,.T.);
#4881=ORIENTED_EDGE('',*,*,#3407,.F.);
#4882=ORIENTED_EDGE('',*,*,#3389,.F.);
#4883=ORIENTED_EDGE('',*,*,#3398,.T.);
#4884=ORIENTED_EDGE('',*,*,#3411,.T.);
#4885=ORIENTED_EDGE('',*,*,#3409,.F.);
#4886=ORIENTED_EDGE('',*,*,#3411,.F.);
#4887=ORIENTED_EDGE('',*,*,#3397,.F.);
#4888=ORIENTED_EDGE('',*,*,#3400,.F.);
#4889=ORIENTED_EDGE('',*,*,#3402,.F.);
#4890=ORIENTED_EDGE('',*,*,#3404,.F.);
#4891=ORIENTED_EDGE('',*,*,#3406,.F.);
#4892=ORIENTED_EDGE('',*,*,#3408,.F.);
#4893=ORIENTED_EDGE('',*,*,#3410,.F.);
#4894=ORIENTED_EDGE('',*,*,#3412,.F.);
#4895=ORIENTED_EDGE('',*,*,#3413,.T.);
#4896=ORIENTED_EDGE('',*,*,#2699,.F.);
#4897=ORIENTED_EDGE('',*,*,#3414,.T.);
#4898=ORIENTED_EDGE('',*,*,#3412,.T.);
#4899=ORIENTED_EDGE('',*,*,#3414,.F.);
#4900=ORIENTED_EDGE('',*,*,#3413,.F.);
#4901=ORIENTED_EDGE('',*,*,#3415,.T.);
#4902=ORIENTED_EDGE('',*,*,#2761,.F.);
#4903=ORIENTED_EDGE('',*,*,#3415,.F.);
#4904=ORIENTED_EDGE('',*,*,#3416,.F.);
#4905=ORIENTED_EDGE('',*,*,#3417,.T.);
#4906=ORIENTED_EDGE('',*,*,#2698,.F.);
#4907=ORIENTED_EDGE('',*,*,#3418,.T.);
#4908=ORIENTED_EDGE('',*,*,#3416,.T.);
#4909=ORIENTED_EDGE('',*,*,#3418,.F.);
#4910=ORIENTED_EDGE('',*,*,#3417,.F.);
#4911=ORIENTED_EDGE('',*,*,#3419,.T.);
#4912=ORIENTED_EDGE('',*,*,#2759,.F.);
#4913=ORIENTED_EDGE('',*,*,#3419,.F.);
#4914=ORIENTED_EDGE('',*,*,#3420,.F.);
#4915=ORIENTED_EDGE('',*,*,#3421,.T.);
#4916=ORIENTED_EDGE('',*,*,#2697,.F.);
#4917=ORIENTED_EDGE('',*,*,#3422,.T.);
#4918=ORIENTED_EDGE('',*,*,#3420,.T.);
#4919=ORIENTED_EDGE('',*,*,#3422,.F.);
#4920=ORIENTED_EDGE('',*,*,#3421,.F.);
#4921=ORIENTED_EDGE('',*,*,#3423,.T.);
#4922=ORIENTED_EDGE('',*,*,#2760,.F.);
#4923=ORIENTED_EDGE('',*,*,#3423,.F.);
#4924=ORIENTED_EDGE('',*,*,#3424,.F.);
#4925=ORIENTED_EDGE('',*,*,#2837,.T.);
#4926=ORIENTED_EDGE('',*,*,#2696,.F.);
#4927=ORIENTED_EDGE('',*,*,#3425,.T.);
#4928=ORIENTED_EDGE('',*,*,#3424,.T.);
#4929=ORIENTED_EDGE('',*,*,#3425,.F.);
#4930=ORIENTED_EDGE('',*,*,#3386,.F.);
#4931=ORIENTED_EDGE('',*,*,#3426,.T.);
#4932=ORIENTED_EDGE('',*,*,#3427,.T.);
#4933=ORIENTED_EDGE('',*,*,#3428,.F.);
#4934=ORIENTED_EDGE('',*,*,#3387,.F.);
#4935=ORIENTED_EDGE('',*,*,#3428,.T.);
#4936=ORIENTED_EDGE('',*,*,#3429,.T.);
#4937=ORIENTED_EDGE('',*,*,#3426,.F.);
#4938=ORIENTED_EDGE('',*,*,#3429,.F.);
#4939=ORIENTED_EDGE('',*,*,#3427,.F.);
#4940=ORIENTED_EDGE('',*,*,#2680,.T.);
#4941=ORIENTED_EDGE('',*,*,#2683,.T.);
#4942=ORIENTED_EDGE('',*,*,#2676,.T.);
#4943=ORIENTED_EDGE('',*,*,#3385,.F.);
#4944=ORIENTED_EDGE('',*,*,#3430,.F.);
#4945=ORIENTED_EDGE('',*,*,#2750,.F.);
#4946=ORIENTED_EDGE('',*,*,#3431,.T.);
#4947=ORIENTED_EDGE('',*,*,#3383,.F.);
#4948=ORIENTED_EDGE('',*,*,#3431,.F.);
#4949=ORIENTED_EDGE('',*,*,#2749,.F.);
#4950=ORIENTED_EDGE('',*,*,#3432,.T.);
#4951=ORIENTED_EDGE('',*,*,#3384,.F.);
#4952=ORIENTED_EDGE('',*,*,#3432,.F.);
#4953=ORIENTED_EDGE('',*,*,#2751,.F.);
#4954=ORIENTED_EDGE('',*,*,#3430,.T.);
#4955=ORIENTED_EDGE('',*,*,#3202,.T.);
#4956=ORIENTED_EDGE('',*,*,#2828,.F.);
#4957=ORIENTED_EDGE('',*,*,#2798,.F.);
#4958=ORIENTED_EDGE('',*,*,#2831,.F.);
#4959=ORIENTED_EDGE('',*,*,#2796,.F.);
#4960=ORIENTED_EDGE('',*,*,#2810,.F.);
#4961=ORIENTED_EDGE('',*,*,#3182,.T.);
#4962=ORIENTED_EDGE('',*,*,#3178,.T.);
#4963=ORIENTED_EDGE('',*,*,#2980,.T.);
#4964=ORIENTED_EDGE('',*,*,#3198,.T.);
#4965=PLANE('',#5460);
#4966=PLANE('',#5464);
#4967=PLANE('',#5465);
#4968=PLANE('',#5469);
#4969=PLANE('',#5473);
#4970=PLANE('',#5486);
#4971=PLANE('',#5487);
#4972=PLANE('',#5491);
#4973=PLANE('',#5502);
#4974=PLANE('',#5504);
#4975=PLANE('',#5506);
#4976=PLANE('',#5507);
#4977=PLANE('',#5508);
#4978=PLANE('',#5509);
#4979=PLANE('',#5510);
#4980=PLANE('',#5511);
#4981=PLANE('',#5512);
#4982=PLANE('',#5517);
#4983=PLANE('',#5518);
#4984=PLANE('',#5519);
#4985=PLANE('',#5522);
#4986=PLANE('',#5523);
#4987=PLANE('',#5524);
#4988=PLANE('',#5525);
#4989=PLANE('',#5526);
#4990=PLANE('',#5527);
#4991=PLANE('',#5528);
#4992=PLANE('',#5543);
#4993=PLANE('',#5544);
#4994=PLANE('',#5545);
#4995=PLANE('',#5546);
#4996=PLANE('',#5547);
#4997=PLANE('',#5548);
#4998=PLANE('',#5549);
#4999=PLANE('',#5550);
#5000=PLANE('',#5551);
#5001=PLANE('',#5552);
#5002=PLANE('',#5553);
#5003=PLANE('',#5554);
#5004=PLANE('',#5555);
#5005=PLANE('',#5556);
#5006=PLANE('',#5557);
#5007=PLANE('',#5558);
#5008=PLANE('',#5559);
#5009=PLANE('',#5560);
#5010=PLANE('',#5561);
#5011=PLANE('',#5562);
#5012=PLANE('',#5563);
#5013=PLANE('',#5564);
#5014=PLANE('',#5565);
#5015=PLANE('',#5566);
#5016=PLANE('',#5567);
#5017=PLANE('',#5568);
#5018=PLANE('',#5569);
#5019=PLANE('',#5570);
#5020=PLANE('',#5571);
#5021=PLANE('',#5572);
#5022=PLANE('',#5573);
#5023=PLANE('',#5600);
#5024=PLANE('',#5601);
#5025=PLANE('',#5602);
#5026=PLANE('',#5603);
#5027=PLANE('',#5604);
#5028=PLANE('',#5605);
#5029=PLANE('',#5606);
#5030=PLANE('',#5607);
#5031=PLANE('',#5608);
#5032=PLANE('',#5609);
#5033=PLANE('',#5610);
#5034=PLANE('',#5611);
#5035=PLANE('',#5612);
#5036=PLANE('',#5613);
#5037=PLANE('',#5614);
#5038=PLANE('',#5615);
#5039=PLANE('',#5616);
#5040=PLANE('',#5617);
#5041=PLANE('',#5618);
#5042=PLANE('',#5619);
#5043=PLANE('',#5620);
#5044=PLANE('',#5621);
#5045=PLANE('',#5622);
#5046=PLANE('',#5623);
#5047=PLANE('',#5624);
#5048=PLANE('',#5625);
#5049=PLANE('',#5626);
#5050=PLANE('',#5627);
#5051=PLANE('',#5628);
#5052=PLANE('',#5629);
#5053=PLANE('',#5630);
#5054=PLANE('',#5631);
#5055=PLANE('',#5632);
#5056=PLANE('',#5633);
#5057=PLANE('',#5634);
#5058=PLANE('',#5635);
#5059=PLANE('',#5636);
#5060=PLANE('',#5637);
#5061=PLANE('',#5638);
#5062=PLANE('',#5639);
#5063=PLANE('',#5640);
#5064=PLANE('',#5641);
#5065=PLANE('',#5642);
#5066=PLANE('',#5646);
#5067=PLANE('',#5647);
#5068=PLANE('',#5650);
#5069=PLANE('',#5654);
#5070=PLANE('',#5655);
#5071=PLANE('',#5658);
#5072=PLANE('',#5659);
#5073=PLANE('',#5663);
#5074=PLANE('',#5664);
#5075=PLANE('',#5667);
#5076=PLANE('',#5668);
#5077=PLANE('',#5672);
#5078=PLANE('',#5673);
#5079=PLANE('',#5676);
#5080=PLANE('',#5677);
#5081=PLANE('',#5678);
#5082=PLANE('',#5679);
#5083=PLANE('',#5682);
#5084=PLANE('',#5683);
#5085=PLANE('',#5684);
#5086=PLANE('',#5687);
#5087=PLANE('',#5688);
#5088=PLANE('',#5689);
#5089=PLANE('',#5692);
#5090=PLANE('',#5693);
#5091=PLANE('',#5694);
#5092=PLANE('',#5697);
#5093=PLANE('',#5698);
#5094=PLANE('',#5699);
#5095=PLANE('',#5700);
#5096=PLANE('',#5703);
#5097=PLANE('',#5704);
#5098=PLANE('',#5705);
#5099=PLANE('',#5708);
#5100=PLANE('',#5709);
#5101=PLANE('',#5710);
#5102=PLANE('',#5713);
#5103=PLANE('',#5714);
#5104=PLANE('',#5715);
#5105=PLANE('',#5718);
#5106=PLANE('',#5719);
#5107=PLANE('',#5720);
#5108=PLANE('',#5721);
#5109=PLANE('',#5724);
#5110=PLANE('',#5725);
#5111=PLANE('',#5726);
#5112=PLANE('',#5729);
#5113=PLANE('',#5730);
#5114=PLANE('',#5731);
#5115=PLANE('',#5734);
#5116=PLANE('',#5735);
#5117=PLANE('',#5736);
#5118=PLANE('',#5739);
#5119=PLANE('',#5740);
#5120=PLANE('',#5741);
#5121=PLANE('',#5742);
#5122=PLANE('',#5745);
#5123=PLANE('',#5746);
#5124=PLANE('',#5747);
#5125=PLANE('',#5750);
#5126=PLANE('',#5751);
#5127=PLANE('',#5752);
#5128=PLANE('',#5755);
#5129=PLANE('',#5756);
#5130=PLANE('',#5757);
#5131=PLANE('',#5760);
#5132=PLANE('',#5761);
#5133=PLANE('',#5762);
#5134=PLANE('',#5763);
#5135=PLANE('',#5766);
#5136=PLANE('',#5767);
#5137=PLANE('',#5768);
#5138=PLANE('',#5771);
#5139=PLANE('',#5772);
#5140=PLANE('',#5773);
#5141=PLANE('',#5776);
#5142=PLANE('',#5777);
#5143=PLANE('',#5778);
#5144=PLANE('',#5781);
#5145=PLANE('',#5782);
#5146=PLANE('',#5783);
#5147=PLANE('',#5784);
#5148=PLANE('',#5785);
#5149=PLANE('',#5786);
#5150=PLANE('',#5787);
#5151=PLANE('',#5788);
#5152=PLANE('',#5789);
#5153=PLANE('',#5790);
#5154=PLANE('',#5791);
#5155=PLANE('',#5792);
#5156=PLANE('',#5793);
#5157=PLANE('',#5794);
#5158=PLANE('',#5795);
#5159=PLANE('',#5796);
#5160=PLANE('',#5797);
#5161=PLANE('',#5798);
#5162=PLANE('',#5799);
#5163=PLANE('',#5800);
#5164=PLANE('',#5801);
#5165=PLANE('',#5802);
#5166=PLANE('',#5803);
#5167=PLANE('',#5804);
#5168=PLANE('',#5811);
#5169=PLANE('',#5812);
#5170=PLANE('',#5815);
#5171=PLANE('',#5818);
#5172=PLANE('',#5821);
#5173=PLANE('',#5824);
#5174=PLANE('',#5825);
#5175=PLANE('',#5830);
#5176=PLANE('',#5835);
#5177=PLANE('',#5840);
#5178=PLANE('',#5843);
#5179=PLANE('',#5846);
#5180=PLANE('',#5847);
#5181=PLANE('',#5849);
#5182=PLANE('',#5850);
#5183=ADVANCED_FACE('',(#248),#4965,.F.);
#5184=ADVANCED_FACE('',(#249),#191,.F.);
#5185=ADVANCED_FACE('',(#250),#4966,.F.);
#5186=ADVANCED_FACE('',(#251),#4967,.F.);
#5187=ADVANCED_FACE('',(#252),#192,.F.);
#5188=ADVANCED_FACE('',(#253),#4968,.F.);
#5189=ADVANCED_FACE('',(#254),#193,.T.);
#5190=ADVANCED_FACE('',(#255,#15,#16,#17,#18,#19,#20,#21,#22,#23,#24,#25,
#26,#27,#28,#29,#30,#31,#32,#33),#4969,.T.);
#5191=ADVANCED_FACE('',(#256),#4970,.T.);
#5192=ADVANCED_FACE('',(#257,#34,#35,#36),#4971,.T.);
#5193=ADVANCED_FACE('',(#258),#194,.T.);
#5194=ADVANCED_FACE('',(#259,#37,#38,#39,#40,#41),#4972,.F.);
#5195=ADVANCED_FACE('',(#260),#4973,.T.);
#5196=ADVANCED_FACE('',(#261),#195,.T.);
#5197=ADVANCED_FACE('',(#262),#4974,.T.);
#5198=ADVANCED_FACE('',(#263),#196,.T.);
#5199=ADVANCED_FACE('',(#264),#4975,.F.);
#5200=ADVANCED_FACE('',(#265),#4976,.F.);
#5201=ADVANCED_FACE('',(#266),#4977,.F.);
#5202=ADVANCED_FACE('',(#267),#4978,.F.);
#5203=ADVANCED_FACE('',(#268),#4979,.F.);
#5204=ADVANCED_FACE('',(#269),#4980,.F.);
#5205=ADVANCED_FACE('',(#270),#4981,.T.);
#5206=ADVANCED_FACE('',(#271),#197,.F.);
#5207=ADVANCED_FACE('',(#272),#198,.F.);
#5208=ADVANCED_FACE('',(#273),#4982,.T.);
#5209=ADVANCED_FACE('',(#274),#4983,.T.);
#5210=ADVANCED_FACE('',(#275),#4984,.T.);
#5211=ADVANCED_FACE('',(#276),#199,.F.);
#5212=ADVANCED_FACE('',(#277),#4985,.T.);
#5213=ADVANCED_FACE('',(#278),#4986,.T.);
#5214=ADVANCED_FACE('',(#279),#4987,.T.);
#5215=ADVANCED_FACE('',(#280),#4988,.T.);
#5216=ADVANCED_FACE('',(#281),#4989,.T.);
#5217=ADVANCED_FACE('',(#282),#4990,.F.);
#5218=ADVANCED_FACE('',(#283),#4991,.F.);
#5219=ADVANCED_FACE('',(#284),#200,.F.);
#5220=ADVANCED_FACE('',(#285),#201,.F.);
#5221=ADVANCED_FACE('',(#286),#202,.F.);
#5222=ADVANCED_FACE('',(#287),#203,.F.);
#5223=ADVANCED_FACE('',(#288),#204,.F.);
#5224=ADVANCED_FACE('',(#289),#205,.F.);
#5225=ADVANCED_FACE('',(#290),#206,.F.);
#5226=ADVANCED_FACE('',(#291),#4992,.F.);
#5227=ADVANCED_FACE('',(#292),#4993,.F.);
#5228=ADVANCED_FACE('',(#293),#4994,.F.);
#5229=ADVANCED_FACE('',(#294),#4995,.F.);
#5230=ADVANCED_FACE('',(#295),#4996,.F.);
#5231=ADVANCED_FACE('',(#296),#4997,.F.);
#5232=ADVANCED_FACE('',(#297),#4998,.F.);
#5233=ADVANCED_FACE('',(#298),#4999,.F.);
#5234=ADVANCED_FACE('',(#299),#5000,.F.);
#5235=ADVANCED_FACE('',(#300),#5001,.F.);
#5236=ADVANCED_FACE('',(#301),#5002,.F.);
#5237=ADVANCED_FACE('',(#302),#5003,.F.);
#5238=ADVANCED_FACE('',(#303),#5004,.F.);
#5239=ADVANCED_FACE('',(#304),#5005,.F.);
#5240=ADVANCED_FACE('',(#305),#5006,.F.);
#5241=ADVANCED_FACE('',(#306),#5007,.F.);
#5242=ADVANCED_FACE('',(#307),#5008,.F.);
#5243=ADVANCED_FACE('',(#308),#5009,.F.);
#5244=ADVANCED_FACE('',(#309),#5010,.F.);
#5245=ADVANCED_FACE('',(#310),#5011,.F.);
#5246=ADVANCED_FACE('',(#311),#5012,.F.);
#5247=ADVANCED_FACE('',(#312),#5013,.F.);
#5248=ADVANCED_FACE('',(#313),#5014,.F.);
#5249=ADVANCED_FACE('',(#314),#5015,.F.);
#5250=ADVANCED_FACE('',(#315),#5016,.F.);
#5251=ADVANCED_FACE('',(#316),#5017,.F.);
#5252=ADVANCED_FACE('',(#317),#5018,.F.);
#5253=ADVANCED_FACE('',(#318),#5019,.F.);
#5254=ADVANCED_FACE('',(#319),#5020,.F.);
#5255=ADVANCED_FACE('',(#320),#5021,.F.);
#5256=ADVANCED_FACE('',(#321,#42,#43,#44,#45,#46,#47,#48,#49,#50,#51),#5022,
 .F.);
#5257=ADVANCED_FACE('',(#322),#5023,.F.);
#5258=ADVANCED_FACE('',(#323),#5024,.F.);
#5259=ADVANCED_FACE('',(#324),#5025,.F.);
#5260=ADVANCED_FACE('',(#325),#5026,.F.);
#5261=ADVANCED_FACE('',(#326),#5027,.F.);
#5262=ADVANCED_FACE('',(#327,#52),#5028,.F.);
#5263=ADVANCED_FACE('',(#328),#5029,.F.);
#5264=ADVANCED_FACE('',(#329),#5030,.F.);
#5265=ADVANCED_FACE('',(#330,#53),#5031,.F.);
#5266=ADVANCED_FACE('',(#331),#5032,.F.);
#5267=ADVANCED_FACE('',(#332),#5033,.F.);
#5268=ADVANCED_FACE('',(#333),#5034,.F.);
#5269=ADVANCED_FACE('',(#334,#54),#5035,.F.);
#5270=ADVANCED_FACE('',(#335),#5036,.F.);
#5271=ADVANCED_FACE('',(#336),#5037,.F.);
#5272=ADVANCED_FACE('',(#337),#5038,.F.);
#5273=ADVANCED_FACE('',(#338),#5039,.F.);
#5274=ADVANCED_FACE('',(#339,#55),#5040,.F.);
#5275=ADVANCED_FACE('',(#340),#5041,.F.);
#5276=ADVANCED_FACE('',(#341),#5042,.F.);
#5277=ADVANCED_FACE('',(#342),#5043,.F.);
#5278=ADVANCED_FACE('',(#343),#5044,.F.);
#5279=ADVANCED_FACE('',(#344,#56),#5045,.F.);
#5280=ADVANCED_FACE('',(#345),#5046,.F.);
#5281=ADVANCED_FACE('',(#346),#5047,.F.);
#5282=ADVANCED_FACE('',(#347),#5048,.F.);
#5283=ADVANCED_FACE('',(#348),#5049,.F.);
#5284=ADVANCED_FACE('',(#349),#5050,.F.);
#5285=ADVANCED_FACE('',(#350),#5051,.F.);
#5286=ADVANCED_FACE('',(#351),#5052,.F.);
#5287=ADVANCED_FACE('',(#352),#5053,.F.);
#5288=ADVANCED_FACE('',(#353),#5054,.F.);
#5289=ADVANCED_FACE('',(#354),#5055,.F.);
#5290=ADVANCED_FACE('',(#355),#5056,.F.);
#5291=ADVANCED_FACE('',(#356),#5057,.F.);
#5292=ADVANCED_FACE('',(#357),#5058,.F.);
#5293=ADVANCED_FACE('',(#358),#5059,.F.);
#5294=ADVANCED_FACE('',(#359),#5060,.F.);
#5295=ADVANCED_FACE('',(#360),#5061,.F.);
#5296=ADVANCED_FACE('',(#361),#5062,.F.);
#5297=ADVANCED_FACE('',(#362),#5063,.F.);
#5298=ADVANCED_FACE('',(#363),#5064,.F.);
#5299=ADVANCED_FACE('',(#364),#5065,.F.);
#5300=ADVANCED_FACE('',(#365),#207,.F.);
#5301=ADVANCED_FACE('',(#366),#5066,.T.);
#5302=ADVANCED_FACE('',(#367),#5067,.T.);
#5303=ADVANCED_FACE('',(#368),#208,.T.);
#5304=ADVANCED_FACE('',(#369,#57),#5068,.T.);
#5305=ADVANCED_FACE('',(#370),#209,.F.);
#5306=ADVANCED_FACE('',(#371),#5069,.T.);
#5307=ADVANCED_FACE('',(#372),#5070,.T.);
#5308=ADVANCED_FACE('',(#373),#210,.T.);
#5309=ADVANCED_FACE('',(#374,#58),#5071,.T.);
#5310=ADVANCED_FACE('',(#375),#5072,.F.);
#5311=ADVANCED_FACE('',(#376),#211,.F.);
#5312=ADVANCED_FACE('',(#377),#5073,.T.);
#5313=ADVANCED_FACE('',(#378),#5074,.T.);
#5314=ADVANCED_FACE('',(#379),#212,.T.);
#5315=ADVANCED_FACE('',(#380,#59),#5075,.T.);
#5316=ADVANCED_FACE('',(#381),#5076,.F.);
#5317=ADVANCED_FACE('',(#382),#213,.F.);
#5318=ADVANCED_FACE('',(#383),#5077,.T.);
#5319=ADVANCED_FACE('',(#384),#5078,.T.);
#5320=ADVANCED_FACE('',(#385),#214,.T.);
#5321=ADVANCED_FACE('',(#386,#60),#5079,.T.);
#5322=ADVANCED_FACE('',(#387),#5080,.F.);
#5323=ADVANCED_FACE('',(#388),#5081,.F.);
#5324=ADVANCED_FACE('',(#389),#5082,.F.);
#5325=ADVANCED_FACE('',(#390),#215,.F.);
#5326=ADVANCED_FACE('',(#391),#5083,.F.);
#5327=ADVANCED_FACE('',(#392),#5084,.F.);
#5328=ADVANCED_FACE('',(#393),#5085,.F.);
#5329=ADVANCED_FACE('',(#394),#216,.F.);
#5330=ADVANCED_FACE('',(#395),#5086,.F.);
#5331=ADVANCED_FACE('',(#396),#5087,.F.);
#5332=ADVANCED_FACE('',(#397),#5088,.F.);
#5333=ADVANCED_FACE('',(#398),#217,.F.);
#5334=ADVANCED_FACE('',(#399),#5089,.F.);
#5335=ADVANCED_FACE('',(#400),#5090,.F.);
#5336=ADVANCED_FACE('',(#401),#5091,.F.);
#5337=ADVANCED_FACE('',(#402),#218,.F.);
#5338=ADVANCED_FACE('',(#403),#5092,.F.);
#5339=ADVANCED_FACE('',(#404,#61),#5093,.T.);
#5340=ADVANCED_FACE('',(#405),#5094,.F.);
#5341=ADVANCED_FACE('',(#406),#5095,.F.);
#5342=ADVANCED_FACE('',(#407),#219,.F.);
#5343=ADVANCED_FACE('',(#408),#5096,.F.);
#5344=ADVANCED_FACE('',(#409),#5097,.F.);
#5345=ADVANCED_FACE('',(#410),#5098,.F.);
#5346=ADVANCED_FACE('',(#411),#220,.F.);
#5347=ADVANCED_FACE('',(#412),#5099,.F.);
#5348=ADVANCED_FACE('',(#413),#5100,.F.);
#5349=ADVANCED_FACE('',(#414),#5101,.F.);
#5350=ADVANCED_FACE('',(#415),#221,.F.);
#5351=ADVANCED_FACE('',(#416),#5102,.F.);
#5352=ADVANCED_FACE('',(#417),#5103,.F.);
#5353=ADVANCED_FACE('',(#418),#5104,.F.);
#5354=ADVANCED_FACE('',(#419),#222,.F.);
#5355=ADVANCED_FACE('',(#420),#5105,.F.);
#5356=ADVANCED_FACE('',(#421,#62),#5106,.T.);
#5357=ADVANCED_FACE('',(#422),#5107,.F.);
#5358=ADVANCED_FACE('',(#423),#5108,.F.);
#5359=ADVANCED_FACE('',(#424),#223,.F.);
#5360=ADVANCED_FACE('',(#425),#5109,.F.);
#5361=ADVANCED_FACE('',(#426),#5110,.F.);
#5362=ADVANCED_FACE('',(#427),#5111,.F.);
#5363=ADVANCED_FACE('',(#428),#224,.F.);
#5364=ADVANCED_FACE('',(#429),#5112,.F.);
#5365=ADVANCED_FACE('',(#430),#5113,.F.);
#5366=ADVANCED_FACE('',(#431),#5114,.F.);
#5367=ADVANCED_FACE('',(#432),#225,.F.);
#5368=ADVANCED_FACE('',(#433),#5115,.F.);
#5369=ADVANCED_FACE('',(#434),#5116,.F.);
#5370=ADVANCED_FACE('',(#435),#5117,.F.);
#5371=ADVANCED_FACE('',(#436),#226,.F.);
#5372=ADVANCED_FACE('',(#437),#5118,.F.);
#5373=ADVANCED_FACE('',(#438,#63),#5119,.T.);
#5374=ADVANCED_FACE('',(#439),#5120,.F.);
#5375=ADVANCED_FACE('',(#440),#5121,.F.);
#5376=ADVANCED_FACE('',(#441),#227,.F.);
#5377=ADVANCED_FACE('',(#442),#5122,.F.);
#5378=ADVANCED_FACE('',(#443),#5123,.F.);
#5379=ADVANCED_FACE('',(#444),#5124,.F.);
#5380=ADVANCED_FACE('',(#445),#228,.F.);
#5381=ADVANCED_FACE('',(#446),#5125,.F.);
#5382=ADVANCED_FACE('',(#447),#5126,.F.);
#5383=ADVANCED_FACE('',(#448),#5127,.F.);
#5384=ADVANCED_FACE('',(#449),#229,.F.);
#5385=ADVANCED_FACE('',(#450),#5128,.F.);
#5386=ADVANCED_FACE('',(#451),#5129,.F.);
#5387=ADVANCED_FACE('',(#452),#5130,.F.);
#5388=ADVANCED_FACE('',(#453),#230,.F.);
#5389=ADVANCED_FACE('',(#454),#5131,.F.);
#5390=ADVANCED_FACE('',(#455,#64),#5132,.T.);
#5391=ADVANCED_FACE('',(#456),#5133,.F.);
#5392=ADVANCED_FACE('',(#457),#5134,.F.);
#5393=ADVANCED_FACE('',(#458),#231,.F.);
#5394=ADVANCED_FACE('',(#459),#5135,.F.);
#5395=ADVANCED_FACE('',(#460),#5136,.F.);
#5396=ADVANCED_FACE('',(#461),#5137,.F.);
#5397=ADVANCED_FACE('',(#462),#232,.F.);
#5398=ADVANCED_FACE('',(#463),#5138,.F.);
#5399=ADVANCED_FACE('',(#464),#5139,.F.);
#5400=ADVANCED_FACE('',(#465),#5140,.F.);
#5401=ADVANCED_FACE('',(#466),#233,.F.);
#5402=ADVANCED_FACE('',(#467),#5141,.F.);
#5403=ADVANCED_FACE('',(#468),#5142,.F.);
#5404=ADVANCED_FACE('',(#469),#5143,.F.);
#5405=ADVANCED_FACE('',(#470),#234,.F.);
#5406=ADVANCED_FACE('',(#471),#5144,.F.);
#5407=ADVANCED_FACE('',(#472,#65),#5145,.T.);
#5408=ADVANCED_FACE('',(#473),#5146,.F.);
#5409=ADVANCED_FACE('',(#474),#5147,.F.);
#5410=ADVANCED_FACE('',(#475),#5148,.F.);
#5411=ADVANCED_FACE('',(#476),#5149,.F.);
#5412=ADVANCED_FACE('',(#477),#5150,.F.);
#5413=ADVANCED_FACE('',(#478),#5151,.F.);
#5414=ADVANCED_FACE('',(#479),#5152,.F.);
#5415=ADVANCED_FACE('',(#480),#5153,.F.);
#5416=ADVANCED_FACE('',(#481),#5154,.F.);
#5417=ADVANCED_FACE('',(#482),#5155,.F.);
#5418=ADVANCED_FACE('',(#483),#5156,.F.);
#5419=ADVANCED_FACE('',(#484),#5157,.F.);
#5420=ADVANCED_FACE('',(#485),#5158,.F.);
#5421=ADVANCED_FACE('',(#486),#5159,.F.);
#5422=ADVANCED_FACE('',(#487),#5160,.F.);
#5423=ADVANCED_FACE('',(#488),#5161,.F.);
#5424=ADVANCED_FACE('',(#489),#5162,.F.);
#5425=ADVANCED_FACE('',(#490),#5163,.F.);
#5426=ADVANCED_FACE('',(#491),#5164,.F.);
#5427=ADVANCED_FACE('',(#492),#5165,.F.);
#5428=ADVANCED_FACE('',(#493),#5166,.F.);
#5429=ADVANCED_FACE('',(#494,#66,#67,#68,#69),#5167,.T.);
#5430=ADVANCED_FACE('',(#495),#5168,.T.);
#5431=ADVANCED_FACE('',(#496),#5169,.F.);
#5432=ADVANCED_FACE('',(#497),#235,.F.);
#5433=ADVANCED_FACE('',(#498),#5170,.F.);
#5434=ADVANCED_FACE('',(#499),#236,.F.);
#5435=ADVANCED_FACE('',(#500),#5171,.F.);
#5436=ADVANCED_FACE('',(#501),#237,.F.);
#5437=ADVANCED_FACE('',(#502),#5172,.F.);
#5438=ADVANCED_FACE('',(#503),#238,.F.);
#5439=ADVANCED_FACE('',(#504),#5173,.T.);
#5440=ADVANCED_FACE('',(#505,#70),#5174,.F.);
#5441=ADVANCED_FACE('',(#506),#239,.F.);
#5442=ADVANCED_FACE('',(#507),#240,.F.);
#5443=ADVANCED_FACE('',(#508,#71),#5175,.F.);
#5444=ADVANCED_FACE('',(#509),#241,.F.);
#5445=ADVANCED_FACE('',(#510),#242,.F.);
#5446=ADVANCED_FACE('',(#511,#72),#5176,.F.);
#5447=ADVANCED_FACE('',(#512),#243,.F.);
#5448=ADVANCED_FACE('',(#513),#244,.F.);
#5449=ADVANCED_FACE('',(#514,#73),#5177,.F.);
#5450=ADVANCED_FACE('',(#515),#245,.F.);
#5451=ADVANCED_FACE('',(#516),#5178,.F.);
#5452=ADVANCED_FACE('',(#517),#246,.F.);
#5453=ADVANCED_FACE('',(#518,#74),#5179,.T.);
#5454=ADVANCED_FACE('',(#519),#5180,.F.);
#5455=ADVANCED_FACE('',(#520),#247,.F.);
#5456=ADVANCED_FACE('',(#521),#5181,.F.);
#5457=ADVANCED_FACE('',(#522),#5182,.T.);
#5458=CLOSED_SHELL('',(#5183,#5184,#5185,#5186,#5187,#5188,#5189,#5190,
#5191,#5192,#5193,#5194,#5195,#5196,#5197,#5198,#5199,#5200,#5201,#5202,
#5203,#5204,#5205,#5206,#5207,#5208,#5209,#5210,#5211,#5212,#5213,#5214,
#5215,#5216,#5217,#5218,#5219,#5220,#5221,#5222,#5223,#5224,#5225,#5226,
#5227,#5228,#5229,#5230,#5231,#5232,#5233,#5234,#5235,#5236,#5237,#5238,
#5239,#5240,#5241,#5242,#5243,#5244,#5245,#5246,#5247,#5248,#5249,#5250,
#5251,#5252,#5253,#5254,#5255,#5256,#5257,#5258,#5259,#5260,#5261,#5262,
#5263,#5264,#5265,#5266,#5267,#5268,#5269,#5270,#5271,#5272,#5273,#5274,
#5275,#5276,#5277,#5278,#5279,#5280,#5281,#5282,#5283,#5284,#5285,#5286,
#5287,#5288,#5289,#5290,#5291,#5292,#5293,#5294,#5295,#5296,#5297,#5298,
#5299,#5300,#5301,#5302,#5303,#5304,#5305,#5306,#5307,#5308,#5309,#5310,
#5311,#5312,#5313,#5314,#5315,#5316,#5317,#5318,#5319,#5320,#5321,#5322,
#5323,#5324,#5325,#5326,#5327,#5328,#5329,#5330,#5331,#5332,#5333,#5334,
#5335,#5336,#5337,#5338,#5339,#5340,#5341,#5342,#5343,#5344,#5345,#5346,
#5347,#5348,#5349,#5350,#5351,#5352,#5353,#5354,#5355,#5356,#5357,#5358,
#5359,#5360,#5361,#5362,#5363,#5364,#5365,#5366,#5367,#5368,#5369,#5370,
#5371,#5372,#5373,#5374,#5375,#5376,#5377,#5378,#5379,#5380,#5381,#5382,
#5383,#5384,#5385,#5386,#5387,#5388,#5389,#5390,#5391,#5392,#5393,#5394,
#5395,#5396,#5397,#5398,#5399,#5400,#5401,#5402,#5403,#5404,#5405,#5406,
#5407,#5408,#5409,#5410,#5411,#5412,#5413,#5414,#5415,#5416,#5417,#5418,
#5419,#5420,#5421,#5422,#5423,#5424,#5425,#5426,#5427,#5428,#5429,#5430,
#5431,#5432,#5433,#5434,#5435,#5436,#5437,#5438,#5439,#5440,#5441,#5442,
#5443,#5444,#5445,#5446,#5447,#5448,#5449,#5450,#5451,#5452,#5453,#5454,
#5455,#5456,#5457));
#5459=AXIS2_PLACEMENT_3D('',#7285,#5851,#5852);
#5460=AXIS2_PLACEMENT_3D('',#7286,#5853,#5854);
#5461=AXIS2_PLACEMENT_3D('',#7295,#5859,#5860);
#5462=AXIS2_PLACEMENT_3D('',#7297,#5861,#5862);
#5463=AXIS2_PLACEMENT_3D('',#7299,#5863,#5864);
#5464=AXIS2_PLACEMENT_3D('',#7301,#5866,#5867);
#5465=AXIS2_PLACEMENT_3D('',#7304,#5870,#5871);
#5466=AXIS2_PLACEMENT_3D('',#7313,#5876,#5877);
#5467=AXIS2_PLACEMENT_3D('',#7315,#5878,#5879);
#5468=AXIS2_PLACEMENT_3D('',#7317,#5880,#5881);
#5469=AXIS2_PLACEMENT_3D('',#7319,#5883,#5884);
#5470=AXIS2_PLACEMENT_3D('',#7322,#5887,#5888);
#5471=AXIS2_PLACEMENT_3D('',#7325,#5889,#5890);
#5472=AXIS2_PLACEMENT_3D('',#7329,#5892,#5893);
#5473=AXIS2_PLACEMENT_3D('',#7331,#5895,#5896);
#5474=AXIS2_PLACEMENT_3D('',#7335,#5898,#5899);
#5475=AXIS2_PLACEMENT_3D('',#7339,#5901,#5902);
#5476=AXIS2_PLACEMENT_3D('',#7343,#5904,#5905);
#5477=AXIS2_PLACEMENT_3D('',#7346,#5907,#5908);
#5478=AXIS2_PLACEMENT_3D('',#7348,#5909,#5910);
#5479=AXIS2_PLACEMENT_3D('',#7350,#5911,#5912);
#5480=AXIS2_PLACEMENT_3D('',#7352,#5913,#5914);
#5481=AXIS2_PLACEMENT_3D('',#7354,#5915,#5916);
#5482=AXIS2_PLACEMENT_3D('',#7356,#5917,#5918);
#5483=AXIS2_PLACEMENT_3D('',#7358,#5919,#5920);
#5484=AXIS2_PLACEMENT_3D('',#7360,#5921,#5922);
#5485=AXIS2_PLACEMENT_3D('',#7362,#5923,#5924);
#5486=AXIS2_PLACEMENT_3D('',#7443,#5965,#5966);
#5487=AXIS2_PLACEMENT_3D('',#7447,#5969,#5970);
#5488=AXIS2_PLACEMENT_3D('',#7453,#5973,#5974);
#5489=AXIS2_PLACEMENT_3D('',#7457,#5977,#5978);
#5490=AXIS2_PLACEMENT_3D('',#7460,#5980,#5981);
#5491=AXIS2_PLACEMENT_3D('',#7461,#5982,#5983);
#5492=AXIS2_PLACEMENT_3D('',#7465,#5985,#5986);
#5493=AXIS2_PLACEMENT_3D('',#7468,#5988,#5989);
#5494=AXIS2_PLACEMENT_3D('',#7470,#5990,#5991);
#5495=AXIS2_PLACEMENT_3D('',#7472,#5992,#5993);
#5496=AXIS2_PLACEMENT_3D('',#7474,#5994,#5995);
#5497=AXIS2_PLACEMENT_3D('',#7476,#5996,#5997);
#5498=AXIS2_PLACEMENT_3D('',#7483,#6000,#6001);
#5499=AXIS2_PLACEMENT_3D('',#7495,#6007,#6008);
#5500=AXIS2_PLACEMENT_3D('',#7503,#6012,#6013);
#5501=AXIS2_PLACEMENT_3D('',#7515,#6019,#6020);
#5502=AXIS2_PLACEMENT_3D('',#7517,#6022,#6023);
#5503=AXIS2_PLACEMENT_3D('',#7519,#6025,#6026);
#5504=AXIS2_PLACEMENT_3D('',#7521,#6028,#6029);
#5505=AXIS2_PLACEMENT_3D('',#7523,#6031,#6032);
#5506=AXIS2_PLACEMENT_3D('',#7524,#6033,#6034);
#5507=AXIS2_PLACEMENT_3D('',#7530,#6038,#6039);
#5508=AXIS2_PLACEMENT_3D('',#7536,#6043,#6044);
#5509=AXIS2_PLACEMENT_3D('',#7542,#6048,#6049);
#5510=AXIS2_PLACEMENT_3D('',#7548,#6053,#6054);
#5511=AXIS2_PLACEMENT_3D('',#7554,#6058,#6059);
#5512=AXIS2_PLACEMENT_3D('',#7560,#6063,#6064);
#5513=AXIS2_PLACEMENT_3D('',#7564,#6067,#6068);
#5514=AXIS2_PLACEMENT_3D('',#7568,#6070,#6071);
#5515=AXIS2_PLACEMENT_3D('',#7570,#6073,#6074);
#5516=AXIS2_PLACEMENT_3D('',#7574,#6076,#6077);
#5517=AXIS2_PLACEMENT_3D('',#7576,#6079,#6080);
#5518=AXIS2_PLACEMENT_3D('',#7591,#6089,#6090);
#5519=AXIS2_PLACEMENT_3D('',#7595,#6093,#6094);
#5520=AXIS2_PLACEMENT_3D('',#7608,#6102,#6103);
#5521=AXIS2_PLACEMENT_3D('',#7611,#6105,#6106);
#5522=AXIS2_PLACEMENT_3D('',#7612,#6107,#6108);
#5523=AXIS2_PLACEMENT_3D('',#7614,#6110,#6111);
#5524=AXIS2_PLACEMENT_3D('',#7617,#6114,#6115);
#5525=AXIS2_PLACEMENT_3D('',#7619,#6117,#6118);
#5526=AXIS2_PLACEMENT_3D('',#7623,#6121,#6122);
#5527=AXIS2_PLACEMENT_3D('',#7624,#6123,#6124);
#5528=AXIS2_PLACEMENT_3D('',#7626,#6126,#6127);
#5529=AXIS2_PLACEMENT_3D('',#7627,#6128,#6129);
#5530=AXIS2_PLACEMENT_3D('',#7629,#6130,#6131);
#5531=AXIS2_PLACEMENT_3D('',#7631,#6133,#6134);
#5532=AXIS2_PLACEMENT_3D('',#7634,#6136,#6137);
#5533=AXIS2_PLACEMENT_3D('',#7635,#6138,#6139);
#5534=AXIS2_PLACEMENT_3D('',#7637,#6140,#6141);
#5535=AXIS2_PLACEMENT_3D('',#7639,#6143,#6144);
#5536=AXIS2_PLACEMENT_3D('',#7641,#6145,#6146);
#5537=AXIS2_PLACEMENT_3D('',#7643,#6148,#6149);
#5538=AXIS2_PLACEMENT_3D('',#7645,#6150,#6151);
#5539=AXIS2_PLACEMENT_3D('',#7647,#6153,#6154);
#5540=AXIS2_PLACEMENT_3D('',#7649,#6155,#6156);
#5541=AXIS2_PLACEMENT_3D('',#7651,#6158,#6159);
#5542=AXIS2_PLACEMENT_3D('',#7653,#6160,#6161);
#5543=AXIS2_PLACEMENT_3D('',#7655,#6163,#6164);
#5544=AXIS2_PLACEMENT_3D('',#7664,#6169,#6170);
#5545=AXIS2_PLACEMENT_3D('',#7673,#6175,#6176);
#5546=AXIS2_PLACEMENT_3D('',#7676,#6179,#6180);
#5547=AXIS2_PLACEMENT_3D('',#7685,#6185,#6186);
#5548=AXIS2_PLACEMENT_3D('',#7694,#6191,#6192);
#5549=AXIS2_PLACEMENT_3D('',#7697,#6195,#6196);
#5550=AXIS2_PLACEMENT_3D('',#7708,#6203,#6204);
#5551=AXIS2_PLACEMENT_3D('',#7710,#6206,#6207);
#5552=AXIS2_PLACEMENT_3D('',#7719,#6212,#6213);
#5553=AXIS2_PLACEMENT_3D('',#7728,#6218,#6219);
#5554=AXIS2_PLACEMENT_3D('',#7731,#6222,#6223);
#5555=AXIS2_PLACEMENT_3D('',#7740,#6228,#6229);
#5556=AXIS2_PLACEMENT_3D('',#7749,#6234,#6235);
#5557=AXIS2_PLACEMENT_3D('',#7752,#6238,#6239);
#5558=AXIS2_PLACEMENT_3D('',#7763,#6246,#6247);
#5559=AXIS2_PLACEMENT_3D('',#7765,#6249,#6250);
#5560=AXIS2_PLACEMENT_3D('',#7774,#6255,#6256);
#5561=AXIS2_PLACEMENT_3D('',#7783,#6261,#6262);
#5562=AXIS2_PLACEMENT_3D('',#7786,#6265,#6266);
#5563=AXIS2_PLACEMENT_3D('',#7795,#6271,#6272);
#5564=AXIS2_PLACEMENT_3D('',#7804,#6277,#6278);
#5565=AXIS2_PLACEMENT_3D('',#7807,#6281,#6282);
#5566=AXIS2_PLACEMENT_3D('',#7818,#6289,#6290);
#5567=AXIS2_PLACEMENT_3D('',#7820,#6292,#6293);
#5568=AXIS2_PLACEMENT_3D('',#7829,#6298,#6299);
#5569=AXIS2_PLACEMENT_3D('',#7838,#6304,#6305);
#5570=AXIS2_PLACEMENT_3D('',#7841,#6308,#6309);
#5571=AXIS2_PLACEMENT_3D('',#7850,#6314,#6315);
#5572=AXIS2_PLACEMENT_3D('',#7859,#6320,#6321);
#5573=AXIS2_PLACEMENT_3D('',#7862,#6324,#6325);
#5574=AXIS2_PLACEMENT_3D('',#7866,#6327,#6328);
#5575=AXIS2_PLACEMENT_3D('',#7874,#6332,#6333);
#5576=AXIS2_PLACEMENT_3D('',#7879,#6336,#6337);
#5577=AXIS2_PLACEMENT_3D('',#7881,#6338,#6339);
#5578=AXIS2_PLACEMENT_3D('',#7889,#6343,#6344);
#5579=AXIS2_PLACEMENT_3D('',#7897,#6348,#6349);
#5580=AXIS2_PLACEMENT_3D('',#7905,#6353,#6354);
#5581=AXIS2_PLACEMENT_3D('',#7912,#6358,#6359);
#5582=AXIS2_PLACEMENT_3D('',#7914,#6360,#6361);
#5583=AXIS2_PLACEMENT_3D('',#7922,#6365,#6366);
#5584=AXIS2_PLACEMENT_3D('',#7966,#6392,#6393);
#5585=AXIS2_PLACEMENT_3D('',#7974,#6397,#6398);
#5586=AXIS2_PLACEMENT_3D('',#7982,#6402,#6403);
#5587=AXIS2_PLACEMENT_3D('',#7990,#6407,#6408);
#5588=AXIS2_PLACEMENT_3D('',#7998,#6412,#6413);
#5589=AXIS2_PLACEMENT_3D('',#8006,#6417,#6418);
#5590=AXIS2_PLACEMENT_3D('',#8014,#6422,#6423);
#5591=AXIS2_PLACEMENT_3D('',#8022,#6427,#6428);
#5592=AXIS2_PLACEMENT_3D('',#8030,#6432,#6433);
#5593=AXIS2_PLACEMENT_3D('',#8038,#6437,#6438);
#5594=AXIS2_PLACEMENT_3D('',#8046,#6442,#6443);
#5595=AXIS2_PLACEMENT_3D('',#8054,#6447,#6448);
#5596=AXIS2_PLACEMENT_3D('',#8062,#6452,#6453);
#5597=AXIS2_PLACEMENT_3D('',#8070,#6457,#6458);
#5598=AXIS2_PLACEMENT_3D('',#8078,#6462,#6463);
#5599=AXIS2_PLACEMENT_3D('',#8086,#6467,#6468);
#5600=AXIS2_PLACEMENT_3D('',#8128,#6490,#6491);
#5601=AXIS2_PLACEMENT_3D('',#8131,#6494,#6495);
#5602=AXIS2_PLACEMENT_3D('',#8137,#6499,#6500);
#5603=AXIS2_PLACEMENT_3D('',#8141,#6503,#6504);
#5604=AXIS2_PLACEMENT_3D('',#8145,#6507,#6508);
#5605=AXIS2_PLACEMENT_3D('',#8147,#6510,#6511);
#5606=AXIS2_PLACEMENT_3D('',#8156,#6516,#6517);
#5607=AXIS2_PLACEMENT_3D('',#8158,#6519,#6520);
#5608=AXIS2_PLACEMENT_3D('',#8160,#6522,#6523);
#5609=AXIS2_PLACEMENT_3D('',#8169,#6528,#6529);
#5610=AXIS2_PLACEMENT_3D('',#8175,#6533,#6534);
#5611=AXIS2_PLACEMENT_3D('',#8177,#6536,#6537);
#5612=AXIS2_PLACEMENT_3D('',#8179,#6539,#6540);
#5613=AXIS2_PLACEMENT_3D('',#8188,#6545,#6546);
#5614=AXIS2_PLACEMENT_3D('',#8194,#6550,#6551);
#5615=AXIS2_PLACEMENT_3D('',#8198,#6554,#6555);
#5616=AXIS2_PLACEMENT_3D('',#8202,#6558,#6559);
#5617=AXIS2_PLACEMENT_3D('',#8204,#6561,#6562);
#5618=AXIS2_PLACEMENT_3D('',#8213,#6567,#6568);
#5619=AXIS2_PLACEMENT_3D('',#8219,#6572,#6573);
#5620=AXIS2_PLACEMENT_3D('',#8223,#6576,#6577);
#5621=AXIS2_PLACEMENT_3D('',#8227,#6580,#6581);
#5622=AXIS2_PLACEMENT_3D('',#8229,#6583,#6584);
#5623=AXIS2_PLACEMENT_3D('',#8238,#6589,#6590);
#5624=AXIS2_PLACEMENT_3D('',#8241,#6593,#6594);
#5625=AXIS2_PLACEMENT_3D('',#8243,#6596,#6597);
#5626=AXIS2_PLACEMENT_3D('',#8246,#6600,#6601);
#5627=AXIS2_PLACEMENT_3D('',#8248,#6603,#6604);
#5628=AXIS2_PLACEMENT_3D('',#8251,#6607,#6608);
#5629=AXIS2_PLACEMENT_3D('',#8253,#6610,#6611);
#5630=AXIS2_PLACEMENT_3D('',#8256,#6614,#6615);
#5631=AXIS2_PLACEMENT_3D('',#8258,#6617,#6618);
#5632=AXIS2_PLACEMENT_3D('',#8261,#6621,#6622);
#5633=AXIS2_PLACEMENT_3D('',#8263,#6624,#6625);
#5634=AXIS2_PLACEMENT_3D('',#8265,#6627,#6628);
#5635=AXIS2_PLACEMENT_3D('',#8266,#6629,#6630);
#5636=AXIS2_PLACEMENT_3D('',#8268,#6632,#6633);
#5637=AXIS2_PLACEMENT_3D('',#8269,#6634,#6635);
#5638=AXIS2_PLACEMENT_3D('',#8271,#6637,#6638);
#5639=AXIS2_PLACEMENT_3D('',#8272,#6639,#6640);
#5640=AXIS2_PLACEMENT_3D('',#8274,#6642,#6643);
#5641=AXIS2_PLACEMENT_3D('',#8275,#6644,#6645);
#5642=AXIS2_PLACEMENT_3D('',#8277,#6647,#6648);
#5643=AXIS2_PLACEMENT_3D('',#8278,#6649,#6650);
#5644=AXIS2_PLACEMENT_3D('',#8280,#6651,#6652);
#5645=AXIS2_PLACEMENT_3D('',#8283,#6654,#6655);
#5646=AXIS2_PLACEMENT_3D('',#8284,#6656,#6657);
#5647=AXIS2_PLACEMENT_3D('',#8290,#6661,#6662);
#5648=AXIS2_PLACEMENT_3D('',#8294,#6665,#6666);
#5649=AXIS2_PLACEMENT_3D('',#8295,#6667,#6668);
#5650=AXIS2_PLACEMENT_3D('',#8296,#6669,#6670);
#5651=AXIS2_PLACEMENT_3D('',#8298,#6672,#6673);
#5652=AXIS2_PLACEMENT_3D('',#8300,#6674,#6675);
#5653=AXIS2_PLACEMENT_3D('',#8303,#6677,#6678);
#5654=AXIS2_PLACEMENT_3D('',#8304,#6679,#6680);
#5655=AXIS2_PLACEMENT_3D('',#8308,#6683,#6684);
#5656=AXIS2_PLACEMENT_3D('',#8314,#6688,#6689);
#5657=AXIS2_PLACEMENT_3D('',#8315,#6690,#6691);
#5658=AXIS2_PLACEMENT_3D('',#8316,#6692,#6693);
#5659=AXIS2_PLACEMENT_3D('',#8318,#6695,#6696);
#5660=AXIS2_PLACEMENT_3D('',#8319,#6697,#6698);
#5661=AXIS2_PLACEMENT_3D('',#8321,#6699,#6700);
#5662=AXIS2_PLACEMENT_3D('',#8324,#6702,#6703);
#5663=AXIS2_PLACEMENT_3D('',#8325,#6704,#6705);
#5664=AXIS2_PLACEMENT_3D('',#8329,#6708,#6709);
#5665=AXIS2_PLACEMENT_3D('',#8335,#6713,#6714);
#5666=AXIS2_PLACEMENT_3D('',#8336,#6715,#6716);
#5667=AXIS2_PLACEMENT_3D('',#8337,#6717,#6718);
#5668=AXIS2_PLACEMENT_3D('',#8339,#6720,#6721);
#5669=AXIS2_PLACEMENT_3D('',#8340,#6722,#6723);
#5670=AXIS2_PLACEMENT_3D('',#8342,#6724,#6725);
#5671=AXIS2_PLACEMENT_3D('',#8345,#6727,#6728);
#5672=AXIS2_PLACEMENT_3D('',#8346,#6729,#6730);
#5673=AXIS2_PLACEMENT_3D('',#8352,#6734,#6735);
#5674=AXIS2_PLACEMENT_3D('',#8356,#6738,#6739);
#5675=AXIS2_PLACEMENT_3D('',#8357,#6740,#6741);
#5676=AXIS2_PLACEMENT_3D('',#8358,#6742,#6743);
#5677=AXIS2_PLACEMENT_3D('',#8360,#6745,#6746);
#5678=AXIS2_PLACEMENT_3D('',#8361,#6747,#6748);
#5679=AXIS2_PLACEMENT_3D('',#8367,#6752,#6753);
#5680=AXIS2_PLACEMENT_3D('',#8371,#6756,#6757);
#5681=AXIS2_PLACEMENT_3D('',#8374,#6759,#6760);
#5682=AXIS2_PLACEMENT_3D('',#8375,#6761,#6762);
#5683=AXIS2_PLACEMENT_3D('',#8379,#6765,#6766);
#5684=AXIS2_PLACEMENT_3D('',#8383,#6769,#6770);
#5685=AXIS2_PLACEMENT_3D('',#8387,#6773,#6774);
#5686=AXIS2_PLACEMENT_3D('',#8390,#6776,#6777);
#5687=AXIS2_PLACEMENT_3D('',#8391,#6778,#6779);
#5688=AXIS2_PLACEMENT_3D('',#8395,#6782,#6783);
#5689=AXIS2_PLACEMENT_3D('',#8399,#6786,#6787);
#5690=AXIS2_PLACEMENT_3D('',#8403,#6790,#6791);
#5691=AXIS2_PLACEMENT_3D('',#8406,#6793,#6794);
#5692=AXIS2_PLACEMENT_3D('',#8407,#6795,#6796);
#5693=AXIS2_PLACEMENT_3D('',#8411,#6799,#6800);
#5694=AXIS2_PLACEMENT_3D('',#8415,#6803,#6804);
#5695=AXIS2_PLACEMENT_3D('',#8419,#6807,#6808);
#5696=AXIS2_PLACEMENT_3D('',#8422,#6810,#6811);
#5697=AXIS2_PLACEMENT_3D('',#8423,#6812,#6813);
#5698=AXIS2_PLACEMENT_3D('',#8425,#6815,#6816);
#5699=AXIS2_PLACEMENT_3D('',#8426,#6817,#6818);
#5700=AXIS2_PLACEMENT_3D('',#8432,#6822,#6823);
#5701=AXIS2_PLACEMENT_3D('',#8436,#6826,#6827);
#5702=AXIS2_PLACEMENT_3D('',#8439,#6829,#6830);
#5703=AXIS2_PLACEMENT_3D('',#8440,#6831,#6832);
#5704=AXIS2_PLACEMENT_3D('',#8444,#6835,#6836);
#5705=AXIS2_PLACEMENT_3D('',#8448,#6839,#6840);
#5706=AXIS2_PLACEMENT_3D('',#8452,#6843,#6844);
#5707=AXIS2_PLACEMENT_3D('',#8455,#6846,#6847);
#5708=AXIS2_PLACEMENT_3D('',#8456,#6848,#6849);
#5709=AXIS2_PLACEMENT_3D('',#8460,#6852,#6853);
#5710=AXIS2_PLACEMENT_3D('',#8464,#6856,#6857);
#5711=AXIS2_PLACEMENT_3D('',#8468,#6860,#6861);
#5712=AXIS2_PLACEMENT_3D('',#8471,#6863,#6864);
#5713=AXIS2_PLACEMENT_3D('',#8472,#6865,#6866);
#5714=AXIS2_PLACEMENT_3D('',#8476,#6869,#6870);
#5715=AXIS2_PLACEMENT_3D('',#8480,#6873,#6874);
#5716=AXIS2_PLACEMENT_3D('',#8484,#6877,#6878);
#5717=AXIS2_PLACEMENT_3D('',#8487,#6880,#6881);
#5718=AXIS2_PLACEMENT_3D('',#8488,#6882,#6883);
#5719=AXIS2_PLACEMENT_3D('',#8490,#6885,#6886);
#5720=AXIS2_PLACEMENT_3D('',#8491,#6887,#6888);
#5721=AXIS2_PLACEMENT_3D('',#8497,#6892,#6893);
#5722=AXIS2_PLACEMENT_3D('',#8501,#6896,#6897);
#5723=AXIS2_PLACEMENT_3D('',#8504,#6899,#6900);
#5724=AXIS2_PLACEMENT_3D('',#8505,#6901,#6902);
#5725=AXIS2_PLACEMENT_3D('',#8509,#6905,#6906);
#5726=AXIS2_PLACEMENT_3D('',#8513,#6909,#6910);
#5727=AXIS2_PLACEMENT_3D('',#8517,#6913,#6914);
#5728=AXIS2_PLACEMENT_3D('',#8520,#6916,#6917);
#5729=AXIS2_PLACEMENT_3D('',#8521,#6918,#6919);
#5730=AXIS2_PLACEMENT_3D('',#8525,#6922,#6923);
#5731=AXIS2_PLACEMENT_3D('',#8529,#6926,#6927);
#5732=AXIS2_PLACEMENT_3D('',#8533,#6930,#6931);
#5733=AXIS2_PLACEMENT_3D('',#8536,#6933,#6934);
#5734=AXIS2_PLACEMENT_3D('',#8537,#6935,#6936);
#5735=AXIS2_PLACEMENT_3D('',#8541,#6939,#6940);
#5736=AXIS2_PLACEMENT_3D('',#8545,#6943,#6944);
#5737=AXIS2_PLACEMENT_3D('',#8549,#6947,#6948);
#5738=AXIS2_PLACEMENT_3D('',#8552,#6950,#6951);
#5739=AXIS2_PLACEMENT_3D('',#8553,#6952,#6953);
#5740=AXIS2_PLACEMENT_3D('',#8555,#6955,#6956);
#5741=AXIS2_PLACEMENT_3D('',#8556,#6957,#6958);
#5742=AXIS2_PLACEMENT_3D('',#8562,#6962,#6963);
#5743=AXIS2_PLACEMENT_3D('',#8566,#6966,#6967);
#5744=AXIS2_PLACEMENT_3D('',#8569,#6969,#6970);
#5745=AXIS2_PLACEMENT_3D('',#8570,#6971,#6972);
#5746=AXIS2_PLACEMENT_3D('',#8574,#6975,#6976);
#5747=AXIS2_PLACEMENT_3D('',#8578,#6979,#6980);
#5748=AXIS2_PLACEMENT_3D('',#8582,#6983,#6984);
#5749=AXIS2_PLACEMENT_3D('',#8585,#6986,#6987);
#5750=AXIS2_PLACEMENT_3D('',#8586,#6988,#6989);
#5751=AXIS2_PLACEMENT_3D('',#8590,#6992,#6993);
#5752=AXIS2_PLACEMENT_3D('',#8594,#6996,#6997);
#5753=AXIS2_PLACEMENT_3D('',#8598,#7000,#7001);
#5754=AXIS2_PLACEMENT_3D('',#8601,#7003,#7004);
#5755=AXIS2_PLACEMENT_3D('',#8602,#7005,#7006);
#5756=AXIS2_PLACEMENT_3D('',#8606,#7009,#7010);
#5757=AXIS2_PLACEMENT_3D('',#8610,#7013,#7014);
#5758=AXIS2_PLACEMENT_3D('',#8614,#7017,#7018);
#5759=AXIS2_PLACEMENT_3D('',#8617,#7020,#7021);
#5760=AXIS2_PLACEMENT_3D('',#8618,#7022,#7023);
#5761=AXIS2_PLACEMENT_3D('',#8620,#7025,#7026);
#5762=AXIS2_PLACEMENT_3D('',#8621,#7027,#7028);
#5763=AXIS2_PLACEMENT_3D('',#8627,#7032,#7033);
#5764=AXIS2_PLACEMENT_3D('',#8631,#7036,#7037);
#5765=AXIS2_PLACEMENT_3D('',#8634,#7039,#7040);
#5766=AXIS2_PLACEMENT_3D('',#8635,#7041,#7042);
#5767=AXIS2_PLACEMENT_3D('',#8639,#7045,#7046);
#5768=AXIS2_PLACEMENT_3D('',#8643,#7049,#7050);
#5769=AXIS2_PLACEMENT_3D('',#8647,#7053,#7054);
#5770=AXIS2_PLACEMENT_3D('',#8650,#7056,#7057);
#5771=AXIS2_PLACEMENT_3D('',#8651,#7058,#7059);
#5772=AXIS2_PLACEMENT_3D('',#8655,#7062,#7063);
#5773=AXIS2_PLACEMENT_3D('',#8659,#7066,#7067);
#5774=AXIS2_PLACEMENT_3D('',#8663,#7070,#7071);
#5775=AXIS2_PLACEMENT_3D('',#8666,#7073,#7074);
#5776=AXIS2_PLACEMENT_3D('',#8667,#7075,#7076);
#5777=AXIS2_PLACEMENT_3D('',#8671,#7079,#7080);
#5778=AXIS2_PLACEMENT_3D('',#8675,#7083,#7084);
#5779=AXIS2_PLACEMENT_3D('',#8679,#7087,#7088);
#5780=AXIS2_PLACEMENT_3D('',#8682,#7090,#7091);
#5781=AXIS2_PLACEMENT_3D('',#8683,#7092,#7093);
#5782=AXIS2_PLACEMENT_3D('',#8685,#7095,#7096);
#5783=AXIS2_PLACEMENT_3D('',#8686,#7097,#7098);
#5784=AXIS2_PLACEMENT_3D('',#8689,#7101,#7102);
#5785=AXIS2_PLACEMENT_3D('',#8691,#7104,#7105);
#5786=AXIS2_PLACEMENT_3D('',#8693,#7107,#7108);
#5787=AXIS2_PLACEMENT_3D('',#8694,#7109,#7110);
#5788=AXIS2_PLACEMENT_3D('',#8697,#7113,#7114);
#5789=AXIS2_PLACEMENT_3D('',#8699,#7116,#7117);
#5790=AXIS2_PLACEMENT_3D('',#8701,#7119,#7120);
#5791=AXIS2_PLACEMENT_3D('',#8702,#7121,#7122);
#5792=AXIS2_PLACEMENT_3D('',#8705,#7125,#7126);
#5793=AXIS2_PLACEMENT_3D('',#8707,#7128,#7129);
#5794=AXIS2_PLACEMENT_3D('',#8709,#7131,#7132);
#5795=AXIS2_PLACEMENT_3D('',#8710,#7133,#7134);
#5796=AXIS2_PLACEMENT_3D('',#8713,#7137,#7138);
#5797=AXIS2_PLACEMENT_3D('',#8715,#7140,#7141);
#5798=AXIS2_PLACEMENT_3D('',#8717,#7143,#7144);
#5799=AXIS2_PLACEMENT_3D('',#8718,#7145,#7146);
#5800=AXIS2_PLACEMENT_3D('',#8721,#7149,#7150);
#5801=AXIS2_PLACEMENT_3D('',#8723,#7152,#7153);
#5802=AXIS2_PLACEMENT_3D('',#8725,#7155,#7156);
#5803=AXIS2_PLACEMENT_3D('',#8726,#7157,#7158);
#5804=AXIS2_PLACEMENT_3D('',#8727,#7159,#7160);
#5805=AXIS2_PLACEMENT_3D('',#8730,#7161,#7162);
#5806=AXIS2_PLACEMENT_3D('',#8737,#7166,#7167);
#5807=AXIS2_PLACEMENT_3D('',#8742,#7169,#7170);
#5808=AXIS2_PLACEMENT_3D('',#8746,#7172,#7173);
#5809=AXIS2_PLACEMENT_3D('',#8750,#7175,#7176);
#5810=AXIS2_PLACEMENT_3D('',#8753,#7178,#7179);
#5811=AXIS2_PLACEMENT_3D('',#8754,#7180,#7181);
#5812=AXIS2_PLACEMENT_3D('',#8755,#7182,#7183);
#5813=AXIS2_PLACEMENT_3D('',#8761,#7187,#7188);
#5814=AXIS2_PLACEMENT_3D('',#8764,#7190,#7191);
#5815=AXIS2_PLACEMENT_3D('',#8765,#7192,#7193);
#5816=AXIS2_PLACEMENT_3D('',#8769,#7196,#7197);
#5817=AXIS2_PLACEMENT_3D('',#8772,#7199,#7200);
#5818=AXIS2_PLACEMENT_3D('',#8773,#7201,#7202);
#5819=AXIS2_PLACEMENT_3D('',#8777,#7205,#7206);
#5820=AXIS2_PLACEMENT_3D('',#8780,#7208,#7209);
#5821=AXIS2_PLACEMENT_3D('',#8781,#7210,#7211);
#5822=AXIS2_PLACEMENT_3D('',#8785,#7214,#7215);
#5823=AXIS2_PLACEMENT_3D('',#8786,#7216,#7217);
#5824=AXIS2_PLACEMENT_3D('',#8787,#7218,#7219);
#5825=AXIS2_PLACEMENT_3D('',#8788,#7220,#7221);
#5826=AXIS2_PLACEMENT_3D('',#8790,#7222,#7223);
#5827=AXIS2_PLACEMENT_3D('',#8792,#7224,#7225);
#5828=AXIS2_PLACEMENT_3D('',#8793,#7226,#7227);
#5829=AXIS2_PLACEMENT_3D('',#8795,#7229,#7230);
#5830=AXIS2_PLACEMENT_3D('',#8797,#7232,#7233);
#5831=AXIS2_PLACEMENT_3D('',#8799,#7234,#7235);
#5832=AXIS2_PLACEMENT_3D('',#8801,#7236,#7237);
#5833=AXIS2_PLACEMENT_3D('',#8802,#7238,#7239);
#5834=AXIS2_PLACEMENT_3D('',#8804,#7241,#7242);
#5835=AXIS2_PLACEMENT_3D('',#8806,#7244,#7245);
#5836=AXIS2_PLACEMENT_3D('',#8808,#7246,#7247);
#5837=AXIS2_PLACEMENT_3D('',#8810,#7248,#7249);
#5838=AXIS2_PLACEMENT_3D('',#8811,#7250,#7251);
#5839=AXIS2_PLACEMENT_3D('',#8813,#7253,#7254);
#5840=AXIS2_PLACEMENT_3D('',#8815,#7256,#7257);
#5841=AXIS2_PLACEMENT_3D('',#8817,#7258,#7259);
#5842=AXIS2_PLACEMENT_3D('',#8818,#7260,#7261);
#5843=AXIS2_PLACEMENT_3D('',#8820,#7263,#7264);
#5844=AXIS2_PLACEMENT_3D('',#8826,#7268,#7269);
#5845=AXIS2_PLACEMENT_3D('',#8827,#7270,#7271);
#5846=AXIS2_PLACEMENT_3D('',#8828,#7272,#7273);
#5847=AXIS2_PLACEMENT_3D('',#8829,#7274,#7275);
#5848=AXIS2_PLACEMENT_3D('',#8832,#7278,#7279);
#5849=AXIS2_PLACEMENT_3D('',#8834,#7281,#7282);
#5850=AXIS2_PLACEMENT_3D('',#8835,#7283,#7284);
#5851=DIRECTION('axis',(0.,0.,1.));
#5852=DIRECTION('refdir',(1.,0.,0.));
#5853=DIRECTION('center_axis',(0.500000000000001,-0.866025403784438,0.));
#5854=DIRECTION('ref_axis',(-0.866025403784438,-0.500000000000001,0.));
#5855=DIRECTION('',(0.866025403784438,0.500000000000001,2.0134550777055E-14));
#5856=DIRECTION('',(0.,0.,-1.));
#5857=DIRECTION('',(-0.866025403784438,-0.500000000000001,-3.97629578325829E-15));
#5858=DIRECTION('',(0.,0.,-1.));
#5859=DIRECTION('center_axis',(0.,0.,-1.));
#5860=DIRECTION('ref_axis',(-4.2700885562506E-16,1.,0.));
#5861=DIRECTION('center_axis',(-2.32493766222897E-14,0.,1.));
#5862=DIRECTION('ref_axis',(0.5,-0.866025403784439,0.));
#5863=DIRECTION('center_axis',(4.5914308816835E-15,0.,-1.));
#5864=DIRECTION('ref_axis',(0.5,-0.866025403784439,0.));
#5865=DIRECTION('',(0.,0.,-1.));
#5866=DIRECTION('center_axis',(-0.5,-0.866025403784439,0.));
#5867=DIRECTION('ref_axis',(-0.866025403784439,0.5,0.));
#5868=DIRECTION('',(0.866025403784439,-0.5,2.0134550777055E-14));
#5869=DIRECTION('',(-0.866025403784439,0.5,-3.97629578325829E-15));
#5870=DIRECTION('center_axis',(-0.499999999999999,-0.866025403784439,9.93530721298176E-15));
#5871=DIRECTION('ref_axis',(0.866025403784439,-0.499999999999999,5.69766721891413E-15));
#5872=DIRECTION('',(-0.866025403784439,0.499999999999999,3.86559948917713E-31));
#5873=DIRECTION('',(0.,1.14723045877933E-14,1.));
#5874=DIRECTION('',(0.866025403784439,-0.499999999999999,2.0134550777055E-14));
#5875=DIRECTION('',(0.,1.14723045877933E-14,1.));
#5876=DIRECTION('center_axis',(0.,1.14723045877933E-14,1.));
#5877=DIRECTION('ref_axis',(7.91547897186448E-15,1.,-1.14723045877933E-14));
#5878=DIRECTION('center_axis',(-2.62123759290271E-31,3.19108228873723E-31,
-1.));
#5879=DIRECTION('ref_axis',(-0.500000000000012,-0.866025403784432,9.93530721298167E-15));
#5880=DIRECTION('center_axis',(-2.32493766222897E-14,0.,1.));
#5881=DIRECTION('ref_axis',(-0.500000000000012,-0.866025403784432,9.93530721298167E-15));
#5882=DIRECTION('',(0.,1.14723045877933E-14,1.));
#5883=DIRECTION('center_axis',(0.499999999999999,-0.866025403784439,9.93530721298176E-15));
#5884=DIRECTION('ref_axis',(0.866025403784439,0.499999999999999,-5.69766721891429E-15));
#5885=DIRECTION('',(-0.866025403784439,-0.499999999999999,6.74517200439908E-32));
#5886=DIRECTION('',(0.866025403784439,0.499999999999999,2.0134550777055E-14));
#5887=DIRECTION('center_axis',(0.,-1.,0.));
#5888=DIRECTION('ref_axis',(-0.707106781186525,0.,-0.70710678118657));
#5889=DIRECTION('center_axis',(0.,1.,0.));
#5890=DIRECTION('ref_axis',(-0.707106781186525,0.,-0.70710678118657));
#5891=DIRECTION('',(0.,1.,0.));
#5892=DIRECTION('center_axis',(0.,-1.,0.));
#5893=DIRECTION('ref_axis',(-0.707106781186525,0.,-0.70710678118657));
#5894=DIRECTION('',(0.,-1.,0.));
#5895=DIRECTION('center_axis',(0.,1.,0.));
#5896=DIRECTION('ref_axis',(1.,0.,0.));
#5897=DIRECTION('',(-4.55331975193286E-14,0.,1.));
#5898=DIRECTION('center_axis',(0.,-1.,0.));
#5899=DIRECTION('ref_axis',(-0.707106780716126,0.,0.707106781656969));
#5900=DIRECTION('',(1.,0.,-1.33060048597828E-9));
#5901=DIRECTION('center_axis',(0.,-1.,0.));
#5902=DIRECTION('ref_axis',(0.707106781656988,0.,0.707106780716107));
#5903=DIRECTION('',(-6.18352065785529E-15,0.,-1.));
#5904=DIRECTION('center_axis',(0.,-1.,0.));
#5905=DIRECTION('ref_axis',(0.707106781186554,0.,-0.70710678118654));
#5906=DIRECTION('',(-1.,0.,-2.32493766222897E-14));
#5907=DIRECTION('center_axis',(0.,-1.,0.));
#5908=DIRECTION('ref_axis',(0.,0.,1.));
#5909=DIRECTION('center_axis',(0.,-1.,0.));
#5910=DIRECTION('ref_axis',(0.,0.,1.));
#5911=DIRECTION('center_axis',(0.,-1.,0.));
#5912=DIRECTION('ref_axis',(0.,0.,1.));
#5913=DIRECTION('center_axis',(0.,-1.,0.));
#5914=DIRECTION('ref_axis',(0.,0.,1.));
#5915=DIRECTION('center_axis',(0.,-1.,0.));
#5916=DIRECTION('ref_axis',(1.,0.,0.));
#5917=DIRECTION('center_axis',(0.,-1.,0.));
#5918=DIRECTION('ref_axis',(1.,0.,0.));
#5919=DIRECTION('center_axis',(0.,-1.,0.));
#5920=DIRECTION('ref_axis',(1.,0.,0.));
#5921=DIRECTION('center_axis',(0.,-1.,0.));
#5922=DIRECTION('ref_axis',(1.,0.,0.));
#5923=DIRECTION('center_axis',(0.,-1.,0.));
#5924=DIRECTION('ref_axis',(1.,0.,0.));
#5925=DIRECTION('',(9.49557838372525E-17,0.,1.));
#5926=DIRECTION('',(-1.,0.,-6.74497584826948E-16));
#5927=DIRECTION('',(-1.18694729796566E-16,0.,-1.));
#5928=DIRECTION('',(1.,0.,0.));
#5929=DIRECTION('',(9.49557838372525E-17,0.,1.));
#5930=DIRECTION('',(-1.,0.,-6.74497584826948E-16));
#5931=DIRECTION('',(-1.89911567674505E-16,0.,-1.));
#5932=DIRECTION('',(1.,0.,0.));
#5933=DIRECTION('',(1.89911567674505E-16,0.,1.));
#5934=DIRECTION('',(-1.,0.,0.));
#5935=DIRECTION('',(-1.89911567674505E-16,0.,-1.));
#5936=DIRECTION('',(1.,0.,0.));
#5937=DIRECTION('',(3.7982313534901E-16,0.,1.));
#5938=DIRECTION('',(-1.,0.,-6.74497584826949E-16));
#5939=DIRECTION('',(-3.7982313534901E-16,0.,-1.));
#5940=DIRECTION('',(1.,0.,0.));
#5941=DIRECTION('',(0.,0.,1.));
#5942=DIRECTION('',(-1.,0.,-6.74497584826949E-16));
#5943=DIRECTION('',(0.,0.,-1.));
#5944=DIRECTION('',(1.,0.,0.));
#5945=DIRECTION('',(0.,0.,-1.));
#5946=DIRECTION('',(1.,0.,0.));
#5947=DIRECTION('',(4.08170229641601E-18,0.,1.));
#5948=DIRECTION('',(-1.,0.,0.));
#5949=DIRECTION('',(0.,0.,-1.));
#5950=DIRECTION('',(1.,0.,0.));
#5951=DIRECTION('',(0.,0.,1.));
#5952=DIRECTION('',(-1.,0.,0.));
#5953=DIRECTION('',(0.,0.,-1.));
#5954=DIRECTION('',(1.,0.,0.));
#5955=DIRECTION('',(0.,0.,1.));
#5956=DIRECTION('',(-1.,0.,0.));
#5957=DIRECTION('',(0.,0.,-1.));
#5958=DIRECTION('',(1.,0.,0.));
#5959=DIRECTION('',(0.,0.,1.));
#5960=DIRECTION('',(-1.,0.,2.96059473233374E-15));
#5961=DIRECTION('',(0.,0.,-1.));
#5962=DIRECTION('',(1.,0.,0.));
#5963=DIRECTION('',(0.,0.,1.));
#5964=DIRECTION('',(-1.,0.,2.96059473233374E-15));
#5965=DIRECTION('center_axis',(-1.,0.,-4.55331975193286E-14));
#5966=DIRECTION('ref_axis',(-4.55331975193286E-14,0.,1.));
#5967=DIRECTION('',(4.55331975193286E-14,0.,-1.));
#5968=DIRECTION('',(0.,-1.,0.));
#5969=DIRECTION('center_axis',(2.32493766222897E-14,0.,-1.));
#5970=DIRECTION('ref_axis',(-1.,0.,-2.32493766222897E-14));
#5971=DIRECTION('',(0.,1.,0.));
#5972=DIRECTION('',(1.,0.,2.32493766222897E-14));
#5973=DIRECTION('center_axis',(-2.32493766222897E-14,0.,1.));
#5974=DIRECTION('ref_axis',(-0.5,-0.866025403784439,0.));
#5975=DIRECTION('',(0.866025403784438,-0.500000000000001,2.01345507770549E-14));
#5976=DIRECTION('',(0.866025403784438,0.500000000000001,2.01345507770549E-14));
#5977=DIRECTION('center_axis',(0.,1.,0.));
#5978=DIRECTION('ref_axis',(0.707106781186554,0.,-0.70710678118654));
#5979=DIRECTION('',(0.,-1.,0.));
#5980=DIRECTION('center_axis',(0.,1.,0.));
#5981=DIRECTION('ref_axis',(0.707106781186554,0.,-0.70710678118654));
#5982=DIRECTION('center_axis',(0.,1.,0.));
#5983=DIRECTION('ref_axis',(1.,0.,0.));
#5984=DIRECTION('',(6.18352065785529E-15,0.,1.));
#5985=DIRECTION('center_axis',(0.,1.,0.));
#5986=DIRECTION('ref_axis',(0.707106781656988,0.,0.707106780716107));
#5987=DIRECTION('',(-1.,0.,1.33060048597828E-9));
#5988=DIRECTION('center_axis',(0.,1.,0.));
#5989=DIRECTION('ref_axis',(-0.707106780716126,0.,0.707106781656969));
#5990=DIRECTION('center_axis',(0.,1.,0.));
#5991=DIRECTION('ref_axis',(0.,0.,1.));
#5992=DIRECTION('center_axis',(0.,1.,0.));
#5993=DIRECTION('ref_axis',(0.,0.,1.));
#5994=DIRECTION('center_axis',(0.,1.,0.));
#5995=DIRECTION('ref_axis',(0.,0.,1.));
#5996=DIRECTION('center_axis',(0.,1.,0.));
#5997=DIRECTION('ref_axis',(0.,0.,1.));
#5998=DIRECTION('',(-1.,0.,-2.29592369829097E-14));
#5999=DIRECTION('',(2.13162820727939E-14,0.,-1.));
#6000=DIRECTION('center_axis',(0.,-1.,0.));
#6001=DIRECTION('ref_axis',(-1.26465050153683E-7,0.,-0.999999999999992));
#6002=DIRECTION('',(3.75675473684031E-14,0.,-1.));
#6003=DIRECTION('',(1.,0.,3.82599934640144E-14));
#6004=DIRECTION('',(-4.55446245955926E-14,0.,1.));
#6005=DIRECTION('',(-1.,0.,3.82599934640144E-14));
#6006=DIRECTION('',(3.75675473684031E-14,0.,-1.));
#6007=DIRECTION('center_axis',(0.,-1.,0.));
#6008=DIRECTION('ref_axis',(-0.99999999999993,0.,-3.73535133575438E-7));
#6009=DIRECTION('',(-2.13162820727939E-14,0.,-1.));
#6010=DIRECTION('',(1.,0.,-1.33060047299243E-9));
#6011=DIRECTION('',(-2.13162820727939E-14,0.,1.));
#6012=DIRECTION('center_axis',(0.,-1.,0.));
#6013=DIRECTION('ref_axis',(-1.22285121170748E-6,0.,0.999999999999252));
#6014=DIRECTION('',(-7.56151915500646E-15,0.,1.));
#6015=DIRECTION('',(-1.,0.,-4.37257068160164E-14));
#6016=DIRECTION('',(-6.11532683863891E-15,0.,-1.));
#6017=DIRECTION('',(1.,0.,-4.37257068160164E-14));
#6018=DIRECTION('',(-7.56151915500646E-15,0.,1.));
#6019=DIRECTION('center_axis',(0.,-1.,0.));
#6020=DIRECTION('ref_axis',(0.99999999999993,0.,3.7353763379956E-7));
#6021=DIRECTION('',(2.13162820727939E-14,0.,1.));
#6022=DIRECTION('center_axis',(1.,0.,-6.18352065785529E-15));
#6023=DIRECTION('ref_axis',(-6.18352065785529E-15,0.,-1.));
#6024=DIRECTION('',(0.,1.,0.));
#6025=DIRECTION('center_axis',(0.,1.,0.));
#6026=DIRECTION('ref_axis',(0.707106781656988,0.,0.707106780716107));
#6027=DIRECTION('',(0.,-1.,0.));
#6028=DIRECTION('center_axis',(1.33060048597828E-9,0.,1.));
#6029=DIRECTION('ref_axis',(1.,0.,-1.33060048597828E-9));
#6030=DIRECTION('',(0.,1.,0.));
#6031=DIRECTION('center_axis',(0.,1.,0.));
#6032=DIRECTION('ref_axis',(-0.707106780716126,0.,0.707106781656969));
#6033=DIRECTION('center_axis',(4.37257068160164E-14,0.,1.));
#6034=DIRECTION('ref_axis',(1.,0.,-4.37257068160164E-14));
#6035=DIRECTION('',(1.,0.,-4.37257068160164E-14));
#6036=DIRECTION('',(0.,-1.,0.));
#6037=DIRECTION('',(0.,1.,0.));
#6038=DIRECTION('center_axis',(-1.,0.,2.13162820727939E-14));
#6039=DIRECTION('ref_axis',(2.13162820727939E-14,0.,1.));
#6040=DIRECTION('',(2.13162820727939E-14,0.,1.));
#6041=DIRECTION('',(0.,-1.,0.));
#6042=DIRECTION('',(0.,1.,0.));
#6043=DIRECTION('center_axis',(-3.82599934640144E-14,0.,-1.));
#6044=DIRECTION('ref_axis',(-1.,0.,3.82599934640144E-14));
#6045=DIRECTION('',(-1.,0.,3.82599934640144E-14));
#6046=DIRECTION('',(0.,-1.,0.));
#6047=DIRECTION('',(0.,1.,0.));
#6048=DIRECTION('center_axis',(1.,0.,-2.13162820727939E-14));
#6049=DIRECTION('ref_axis',(-2.13162820727939E-14,0.,-1.));
#6050=DIRECTION('',(-2.13162820727939E-14,0.,-1.));
#6051=DIRECTION('',(0.,-1.,0.));
#6052=DIRECTION('',(0.,-1.,0.));
#6053=DIRECTION('center_axis',(-1.,0.,-2.13162820727939E-14));
#6054=DIRECTION('ref_axis',(-2.13162820727939E-14,0.,1.));
#6055=DIRECTION('',(-2.13162820727939E-14,0.,1.));
#6056=DIRECTION('',(0.,1.,0.));
#6057=DIRECTION('',(0.,1.,0.));
#6058=DIRECTION('center_axis',(4.37257068160164E-14,0.,-1.));
#6059=DIRECTION('ref_axis',(-1.,0.,-4.37257068160164E-14));
#6060=DIRECTION('',(-1.,0.,-4.37257068160164E-14));
#6061=DIRECTION('',(0.,-1.,0.));
#6062=DIRECTION('',(0.,1.,0.));
#6063=DIRECTION('center_axis',(2.29592369829097E-14,0.,-1.));
#6064=DIRECTION('ref_axis',(1.,0.,2.29592369829097E-14));
#6065=DIRECTION('',(1.,0.,2.29592369829097E-14));
#6066=DIRECTION('',(0.,1.,0.));
#6067=DIRECTION('center_axis',(0.,1.,0.));
#6068=DIRECTION('ref_axis',(0.99999999999993,0.,3.7353763379956E-7));
#6069=DIRECTION('',(0.,1.,0.));
#6070=DIRECTION('center_axis',(0.,1.,0.));
#6071=DIRECTION('ref_axis',(0.99999999999993,0.,3.7353763379956E-7));
#6072=DIRECTION('',(0.,1.,0.));
#6073=DIRECTION('center_axis',(0.,1.,0.));
#6074=DIRECTION('ref_axis',(-0.99999999999993,0.,-3.73535133575438E-7));
#6075=DIRECTION('',(0.,1.,0.));
#6076=DIRECTION('center_axis',(0.,1.,0.));
#6077=DIRECTION('ref_axis',(-0.99999999999993,0.,-3.73535133575438E-7));
#6078=DIRECTION('',(0.,-1.,0.));
#6079=DIRECTION('center_axis',(1.,0.,3.75675473684031E-14));
#6080=DIRECTION('ref_axis',(3.75675473684031E-14,0.,-1.));
#6081=DIRECTION('',(-3.75675473684031E-14,0.,1.));
#6082=DIRECTION('',(0.,1.,0.));
#6083=DIRECTION('',(0.,1.,0.));
#6084=DIRECTION('',(-3.75675473684031E-14,0.,1.));
#6085=DIRECTION('',(0.,1.,0.));
#6086=DIRECTION('',(-3.75675473684031E-14,0.,1.));
#6087=DIRECTION('',(0.,-1.,0.));
#6088=DIRECTION('',(-3.75675473684031E-14,0.,1.));
#6089=DIRECTION('center_axis',(-1.,0.,-4.55446245955926E-14));
#6090=DIRECTION('ref_axis',(4.55446245955926E-14,0.,-1.));
#6091=DIRECTION('',(0.,-1.,0.));
#6092=DIRECTION('',(4.55446245955926E-14,0.,-1.));
#6093=DIRECTION('center_axis',(-1.,0.,-7.56151915500646E-15));
#6094=DIRECTION('ref_axis',(-7.56151915500646E-15,0.,1.));
#6095=DIRECTION('',(7.56151915500645E-15,0.,-1.));
#6096=DIRECTION('',(0.,1.,0.));
#6097=DIRECTION('',(7.56151915500646E-15,0.,-1.));
#6098=DIRECTION('',(0.,1.,0.));
#6099=DIRECTION('',(7.56151915500646E-15,0.,-1.));
#6100=DIRECTION('',(0.,-1.,0.));
#6101=DIRECTION('',(7.56151915500646E-15,0.,-1.));
#6102=DIRECTION('center_axis',(0.,1.,0.));
#6103=DIRECTION('ref_axis',(-1.22285121170748E-6,0.,0.999999999999252));
#6104=DIRECTION('',(0.,1.,0.));
#6105=DIRECTION('center_axis',(0.,1.,0.));
#6106=DIRECTION('ref_axis',(-1.22285121170748E-6,0.,0.999999999999252));
#6107=DIRECTION('center_axis',(0.,-1.,0.));
#6108=DIRECTION('ref_axis',(1.,0.,0.));
#6109=DIRECTION('',(1.,0.,3.82599934640144E-14));
#6110=DIRECTION('center_axis',(0.,-1.,0.));
#6111=DIRECTION('ref_axis',(1.,0.,0.));
#6112=DIRECTION('',(1.,0.,0.));
#6113=DIRECTION('',(-1.,0.,1.33060047299243E-9));
#6114=DIRECTION('center_axis',(0.,-1.,0.));
#6115=DIRECTION('ref_axis',(1.,0.,0.));
#6116=DIRECTION('',(6.11532683863891E-15,0.,1.));
#6117=DIRECTION('center_axis',(0.,-1.,0.));
#6118=DIRECTION('ref_axis',(1.,0.,0.));
#6119=DIRECTION('',(-1.,0.,-4.51616152296738E-15));
#6120=DIRECTION('',(2.13162820727939E-14,0.,-1.));
#6121=DIRECTION('center_axis',(1.33060047299243E-9,0.,1.));
#6122=DIRECTION('ref_axis',(-1.,0.,1.33060047299243E-9));
#6123=DIRECTION('center_axis',(1.,0.,2.13162820727939E-14));
#6124=DIRECTION('ref_axis',(2.13162820727939E-14,0.,-1.));
#6125=DIRECTION('',(0.,1.,0.));
#6126=DIRECTION('center_axis',(-3.82599934640144E-14,0.,1.));
#6127=DIRECTION('ref_axis',(1.,0.,3.82599934640144E-14));
#6128=DIRECTION('center_axis',(0.,-1.,0.));
#6129=DIRECTION('ref_axis',(0.,0.,1.));
#6130=DIRECTION('center_axis',(0.,-1.,0.));
#6131=DIRECTION('ref_axis',(0.,0.,1.));
#6132=DIRECTION('',(0.,-1.,0.));
#6133=DIRECTION('center_axis',(0.,1.,0.));
#6134=DIRECTION('ref_axis',(-1.26465050153683E-7,0.,-0.999999999999992));
#6135=DIRECTION('',(0.,1.,0.));
#6136=DIRECTION('center_axis',(0.,1.,0.));
#6137=DIRECTION('ref_axis',(-1.26465050153683E-7,0.,-0.999999999999992));
#6138=DIRECTION('center_axis',(0.,1.,0.));
#6139=DIRECTION('ref_axis',(1.,0.,0.));
#6140=DIRECTION('center_axis',(0.,1.,0.));
#6141=DIRECTION('ref_axis',(1.,0.,0.));
#6142=DIRECTION('',(0.,1.,0.));
#6143=DIRECTION('center_axis',(0.,1.,0.));
#6144=DIRECTION('ref_axis',(1.,0.,0.));
#6145=DIRECTION('center_axis',(0.,1.,0.));
#6146=DIRECTION('ref_axis',(1.,0.,0.));
#6147=DIRECTION('',(0.,1.,0.));
#6148=DIRECTION('center_axis',(0.,1.,0.));
#6149=DIRECTION('ref_axis',(1.,0.,0.));
#6150=DIRECTION('center_axis',(0.,1.,0.));
#6151=DIRECTION('ref_axis',(1.,0.,0.));
#6152=DIRECTION('',(0.,1.,0.));
#6153=DIRECTION('center_axis',(0.,1.,0.));
#6154=DIRECTION('ref_axis',(1.,0.,0.));
#6155=DIRECTION('center_axis',(0.,1.,0.));
#6156=DIRECTION('ref_axis',(1.,0.,0.));
#6157=DIRECTION('',(0.,1.,0.));
#6158=DIRECTION('center_axis',(0.,1.,0.));
#6159=DIRECTION('ref_axis',(1.,0.,0.));
#6160=DIRECTION('center_axis',(0.,1.,0.));
#6161=DIRECTION('ref_axis',(1.,0.,0.));
#6162=DIRECTION('',(0.,1.,0.));
#6163=DIRECTION('center_axis',(0.,0.,-1.));
#6164=DIRECTION('ref_axis',(-1.,0.,0.));
#6165=DIRECTION('',(-1.,0.,0.));
#6166=DIRECTION('',(0.,-1.,0.));
#6167=DIRECTION('',(-1.,0.,0.));
#6168=DIRECTION('',(0.,1.,0.));
#6169=DIRECTION('center_axis',(0.,0.,1.));
#6170=DIRECTION('ref_axis',(1.,0.,0.));
#6171=DIRECTION('',(1.,0.,0.));
#6172=DIRECTION('',(0.,-1.,0.));
#6173=DIRECTION('',(1.,0.,0.));
#6174=DIRECTION('',(0.,1.,0.));
#6175=DIRECTION('center_axis',(0.,1.,0.));
#6176=DIRECTION('ref_axis',(0.,0.,1.));
#6177=DIRECTION('',(0.,0.,1.));
#6178=DIRECTION('',(0.,0.,-1.));
#6179=DIRECTION('center_axis',(0.,0.,1.));
#6180=DIRECTION('ref_axis',(1.,0.,0.));
#6181=DIRECTION('',(1.,0.,0.));
#6182=DIRECTION('',(0.,-1.,0.));
#6183=DIRECTION('',(1.,0.,0.));
#6184=DIRECTION('',(0.,1.,0.));
#6185=DIRECTION('center_axis',(0.,0.,-1.));
#6186=DIRECTION('ref_axis',(-1.,0.,0.));
#6187=DIRECTION('',(-1.,0.,0.));
#6188=DIRECTION('',(0.,-1.,0.));
#6189=DIRECTION('',(-1.,0.,0.));
#6190=DIRECTION('',(0.,1.,0.));
#6191=DIRECTION('center_axis',(0.,1.,0.));
#6192=DIRECTION('ref_axis',(0.,0.,1.));
#6193=DIRECTION('',(0.,0.,-1.));
#6194=DIRECTION('',(0.,0.,1.));
#6195=DIRECTION('center_axis',(-1.,0.,0.));
#6196=DIRECTION('ref_axis',(0.,0.,1.));
#6197=DIRECTION('',(0.,0.,1.));
#6198=DIRECTION('',(0.,0.,1.));
#6199=DIRECTION('',(0.,1.,0.));
#6200=DIRECTION('',(0.,0.,1.));
#6201=DIRECTION('',(0.,1.,0.));
#6202=DIRECTION('',(0.,0.,1.));
#6203=DIRECTION('center_axis',(0.,1.,0.));
#6204=DIRECTION('ref_axis',(-1.,0.,0.));
#6205=DIRECTION('',(0.,0.,-1.));
#6206=DIRECTION('center_axis',(0.,0.,-1.));
#6207=DIRECTION('ref_axis',(-1.,0.,0.));
#6208=DIRECTION('',(-1.,0.,0.));
#6209=DIRECTION('',(0.,-1.,0.));
#6210=DIRECTION('',(-1.,0.,0.));
#6211=DIRECTION('',(0.,1.,0.));
#6212=DIRECTION('center_axis',(0.,0.,1.));
#6213=DIRECTION('ref_axis',(1.,0.,0.));
#6214=DIRECTION('',(1.,0.,0.));
#6215=DIRECTION('',(0.,-1.,0.));
#6216=DIRECTION('',(1.,0.,0.));
#6217=DIRECTION('',(0.,1.,0.));
#6218=DIRECTION('center_axis',(0.,1.,0.));
#6219=DIRECTION('ref_axis',(0.,0.,1.));
#6220=DIRECTION('',(0.,0.,1.));
#6221=DIRECTION('',(0.,0.,-1.));
#6222=DIRECTION('center_axis',(0.,0.,1.));
#6223=DIRECTION('ref_axis',(1.,0.,0.));
#6224=DIRECTION('',(1.,0.,0.));
#6225=DIRECTION('',(0.,-1.,0.));
#6226=DIRECTION('',(1.,0.,0.));
#6227=DIRECTION('',(0.,1.,0.));
#6228=DIRECTION('center_axis',(0.,0.,-1.));
#6229=DIRECTION('ref_axis',(-1.,0.,0.));
#6230=DIRECTION('',(-1.,0.,0.));
#6231=DIRECTION('',(0.,-1.,0.));
#6232=DIRECTION('',(-1.,0.,0.));
#6233=DIRECTION('',(0.,1.,0.));
#6234=DIRECTION('center_axis',(0.,1.,0.));
#6235=DIRECTION('ref_axis',(0.,0.,1.));
#6236=DIRECTION('',(0.,0.,-1.));
#6237=DIRECTION('',(0.,0.,1.));
#6238=DIRECTION('center_axis',(-1.,0.,0.));
#6239=DIRECTION('ref_axis',(0.,0.,1.));
#6240=DIRECTION('',(0.,0.,1.));
#6241=DIRECTION('',(0.,0.,1.));
#6242=DIRECTION('',(0.,1.,0.));
#6243=DIRECTION('',(0.,0.,1.));
#6244=DIRECTION('',(0.,1.,0.));
#6245=DIRECTION('',(0.,0.,1.));
#6246=DIRECTION('center_axis',(0.,1.,0.));
#6247=DIRECTION('ref_axis',(-1.,0.,0.));
#6248=DIRECTION('',(0.,0.,-1.));
#6249=DIRECTION('center_axis',(0.,0.,-1.));
#6250=DIRECTION('ref_axis',(-1.,0.,0.));
#6251=DIRECTION('',(-1.,0.,0.));
#6252=DIRECTION('',(0.,-1.,0.));
#6253=DIRECTION('',(-1.,0.,0.));
#6254=DIRECTION('',(0.,1.,0.));
#6255=DIRECTION('center_axis',(0.,0.,1.));
#6256=DIRECTION('ref_axis',(1.,0.,0.));
#6257=DIRECTION('',(1.,0.,0.));
#6258=DIRECTION('',(0.,-1.,0.));
#6259=DIRECTION('',(1.,0.,0.));
#6260=DIRECTION('',(0.,1.,0.));
#6261=DIRECTION('center_axis',(0.,1.,0.));
#6262=DIRECTION('ref_axis',(0.,0.,1.));
#6263=DIRECTION('',(0.,0.,1.));
#6264=DIRECTION('',(0.,0.,-1.));
#6265=DIRECTION('center_axis',(0.,0.,1.));
#6266=DIRECTION('ref_axis',(1.,0.,0.));
#6267=DIRECTION('',(1.,0.,0.));
#6268=DIRECTION('',(0.,-1.,0.));
#6269=DIRECTION('',(1.,0.,0.));
#6270=DIRECTION('',(0.,1.,0.));
#6271=DIRECTION('center_axis',(0.,0.,-1.));
#6272=DIRECTION('ref_axis',(-1.,0.,0.));
#6273=DIRECTION('',(-1.,0.,0.));
#6274=DIRECTION('',(0.,-1.,0.));
#6275=DIRECTION('',(-1.,0.,0.));
#6276=DIRECTION('',(0.,1.,0.));
#6277=DIRECTION('center_axis',(0.,1.,0.));
#6278=DIRECTION('ref_axis',(0.,0.,1.));
#6279=DIRECTION('',(0.,0.,-1.));
#6280=DIRECTION('',(0.,0.,1.));
#6281=DIRECTION('center_axis',(-1.,0.,0.));
#6282=DIRECTION('ref_axis',(0.,0.,1.));
#6283=DIRECTION('',(0.,0.,1.));
#6284=DIRECTION('',(0.,0.,1.));
#6285=DIRECTION('',(0.,1.,0.));
#6286=DIRECTION('',(0.,0.,1.));
#6287=DIRECTION('',(0.,1.,0.));
#6288=DIRECTION('',(0.,0.,1.));
#6289=DIRECTION('center_axis',(0.,1.,0.));
#6290=DIRECTION('ref_axis',(-1.,0.,0.));
#6291=DIRECTION('',(0.,0.,-1.));
#6292=DIRECTION('center_axis',(0.,0.,-1.));
#6293=DIRECTION('ref_axis',(-1.,0.,0.));
#6294=DIRECTION('',(-1.,0.,0.));
#6295=DIRECTION('',(0.,-1.,0.));
#6296=DIRECTION('',(-1.,0.,0.));
#6297=DIRECTION('',(0.,1.,0.));
#6298=DIRECTION('center_axis',(0.,0.,1.));
#6299=DIRECTION('ref_axis',(1.,0.,0.));
#6300=DIRECTION('',(1.,0.,0.));
#6301=DIRECTION('',(0.,-1.,0.));
#6302=DIRECTION('',(1.,0.,0.));
#6303=DIRECTION('',(0.,1.,0.));
#6304=DIRECTION('center_axis',(0.,1.,0.));
#6305=DIRECTION('ref_axis',(0.,0.,1.));
#6306=DIRECTION('',(0.,0.,1.));
#6307=DIRECTION('',(0.,0.,-1.));
#6308=DIRECTION('center_axis',(0.,0.,1.));
#6309=DIRECTION('ref_axis',(1.,0.,0.));
#6310=DIRECTION('',(1.,0.,0.));
#6311=DIRECTION('',(0.,-1.,0.));
#6312=DIRECTION('',(1.,0.,0.));
#6313=DIRECTION('',(0.,1.,0.));
#6314=DIRECTION('center_axis',(0.,0.,-1.));
#6315=DIRECTION('ref_axis',(-1.,0.,0.));
#6316=DIRECTION('',(-1.,0.,0.));
#6317=DIRECTION('',(0.,-1.,0.));
#6318=DIRECTION('',(-1.,0.,0.));
#6319=DIRECTION('',(0.,1.,0.));
#6320=DIRECTION('center_axis',(0.,1.,0.));
#6321=DIRECTION('ref_axis',(0.,0.,1.));
#6322=DIRECTION('',(0.,0.,-1.));
#6323=DIRECTION('',(0.,0.,1.));
#6324=DIRECTION('center_axis',(0.,1.,0.));
#6325=DIRECTION('ref_axis',(-1.,0.,0.));
#6326=DIRECTION('',(1.,0.,3.70074453771062E-14));
#6327=DIRECTION('center_axis',(0.,1.,0.));
#6328=DIRECTION('ref_axis',(0.999999999999966,0.,-2.60770294246972E-7));
#6329=DIRECTION('',(2.96059574045667E-15,0.,-1.));
#6330=DIRECTION('',(-1.,0.,-4.5914308816835E-15));
#6331=DIRECTION('',(-2.96059574045685E-15,0.,1.));
#6332=DIRECTION('center_axis',(0.,1.,0.));
#6333=DIRECTION('ref_axis',(2.04890977517631E-7,0.,0.999999999999979));
#6334=DIRECTION('',(1.,0.,-4.29286366374032E-14));
#6335=DIRECTION('',(-1.,0.,4.56777734003661E-14));
#6336=DIRECTION('center_axis',(0.,1.,0.));
#6337=DIRECTION('ref_axis',(-1.,0.,8.47457191179141E-9));
#6338=DIRECTION('center_axis',(0.,1.,0.));
#6339=DIRECTION('ref_axis',(0.747390530131135,0.,-0.664384975349609));
#6340=DIRECTION('',(-0.695919243573402,0.,-0.718120050147762));
#6341=DIRECTION('',(-0.707106781186549,0.,-0.707106781186546));
#6342=DIRECTION('',(0.408181088702738,0.,-0.912900979748323));
#6343=DIRECTION('center_axis',(0.,1.,0.));
#6344=DIRECTION('ref_axis',(-0.382776553055953,0.,-0.923840955159817));
#6345=DIRECTION('',(-0.913504713405089,0.,0.406828143798689));
#6346=DIRECTION('',(-0.707106781186548,0.,-0.707106781186548));
#6347=DIRECTION('',(-0.71812005014529,0.,-0.695919243575953));
#6348=DIRECTION('center_axis',(0.,1.,0.));
#6349=DIRECTION('ref_axis',(-0.747390788288724,0.,0.664384684938748));
#6350=DIRECTION('',(0.695919243576172,0.,0.718120050145077));
#6351=DIRECTION('',(0.707106781186548,0.,0.707106781186548));
#6352=DIRECTION('',(-0.409111685505772,0.,0.912484317006394));
#6353=DIRECTION('center_axis',(0.,1.,0.));
#6354=DIRECTION('ref_axis',(0.380419614761449,0.,0.924813990327109));
#6355=DIRECTION('',(0.914621998148422,0.,-0.40431003017856));
#6356=DIRECTION('',(0.706880692416632,0.,0.707332797690438));
#6357=DIRECTION('',(0.718120050146925,0.,0.695919243574266));
#6358=DIRECTION('center_axis',(0.,1.,0.));
#6359=DIRECTION('ref_axis',(0.747390530131135,0.,-0.664384975349609));
#6360=DIRECTION('center_axis',(0.,1.,0.));
#6361=DIRECTION('ref_axis',(-1.,0.,8.47457191179141E-9));
#6362=DIRECTION('',(8.47457189166509E-9,0.,1.));
#6363=DIRECTION('',(1.,0.,0.));
#6364=DIRECTION('',(-2.53765338655316E-15,0.,-1.));
#6365=DIRECTION('center_axis',(0.,1.,0.));
#6366=DIRECTION('ref_axis',(3.77475828372554E-14,0.,-1.));
#6367=DIRECTION('',(-1.,0.,-3.80647894157201E-14));
#6368=DIRECTION('',(1.,0.,0.));
#6369=DIRECTION('',(0.,0.,-1.));
#6370=DIRECTION('',(1.,0.,0.));
#6371=DIRECTION('',(0.,0.,-1.));
#6372=DIRECTION('',(1.,0.,0.));
#6373=DIRECTION('',(0.,0.,-1.));
#6374=DIRECTION('',(0.,0.,1.));
#6375=DIRECTION('',(1.,0.,0.));
#6376=DIRECTION('',(0.,0.,-1.));
#6377=DIRECTION('',(-1.,0.,0.));
#6378=DIRECTION('',(0.,0.,1.));
#6379=DIRECTION('',(0.,0.,-1.));
#6380=DIRECTION('',(-1.,0.,0.));
#6381=DIRECTION('',(0.,0.,-1.));
#6382=DIRECTION('',(-1.,0.,0.));
#6383=DIRECTION('',(0.,0.,-1.));
#6384=DIRECTION('',(-1.,0.,0.));
#6385=DIRECTION('',(0.,0.,-1.));
#6386=DIRECTION('',(-1.,0.,0.));
#6387=DIRECTION('',(0.,0.,1.));
#6388=DIRECTION('',(1.,0.,0.));
#6389=DIRECTION('',(0.,0.,-1.));
#6390=DIRECTION('',(-0.707106781186548,0.,-0.707106781186547));
#6391=DIRECTION('',(0.408181088702738,0.,-0.912900979748323));
#6392=DIRECTION('center_axis',(0.,1.,0.));
#6393=DIRECTION('ref_axis',(-0.382776553055953,0.,-0.923840955159817));
#6394=DIRECTION('',(-0.913504713405089,0.,0.406828143798689));
#6395=DIRECTION('',(-0.707106781186548,0.,-0.707106781186548));
#6396=DIRECTION('',(-0.71812005014529,0.,-0.695919243575953));
#6397=DIRECTION('center_axis',(0.,1.,0.));
#6398=DIRECTION('ref_axis',(-0.747390788288724,0.,0.664384684938748));
#6399=DIRECTION('',(0.695919243576172,0.,0.718120050145077));
#6400=DIRECTION('',(0.707106781186548,0.,0.707106781186548));
#6401=DIRECTION('',(-0.409111685505772,0.,0.912484317006394));
#6402=DIRECTION('center_axis',(0.,1.,0.));
#6403=DIRECTION('ref_axis',(0.380419614761449,0.,0.924813990327109));
#6404=DIRECTION('',(0.914621998148422,0.,-0.40431003017856));
#6405=DIRECTION('',(0.706880692416632,0.,0.707332797690438));
#6406=DIRECTION('',(0.718120050146925,0.,0.695919243574266));
#6407=DIRECTION('center_axis',(0.,1.,0.));
#6408=DIRECTION('ref_axis',(0.747390530131135,0.,-0.664384975349609));
#6409=DIRECTION('',(-0.695919243573428,0.,-0.718120050147736));
#6410=DIRECTION('',(-0.707106781186548,0.,-0.707106781186547));
#6411=DIRECTION('',(0.408181088702738,0.,-0.912900979748323));
#6412=DIRECTION('center_axis',(0.,1.,0.));
#6413=DIRECTION('ref_axis',(-0.382776553055953,0.,-0.923840955159817));
#6414=DIRECTION('',(-0.913504713405089,0.,0.406828143798689));
#6415=DIRECTION('',(-0.707106781186548,0.,-0.707106781186548));
#6416=DIRECTION('',(-0.71812005014529,0.,-0.695919243575953));
#6417=DIRECTION('center_axis',(0.,1.,0.));
#6418=DIRECTION('ref_axis',(-0.747390788288724,0.,0.664384684938748));
#6419=DIRECTION('',(0.695919243576172,0.,0.718120050145077));
#6420=DIRECTION('',(0.707106781186548,0.,0.707106781186548));
#6421=DIRECTION('',(-0.409111685505772,0.,0.912484317006394));
#6422=DIRECTION('center_axis',(0.,1.,0.));
#6423=DIRECTION('ref_axis',(0.380419614761449,0.,0.924813990327109));
#6424=DIRECTION('',(0.914621998148422,0.,-0.40431003017856));
#6425=DIRECTION('',(0.706880692416632,0.,0.707332797690438));
#6426=DIRECTION('',(0.718120050146925,0.,0.695919243574266));
#6427=DIRECTION('center_axis',(0.,1.,0.));
#6428=DIRECTION('ref_axis',(0.747390530131135,0.,-0.664384975349609));
#6429=DIRECTION('',(-0.695919243573428,0.,-0.718120050147736));
#6430=DIRECTION('',(-0.707106781186548,0.,-0.707106781186547));
#6431=DIRECTION('',(0.408181088702738,0.,-0.912900979748323));
#6432=DIRECTION('center_axis',(0.,1.,0.));
#6433=DIRECTION('ref_axis',(-0.382776553055953,0.,-0.923840955159817));
#6434=DIRECTION('',(-0.913504713405089,0.,0.406828143798689));
#6435=DIRECTION('',(-0.707106781186548,0.,-0.707106781186548));
#6436=DIRECTION('',(-0.71812005014529,0.,-0.695919243575953));
#6437=DIRECTION('center_axis',(0.,1.,0.));
#6438=DIRECTION('ref_axis',(-0.747390788288724,0.,0.664384684938748));
#6439=DIRECTION('',(0.695919243576172,0.,0.718120050145077));
#6440=DIRECTION('',(0.707106781186548,0.,0.707106781186548));
#6441=DIRECTION('',(-0.409111685505772,0.,0.912484317006394));
#6442=DIRECTION('center_axis',(0.,1.,0.));
#6443=DIRECTION('ref_axis',(0.380419614761449,0.,0.924813990327109));
#6444=DIRECTION('',(0.914621998148422,0.,-0.40431003017856));
#6445=DIRECTION('',(0.706880692416632,0.,0.707332797690438));
#6446=DIRECTION('',(0.718120050146925,0.,0.695919243574266));
#6447=DIRECTION('center_axis',(0.,1.,0.));
#6448=DIRECTION('ref_axis',(0.747390530131135,0.,-0.664384975349609));
#6449=DIRECTION('',(-0.695919243573428,0.,-0.718120050147736));
#6450=DIRECTION('',(-0.707106781186548,0.,-0.707106781186547));
#6451=DIRECTION('',(0.408181088702738,0.,-0.912900979748323));
#6452=DIRECTION('center_axis',(0.,1.,0.));
#6453=DIRECTION('ref_axis',(-0.382776553055953,0.,-0.923840955159817));
#6454=DIRECTION('',(-0.913504713405089,0.,0.406828143798689));
#6455=DIRECTION('',(-0.707106781186548,0.,-0.707106781186548));
#6456=DIRECTION('',(-0.71812005014529,0.,-0.695919243575953));
#6457=DIRECTION('center_axis',(0.,1.,0.));
#6458=DIRECTION('ref_axis',(-0.747390788288724,0.,0.664384684938748));
#6459=DIRECTION('',(0.695919243576172,0.,0.718120050145077));
#6460=DIRECTION('',(0.707106781186548,0.,0.707106781186548));
#6461=DIRECTION('',(-0.409111685505772,0.,0.912484317006394));
#6462=DIRECTION('center_axis',(0.,1.,0.));
#6463=DIRECTION('ref_axis',(0.380419614761449,0.,0.924813990327109));
#6464=DIRECTION('',(0.914621998148422,0.,-0.40431003017856));
#6465=DIRECTION('',(0.706880692416632,0.,0.707332797690438));
#6466=DIRECTION('',(0.718120050146925,0.,0.695919243574266));
#6467=DIRECTION('center_axis',(0.,1.,0.));
#6468=DIRECTION('ref_axis',(0.747390530131135,0.,-0.664384975349609));
#6469=DIRECTION('',(-0.695919243573428,0.,-0.718120050147736));
#6470=DIRECTION('',(0.,0.,1.));
#6471=DIRECTION('',(1.,0.,0.));
#6472=DIRECTION('',(-4.08170229641601E-18,0.,-1.));
#6473=DIRECTION('',(-1.,0.,0.));
#6474=DIRECTION('',(0.,0.,1.));
#6475=DIRECTION('',(1.,0.,0.));
#6476=DIRECTION('',(0.,0.,-1.));
#6477=DIRECTION('',(-1.,0.,0.));
#6478=DIRECTION('',(0.,0.,1.));
#6479=DIRECTION('',(1.,0.,0.));
#6480=DIRECTION('',(0.,0.,-1.));
#6481=DIRECTION('',(-1.,0.,0.));
#6482=DIRECTION('',(0.,0.,1.));
#6483=DIRECTION('',(1.,0.,-2.96059473233374E-15));
#6484=DIRECTION('',(0.,0.,-1.));
#6485=DIRECTION('',(-1.,0.,0.));
#6486=DIRECTION('',(0.,0.,1.));
#6487=DIRECTION('',(1.,0.,-2.96059473233374E-15));
#6488=DIRECTION('',(0.,0.,-1.));
#6489=DIRECTION('',(-1.,0.,0.));
#6490=DIRECTION('center_axis',(0.,1.,0.));
#6491=DIRECTION('ref_axis',(-1.,0.,0.));
#6492=DIRECTION('',(0.,0.,-1.));
#6493=DIRECTION('',(0.,0.,1.));
#6494=DIRECTION('center_axis',(1.,0.,0.));
#6495=DIRECTION('ref_axis',(0.,0.,-1.));
#6496=DIRECTION('',(0.,1.,0.));
#6497=DIRECTION('',(0.,0.,-1.));
#6498=DIRECTION('',(0.,1.,0.));
#6499=DIRECTION('center_axis',(0.,0.,1.));
#6500=DIRECTION('ref_axis',(1.,0.,0.));
#6501=DIRECTION('',(1.,0.,0.));
#6502=DIRECTION('',(0.,1.,0.));
#6503=DIRECTION('center_axis',(0.,0.,-1.));
#6504=DIRECTION('ref_axis',(-1.,0.,0.));
#6505=DIRECTION('',(0.,1.,0.));
#6506=DIRECTION('',(-1.,0.,0.));
#6507=DIRECTION('center_axis',(1.,0.,0.));
#6508=DIRECTION('ref_axis',(0.,0.,-1.));
#6509=DIRECTION('',(0.,0.,-1.));
#6510=DIRECTION('center_axis',(0.,1.,0.));
#6511=DIRECTION('ref_axis',(0.,0.,1.));
#6512=DIRECTION('',(-1.18694729796566E-16,0.,-1.));
#6513=DIRECTION('',(-1.,0.,-6.74497584826948E-16));
#6514=DIRECTION('',(9.49557838372525E-17,0.,1.));
#6515=DIRECTION('',(1.,0.,0.));
#6516=DIRECTION('center_axis',(0.,0.,1.));
#6517=DIRECTION('ref_axis',(1.,0.,0.));
#6518=DIRECTION('',(1.,0.,0.));
#6519=DIRECTION('center_axis',(0.,0.,-1.));
#6520=DIRECTION('ref_axis',(-1.,0.,0.));
#6521=DIRECTION('',(-1.,0.,0.));
#6522=DIRECTION('center_axis',(0.,1.,0.));
#6523=DIRECTION('ref_axis',(0.,0.,1.));
#6524=DIRECTION('',(-1.89911567674505E-16,0.,-1.));
#6525=DIRECTION('',(-1.,0.,0.));
#6526=DIRECTION('',(1.89911567674505E-16,0.,1.));
#6527=DIRECTION('',(1.,0.,0.));
#6528=DIRECTION('center_axis',(1.,0.,0.));
#6529=DIRECTION('ref_axis',(0.,0.,-1.));
#6530=DIRECTION('',(0.,1.,0.));
#6531=DIRECTION('',(0.,0.,-1.));
#6532=DIRECTION('',(0.,1.,0.));
#6533=DIRECTION('center_axis',(0.,0.,1.));
#6534=DIRECTION('ref_axis',(1.,0.,0.));
#6535=DIRECTION('',(1.,0.,0.));
#6536=DIRECTION('center_axis',(0.,0.,-1.));
#6537=DIRECTION('ref_axis',(-1.,0.,0.));
#6538=DIRECTION('',(-1.,0.,0.));
#6539=DIRECTION('center_axis',(0.,1.,0.));
#6540=DIRECTION('ref_axis',(0.,0.,1.));
#6541=DIRECTION('',(-1.89911567674505E-16,0.,-1.));
#6542=DIRECTION('',(-1.,0.,-6.74497584826948E-16));
#6543=DIRECTION('',(9.49557838372525E-17,0.,1.));
#6544=DIRECTION('',(1.,0.,0.));
#6545=DIRECTION('center_axis',(0.,0.,1.));
#6546=DIRECTION('ref_axis',(1.,0.,0.));
#6547=DIRECTION('',(0.,1.,0.));
#6548=DIRECTION('',(1.,0.,0.));
#6549=DIRECTION('',(0.,1.,0.));
#6550=DIRECTION('center_axis',(-1.,0.,0.));
#6551=DIRECTION('ref_axis',(0.,0.,1.));
#6552=DIRECTION('',(0.,1.,0.));
#6553=DIRECTION('',(0.,0.,1.));
#6554=DIRECTION('center_axis',(0.,0.,-1.));
#6555=DIRECTION('ref_axis',(-1.,0.,0.));
#6556=DIRECTION('',(0.,1.,0.));
#6557=DIRECTION('',(-1.,0.,0.));
#6558=DIRECTION('center_axis',(1.,0.,0.));
#6559=DIRECTION('ref_axis',(0.,0.,-1.));
#6560=DIRECTION('',(0.,0.,-1.));
#6561=DIRECTION('center_axis',(0.,1.,0.));
#6562=DIRECTION('ref_axis',(0.,0.,1.));
#6563=DIRECTION('',(0.,0.,-1.));
#6564=DIRECTION('',(-1.,0.,-6.74497584826949E-16));
#6565=DIRECTION('',(0.,0.,1.));
#6566=DIRECTION('',(1.,0.,0.));
#6567=DIRECTION('center_axis',(1.,0.,0.));
#6568=DIRECTION('ref_axis',(0.,0.,-1.));
#6569=DIRECTION('',(0.,1.,0.));
#6570=DIRECTION('',(0.,0.,-1.));
#6571=DIRECTION('',(0.,1.,0.));
#6572=DIRECTION('center_axis',(0.,0.,1.));
#6573=DIRECTION('ref_axis',(1.,0.,0.));
#6574=DIRECTION('',(0.,1.,0.));
#6575=DIRECTION('',(1.,0.,0.));
#6576=DIRECTION('center_axis',(-1.,0.,0.));
#6577=DIRECTION('ref_axis',(0.,0.,1.));
#6578=DIRECTION('',(0.,1.,0.));
#6579=DIRECTION('',(0.,0.,1.));
#6580=DIRECTION('center_axis',(0.,0.,-1.));
#6581=DIRECTION('ref_axis',(-1.,0.,0.));
#6582=DIRECTION('',(-1.,0.,0.));
#6583=DIRECTION('center_axis',(0.,1.,0.));
#6584=DIRECTION('ref_axis',(0.,0.,1.));
#6585=DIRECTION('',(-3.7982313534901E-16,0.,-1.));
#6586=DIRECTION('',(-1.,0.,-6.74497584826949E-16));
#6587=DIRECTION('',(3.7982313534901E-16,0.,1.));
#6588=DIRECTION('',(1.,0.,0.));
#6589=DIRECTION('center_axis',(-6.74497584826948E-16,0.,1.));
#6590=DIRECTION('ref_axis',(-1.,0.,-6.74497584826948E-16));
#6591=DIRECTION('',(0.,-1.,0.));
#6592=DIRECTION('',(0.,-1.,0.));
#6593=DIRECTION('center_axis',(-1.,0.,1.18694729796566E-16));
#6594=DIRECTION('ref_axis',(-1.18694729796566E-16,0.,-1.));
#6595=DIRECTION('',(0.,-1.,0.));
#6596=DIRECTION('center_axis',(0.,0.,1.));
#6597=DIRECTION('ref_axis',(-1.,0.,0.));
#6598=DIRECTION('',(0.,-1.,0.));
#6599=DIRECTION('',(0.,-1.,0.));
#6600=DIRECTION('center_axis',(-1.,0.,1.89911567674505E-16));
#6601=DIRECTION('ref_axis',(-1.89911567674505E-16,0.,-1.));
#6602=DIRECTION('',(0.,-1.,0.));
#6603=DIRECTION('center_axis',(-6.74497584826948E-16,0.,1.));
#6604=DIRECTION('ref_axis',(-1.,0.,-6.74497584826948E-16));
#6605=DIRECTION('',(0.,-1.,0.));
#6606=DIRECTION('',(0.,-1.,0.));
#6607=DIRECTION('center_axis',(-1.,0.,1.89911567674505E-16));
#6608=DIRECTION('ref_axis',(-1.89911567674505E-16,0.,-1.));
#6609=DIRECTION('',(0.,-1.,0.));
#6610=DIRECTION('center_axis',(-6.74497584826949E-16,0.,1.));
#6611=DIRECTION('ref_axis',(-1.,0.,-6.74497584826949E-16));
#6612=DIRECTION('',(0.,-1.,0.));
#6613=DIRECTION('',(0.,-1.,0.));
#6614=DIRECTION('center_axis',(-1.,0.,0.));
#6615=DIRECTION('ref_axis',(0.,0.,-1.));
#6616=DIRECTION('',(0.,-1.,0.));
#6617=DIRECTION('center_axis',(-6.74497584826949E-16,0.,1.));
#6618=DIRECTION('ref_axis',(-1.,0.,-6.74497584826949E-16));
#6619=DIRECTION('',(0.,-1.,0.));
#6620=DIRECTION('',(0.,-1.,0.));
#6621=DIRECTION('center_axis',(-1.,0.,3.7982313534901E-16));
#6622=DIRECTION('ref_axis',(-3.7982313534901E-16,0.,-1.));
#6623=DIRECTION('',(0.,-1.,0.));
#6624=DIRECTION('center_axis',(1.,0.,-9.49557838372525E-17));
#6625=DIRECTION('ref_axis',(9.49557838372525E-17,0.,1.));
#6626=DIRECTION('',(0.,-1.,0.));
#6627=DIRECTION('center_axis',(0.,0.,-1.));
#6628=DIRECTION('ref_axis',(1.,0.,0.));
#6629=DIRECTION('center_axis',(1.,0.,-9.49557838372525E-17));
#6630=DIRECTION('ref_axis',(9.49557838372525E-17,0.,1.));
#6631=DIRECTION('',(0.,-1.,0.));
#6632=DIRECTION('center_axis',(0.,0.,-1.));
#6633=DIRECTION('ref_axis',(1.,0.,0.));
#6634=DIRECTION('center_axis',(1.,0.,-1.89911567674505E-16));
#6635=DIRECTION('ref_axis',(1.89911567674505E-16,0.,1.));
#6636=DIRECTION('',(0.,-1.,0.));
#6637=DIRECTION('center_axis',(0.,0.,-1.));
#6638=DIRECTION('ref_axis',(1.,0.,0.));
#6639=DIRECTION('center_axis',(1.,0.,-3.7982313534901E-16));
#6640=DIRECTION('ref_axis',(3.7982313534901E-16,0.,1.));
#6641=DIRECTION('',(0.,-1.,0.));
#6642=DIRECTION('center_axis',(0.,0.,-1.));
#6643=DIRECTION('ref_axis',(1.,0.,0.));
#6644=DIRECTION('center_axis',(1.,0.,0.));
#6645=DIRECTION('ref_axis',(0.,0.,1.));
#6646=DIRECTION('',(0.,-1.,0.));
#6647=DIRECTION('center_axis',(0.,0.,-1.));
#6648=DIRECTION('ref_axis',(1.,0.,0.));
#6649=DIRECTION('center_axis',(0.,-1.,0.));
#6650=DIRECTION('ref_axis',(1.,0.,0.));
#6651=DIRECTION('center_axis',(0.,1.,0.));
#6652=DIRECTION('ref_axis',(1.,0.,0.));
#6653=DIRECTION('',(0.,1.,0.));
#6654=DIRECTION('center_axis',(0.,-1.,0.));
#6655=DIRECTION('ref_axis',(1.,0.,0.));
#6656=DIRECTION('center_axis',(1.,0.,2.96059574045667E-15));
#6657=DIRECTION('ref_axis',(-2.96059574045667E-15,0.,1.));
#6658=DIRECTION('',(0.,-1.,0.));
#6659=DIRECTION('',(-2.96059574045667E-15,0.,1.));
#6660=DIRECTION('',(0.,-1.,0.));
#6661=DIRECTION('center_axis',(-3.70074453771062E-14,0.,1.));
#6662=DIRECTION('ref_axis',(-1.,0.,-3.70074453771062E-14));
#6663=DIRECTION('',(-1.,0.,-3.70074453771062E-14));
#6664=DIRECTION('',(0.,-1.,0.));
#6665=DIRECTION('center_axis',(0.,-1.,0.));
#6666=DIRECTION('ref_axis',(0.999999999999966,0.,-2.60770294246972E-7));
#6667=DIRECTION('center_axis',(0.,-1.,0.));
#6668=DIRECTION('ref_axis',(0.999999999999966,0.,-2.60770294246972E-7));
#6669=DIRECTION('center_axis',(0.,-1.,0.));
#6670=DIRECTION('ref_axis',(1.,0.,0.));
#6671=DIRECTION('',(-1.,0.,-4.5914308816835E-15));
#6672=DIRECTION('center_axis',(0.,-1.,0.));
#6673=DIRECTION('ref_axis',(1.,0.,0.));
#6674=DIRECTION('center_axis',(0.,1.,0.));
#6675=DIRECTION('ref_axis',(1.,0.,0.));
#6676=DIRECTION('',(0.,1.,0.));
#6677=DIRECTION('center_axis',(0.,-1.,0.));
#6678=DIRECTION('ref_axis',(1.,0.,0.));
#6679=DIRECTION('center_axis',(3.80647894157201E-14,0.,-1.));
#6680=DIRECTION('ref_axis',(1.,0.,3.80647894157201E-14));
#6681=DIRECTION('',(0.,-1.,0.));
#6682=DIRECTION('',(1.,0.,3.80647894157201E-14));
#6683=DIRECTION('center_axis',(1.,0.,-2.53765338655316E-15));
#6684=DIRECTION('ref_axis',(2.53765338655316E-15,0.,1.));
#6685=DIRECTION('',(0.,1.,0.));
#6686=DIRECTION('',(2.53765338655316E-15,0.,1.));
#6687=DIRECTION('',(0.,-1.,0.));
#6688=DIRECTION('center_axis',(0.,-1.,0.));
#6689=DIRECTION('ref_axis',(3.77475828372554E-14,0.,-1.));
#6690=DIRECTION('center_axis',(0.,-1.,0.));
#6691=DIRECTION('ref_axis',(3.77475828372554E-14,0.,-1.));
#6692=DIRECTION('center_axis',(0.,-1.,0.));
#6693=DIRECTION('ref_axis',(1.,0.,0.));
#6694=DIRECTION('',(1.,0.,0.));
#6695=DIRECTION('center_axis',(0.,1.,0.));
#6696=DIRECTION('ref_axis',(-1.,0.,0.));
#6697=DIRECTION('center_axis',(0.,-1.,0.));
#6698=DIRECTION('ref_axis',(1.,0.,0.));
#6699=DIRECTION('center_axis',(0.,1.,0.));
#6700=DIRECTION('ref_axis',(1.,0.,0.));
#6701=DIRECTION('',(0.,1.,0.));
#6702=DIRECTION('center_axis',(0.,-1.,0.));
#6703=DIRECTION('ref_axis',(1.,0.,0.));
#6704=DIRECTION('center_axis',(4.29286366374032E-14,0.,1.));
#6705=DIRECTION('ref_axis',(-1.,0.,4.29286366374032E-14));
#6706=DIRECTION('',(0.,-1.,0.));
#6707=DIRECTION('',(-1.,0.,4.29286366374032E-14));
#6708=DIRECTION('center_axis',(-1.,0.,-2.96059574045685E-15));
#6709=DIRECTION('ref_axis',(2.96059574045685E-15,0.,-1.));
#6710=DIRECTION('',(0.,1.,0.));
#6711=DIRECTION('',(2.96059574045685E-15,0.,-1.));
#6712=DIRECTION('',(0.,-1.,0.));
#6713=DIRECTION('center_axis',(0.,-1.,0.));
#6714=DIRECTION('ref_axis',(2.04890977517631E-7,0.,0.999999999999979));
#6715=DIRECTION('center_axis',(0.,-1.,0.));
#6716=DIRECTION('ref_axis',(2.04890977517631E-7,0.,0.999999999999979));
#6717=DIRECTION('center_axis',(0.,-1.,0.));
#6718=DIRECTION('ref_axis',(1.,0.,0.));
#6719=DIRECTION('',(-1.,0.,-4.5914308816835E-15));
#6720=DIRECTION('center_axis',(0.,1.,0.));
#6721=DIRECTION('ref_axis',(-1.,0.,0.));
#6722=DIRECTION('center_axis',(0.,-1.,0.));
#6723=DIRECTION('ref_axis',(1.,0.,0.));
#6724=DIRECTION('center_axis',(0.,1.,0.));
#6725=DIRECTION('ref_axis',(1.,0.,0.));
#6726=DIRECTION('',(0.,1.,0.));
#6727=DIRECTION('center_axis',(0.,-1.,0.));
#6728=DIRECTION('ref_axis',(1.,0.,0.));
#6729=DIRECTION('center_axis',(-1.,0.,8.47457189166509E-9));
#6730=DIRECTION('ref_axis',(-8.47457189166509E-9,0.,-1.));
#6731=DIRECTION('',(0.,-1.,0.));
#6732=DIRECTION('',(-8.47457189166509E-9,0.,-1.));
#6733=DIRECTION('',(0.,-1.,0.));
#6734=DIRECTION('center_axis',(-4.56777734003661E-14,0.,-1.));
#6735=DIRECTION('ref_axis',(1.,0.,-4.56777734003661E-14));
#6736=DIRECTION('',(1.,0.,-4.56777734003661E-14));
#6737=DIRECTION('',(0.,-1.,0.));
#6738=DIRECTION('center_axis',(0.,-1.,0.));
#6739=DIRECTION('ref_axis',(-1.,0.,8.47457191179141E-9));
#6740=DIRECTION('center_axis',(0.,-1.,0.));
#6741=DIRECTION('ref_axis',(-1.,0.,8.47457191179141E-9));
#6742=DIRECTION('center_axis',(0.,-1.,0.));
#6743=DIRECTION('ref_axis',(1.,0.,0.));
#6744=DIRECTION('',(1.,0.,0.));
#6745=DIRECTION('center_axis',(0.,1.,0.));
#6746=DIRECTION('ref_axis',(-1.,0.,0.));
#6747=DIRECTION('center_axis',(0.707106781186547,0.,-0.707106781186548));
#6748=DIRECTION('ref_axis',(-0.707106781186548,0.,-0.707106781186547));
#6749=DIRECTION('',(0.,1.,0.));
#6750=DIRECTION('',(-0.707106781186548,0.,-0.707106781186547));
#6751=DIRECTION('',(0.,1.,0.));
#6752=DIRECTION('center_axis',(0.718120050147736,0.,-0.695919243573428));
#6753=DIRECTION('ref_axis',(-0.695919243573428,0.,-0.718120050147736));
#6754=DIRECTION('',(0.,1.,0.));
#6755=DIRECTION('',(-0.695919243573428,0.,-0.718120050147736));
#6756=DIRECTION('center_axis',(0.,1.,0.));
#6757=DIRECTION('ref_axis',(0.747390530131135,0.,-0.664384975349609));
#6758=DIRECTION('',(0.,1.,0.));
#6759=DIRECTION('center_axis',(0.,1.,0.));
#6760=DIRECTION('ref_axis',(0.747390530131135,0.,-0.664384975349609));
#6761=DIRECTION('center_axis',(-0.695919243574266,0.,0.718120050146925));
#6762=DIRECTION('ref_axis',(0.718120050146925,0.,0.695919243574266));
#6763=DIRECTION('',(0.,1.,0.));
#6764=DIRECTION('',(0.718120050146925,0.,0.695919243574266));
#6765=DIRECTION('center_axis',(-0.707332797690438,0.,0.706880692416632));
#6766=DIRECTION('ref_axis',(0.706880692416632,0.,0.707332797690438));
#6767=DIRECTION('',(0.,1.,0.));
#6768=DIRECTION('',(0.706880692416632,0.,0.707332797690438));
#6769=DIRECTION('center_axis',(0.40431003017856,0.,0.914621998148422));
#6770=DIRECTION('ref_axis',(0.914621998148422,0.,-0.40431003017856));
#6771=DIRECTION('',(0.,1.,0.));
#6772=DIRECTION('',(0.914621998148422,0.,-0.40431003017856));
#6773=DIRECTION('center_axis',(0.,1.,0.));
#6774=DIRECTION('ref_axis',(0.380419614761449,0.,0.924813990327109));
#6775=DIRECTION('',(0.,1.,0.));
#6776=DIRECTION('center_axis',(0.,1.,0.));
#6777=DIRECTION('ref_axis',(0.380419614761449,0.,0.924813990327109));
#6778=DIRECTION('center_axis',(-0.912484317006394,0.,-0.409111685505773));
#6779=DIRECTION('ref_axis',(-0.409111685505772,0.,0.912484317006394));
#6780=DIRECTION('',(0.,1.,0.));
#6781=DIRECTION('',(-0.409111685505773,0.,0.912484317006394));
#6782=DIRECTION('center_axis',(-0.707106781186548,0.,0.707106781186548));
#6783=DIRECTION('ref_axis',(0.707106781186548,0.,0.707106781186548));
#6784=DIRECTION('',(0.,1.,0.));
#6785=DIRECTION('',(0.707106781186548,0.,0.707106781186548));
#6786=DIRECTION('center_axis',(-0.718120050145077,0.,0.695919243576172));
#6787=DIRECTION('ref_axis',(0.695919243576172,0.,0.718120050145077));
#6788=DIRECTION('',(0.,1.,0.));
#6789=DIRECTION('',(0.695919243576172,0.,0.718120050145077));
#6790=DIRECTION('center_axis',(0.,1.,0.));
#6791=DIRECTION('ref_axis',(-0.747390788288724,0.,0.664384684938748));
#6792=DIRECTION('',(0.,1.,0.));
#6793=DIRECTION('center_axis',(0.,1.,0.));
#6794=DIRECTION('ref_axis',(-0.747390788288724,0.,0.664384684938748));
#6795=DIRECTION('center_axis',(0.695919243575953,0.,-0.71812005014529));
#6796=DIRECTION('ref_axis',(-0.71812005014529,0.,-0.695919243575953));
#6797=DIRECTION('',(0.,1.,0.));
#6798=DIRECTION('',(-0.71812005014529,0.,-0.695919243575953));
#6799=DIRECTION('center_axis',(0.707106781186548,0.,-0.707106781186548));
#6800=DIRECTION('ref_axis',(-0.707106781186548,0.,-0.707106781186548));
#6801=DIRECTION('',(0.,1.,0.));
#6802=DIRECTION('',(-0.707106781186548,0.,-0.707106781186548));
#6803=DIRECTION('center_axis',(-0.406828143798689,0.,-0.913504713405089));
#6804=DIRECTION('ref_axis',(-0.913504713405089,0.,0.406828143798689));
#6805=DIRECTION('',(0.,1.,0.));
#6806=DIRECTION('',(-0.913504713405089,0.,0.406828143798689));
#6807=DIRECTION('center_axis',(0.,1.,0.));
#6808=DIRECTION('ref_axis',(-0.382776553055953,0.,-0.923840955159817));
#6809=DIRECTION('',(0.,1.,0.));
#6810=DIRECTION('center_axis',(0.,1.,0.));
#6811=DIRECTION('ref_axis',(-0.382776553055953,0.,-0.923840955159817));
#6812=DIRECTION('center_axis',(0.912900979748323,0.,0.408181088702738));
#6813=DIRECTION('ref_axis',(0.408181088702738,0.,-0.912900979748323));
#6814=DIRECTION('',(0.408181088702738,0.,-0.912900979748323));
#6815=DIRECTION('center_axis',(0.,-1.,0.));
#6816=DIRECTION('ref_axis',(1.,0.,0.));
#6817=DIRECTION('center_axis',(0.707106781186547,0.,-0.707106781186548));
#6818=DIRECTION('ref_axis',(-0.707106781186548,0.,-0.707106781186547));
#6819=DIRECTION('',(0.,1.,0.));
#6820=DIRECTION('',(-0.707106781186548,0.,-0.707106781186547));
#6821=DIRECTION('',(0.,1.,0.));
#6822=DIRECTION('center_axis',(0.718120050147736,0.,-0.695919243573428));
#6823=DIRECTION('ref_axis',(-0.695919243573428,0.,-0.718120050147736));
#6824=DIRECTION('',(0.,1.,0.));
#6825=DIRECTION('',(-0.695919243573428,0.,-0.718120050147736));
#6826=DIRECTION('center_axis',(0.,1.,0.));
#6827=DIRECTION('ref_axis',(0.747390530131135,0.,-0.664384975349609));
#6828=DIRECTION('',(0.,1.,0.));
#6829=DIRECTION('center_axis',(0.,1.,0.));
#6830=DIRECTION('ref_axis',(0.747390530131135,0.,-0.664384975349609));
#6831=DIRECTION('center_axis',(-0.695919243574266,0.,0.718120050146925));
#6832=DIRECTION('ref_axis',(0.718120050146925,0.,0.695919243574266));
#6833=DIRECTION('',(0.,1.,0.));
#6834=DIRECTION('',(0.718120050146925,0.,0.695919243574266));
#6835=DIRECTION('center_axis',(-0.707332797690438,0.,0.706880692416632));
#6836=DIRECTION('ref_axis',(0.706880692416632,0.,0.707332797690438));
#6837=DIRECTION('',(0.,1.,0.));
#6838=DIRECTION('',(0.706880692416632,0.,0.707332797690438));
#6839=DIRECTION('center_axis',(0.40431003017856,0.,0.914621998148422));
#6840=DIRECTION('ref_axis',(0.914621998148422,0.,-0.40431003017856));
#6841=DIRECTION('',(0.,1.,0.));
#6842=DIRECTION('',(0.914621998148422,0.,-0.40431003017856));
#6843=DIRECTION('center_axis',(0.,1.,0.));
#6844=DIRECTION('ref_axis',(0.380419614761449,0.,0.924813990327109));
#6845=DIRECTION('',(0.,1.,0.));
#6846=DIRECTION('center_axis',(0.,1.,0.));
#6847=DIRECTION('ref_axis',(0.380419614761449,0.,0.924813990327109));
#6848=DIRECTION('center_axis',(-0.912484317006394,0.,-0.409111685505773));
#6849=DIRECTION('ref_axis',(-0.409111685505772,0.,0.912484317006394));
#6850=DIRECTION('',(0.,1.,0.));
#6851=DIRECTION('',(-0.409111685505773,0.,0.912484317006394));
#6852=DIRECTION('center_axis',(-0.707106781186548,0.,0.707106781186548));
#6853=DIRECTION('ref_axis',(0.707106781186548,0.,0.707106781186548));
#6854=DIRECTION('',(0.,1.,0.));
#6855=DIRECTION('',(0.707106781186548,0.,0.707106781186548));
#6856=DIRECTION('center_axis',(-0.718120050145077,0.,0.695919243576172));
#6857=DIRECTION('ref_axis',(0.695919243576172,0.,0.718120050145077));
#6858=DIRECTION('',(0.,1.,0.));
#6859=DIRECTION('',(0.695919243576172,0.,0.718120050145077));
#6860=DIRECTION('center_axis',(0.,1.,0.));
#6861=DIRECTION('ref_axis',(-0.747390788288724,0.,0.664384684938748));
#6862=DIRECTION('',(0.,1.,0.));
#6863=DIRECTION('center_axis',(0.,1.,0.));
#6864=DIRECTION('ref_axis',(-0.747390788288724,0.,0.664384684938748));
#6865=DIRECTION('center_axis',(0.695919243575953,0.,-0.71812005014529));
#6866=DIRECTION('ref_axis',(-0.71812005014529,0.,-0.695919243575953));
#6867=DIRECTION('',(0.,1.,0.));
#6868=DIRECTION('',(-0.71812005014529,0.,-0.695919243575953));
#6869=DIRECTION('center_axis',(0.707106781186548,0.,-0.707106781186548));
#6870=DIRECTION('ref_axis',(-0.707106781186548,0.,-0.707106781186548));
#6871=DIRECTION('',(0.,1.,0.));
#6872=DIRECTION('',(-0.707106781186548,0.,-0.707106781186548));
#6873=DIRECTION('center_axis',(-0.406828143798689,0.,-0.913504713405089));
#6874=DIRECTION('ref_axis',(-0.913504713405089,0.,0.406828143798689));
#6875=DIRECTION('',(0.,1.,0.));
#6876=DIRECTION('',(-0.913504713405089,0.,0.406828143798689));
#6877=DIRECTION('center_axis',(0.,1.,0.));
#6878=DIRECTION('ref_axis',(-0.382776553055953,0.,-0.923840955159817));
#6879=DIRECTION('',(0.,1.,0.));
#6880=DIRECTION('center_axis',(0.,1.,0.));
#6881=DIRECTION('ref_axis',(-0.382776553055953,0.,-0.923840955159817));
#6882=DIRECTION('center_axis',(0.912900979748323,0.,0.408181088702738));
#6883=DIRECTION('ref_axis',(0.408181088702738,0.,-0.912900979748323));
#6884=DIRECTION('',(0.408181088702738,0.,-0.912900979748323));
#6885=DIRECTION('center_axis',(0.,-1.,0.));
#6886=DIRECTION('ref_axis',(1.,0.,0.));
#6887=DIRECTION('center_axis',(0.707106781186547,0.,-0.707106781186548));
#6888=DIRECTION('ref_axis',(-0.707106781186548,0.,-0.707106781186547));
#6889=DIRECTION('',(0.,1.,0.));
#6890=DIRECTION('',(-0.707106781186548,0.,-0.707106781186547));
#6891=DIRECTION('',(0.,1.,0.));
#6892=DIRECTION('center_axis',(0.718120050147736,0.,-0.695919243573428));
#6893=DIRECTION('ref_axis',(-0.695919243573428,0.,-0.718120050147736));
#6894=DIRECTION('',(0.,1.,0.));
#6895=DIRECTION('',(-0.695919243573428,0.,-0.718120050147736));
#6896=DIRECTION('center_axis',(0.,1.,0.));
#6897=DIRECTION('ref_axis',(0.747390530131135,0.,-0.664384975349609));
#6898=DIRECTION('',(0.,1.,0.));
#6899=DIRECTION('center_axis',(0.,1.,0.));
#6900=DIRECTION('ref_axis',(0.747390530131135,0.,-0.664384975349609));
#6901=DIRECTION('center_axis',(-0.695919243574266,0.,0.718120050146925));
#6902=DIRECTION('ref_axis',(0.718120050146925,0.,0.695919243574266));
#6903=DIRECTION('',(0.,1.,0.));
#6904=DIRECTION('',(0.718120050146925,0.,0.695919243574266));
#6905=DIRECTION('center_axis',(-0.707332797690438,0.,0.706880692416632));
#6906=DIRECTION('ref_axis',(0.706880692416632,0.,0.707332797690438));
#6907=DIRECTION('',(0.,1.,0.));
#6908=DIRECTION('',(0.706880692416632,0.,0.707332797690438));
#6909=DIRECTION('center_axis',(0.40431003017856,0.,0.914621998148422));
#6910=DIRECTION('ref_axis',(0.914621998148422,0.,-0.40431003017856));
#6911=DIRECTION('',(0.,1.,0.));
#6912=DIRECTION('',(0.914621998148422,0.,-0.40431003017856));
#6913=DIRECTION('center_axis',(0.,1.,0.));
#6914=DIRECTION('ref_axis',(0.380419614761449,0.,0.924813990327109));
#6915=DIRECTION('',(0.,1.,0.));
#6916=DIRECTION('center_axis',(0.,1.,0.));
#6917=DIRECTION('ref_axis',(0.380419614761449,0.,0.924813990327109));
#6918=DIRECTION('center_axis',(-0.912484317006394,0.,-0.409111685505773));
#6919=DIRECTION('ref_axis',(-0.409111685505772,0.,0.912484317006394));
#6920=DIRECTION('',(0.,1.,0.));
#6921=DIRECTION('',(-0.409111685505773,0.,0.912484317006394));
#6922=DIRECTION('center_axis',(-0.707106781186548,0.,0.707106781186548));
#6923=DIRECTION('ref_axis',(0.707106781186548,0.,0.707106781186548));
#6924=DIRECTION('',(0.,1.,0.));
#6925=DIRECTION('',(0.707106781186548,0.,0.707106781186548));
#6926=DIRECTION('center_axis',(-0.718120050145077,0.,0.695919243576172));
#6927=DIRECTION('ref_axis',(0.695919243576172,0.,0.718120050145077));
#6928=DIRECTION('',(0.,1.,0.));
#6929=DIRECTION('',(0.695919243576172,0.,0.718120050145077));
#6930=DIRECTION('center_axis',(0.,1.,0.));
#6931=DIRECTION('ref_axis',(-0.747390788288724,0.,0.664384684938748));
#6932=DIRECTION('',(0.,1.,0.));
#6933=DIRECTION('center_axis',(0.,1.,0.));
#6934=DIRECTION('ref_axis',(-0.747390788288724,0.,0.664384684938748));
#6935=DIRECTION('center_axis',(0.695919243575953,0.,-0.71812005014529));
#6936=DIRECTION('ref_axis',(-0.71812005014529,0.,-0.695919243575953));
#6937=DIRECTION('',(0.,1.,0.));
#6938=DIRECTION('',(-0.71812005014529,0.,-0.695919243575953));
#6939=DIRECTION('center_axis',(0.707106781186548,0.,-0.707106781186548));
#6940=DIRECTION('ref_axis',(-0.707106781186548,0.,-0.707106781186548));
#6941=DIRECTION('',(0.,1.,0.));
#6942=DIRECTION('',(-0.707106781186548,0.,-0.707106781186548));
#6943=DIRECTION('center_axis',(-0.406828143798689,0.,-0.913504713405089));
#6944=DIRECTION('ref_axis',(-0.913504713405089,0.,0.406828143798689));
#6945=DIRECTION('',(0.,1.,0.));
#6946=DIRECTION('',(-0.913504713405089,0.,0.406828143798689));
#6947=DIRECTION('center_axis',(0.,1.,0.));
#6948=DIRECTION('ref_axis',(-0.382776553055953,0.,-0.923840955159817));
#6949=DIRECTION('',(0.,1.,0.));
#6950=DIRECTION('center_axis',(0.,1.,0.));
#6951=DIRECTION('ref_axis',(-0.382776553055953,0.,-0.923840955159817));
#6952=DIRECTION('center_axis',(0.912900979748323,0.,0.408181088702738));
#6953=DIRECTION('ref_axis',(0.408181088702738,0.,-0.912900979748323));
#6954=DIRECTION('',(0.408181088702738,0.,-0.912900979748323));
#6955=DIRECTION('center_axis',(0.,-1.,0.));
#6956=DIRECTION('ref_axis',(1.,0.,0.));
#6957=DIRECTION('center_axis',(0.707106781186547,0.,-0.707106781186548));
#6958=DIRECTION('ref_axis',(-0.707106781186548,0.,-0.707106781186547));
#6959=DIRECTION('',(0.,1.,0.));
#6960=DIRECTION('',(-0.707106781186548,0.,-0.707106781186547));
#6961=DIRECTION('',(0.,1.,0.));
#6962=DIRECTION('center_axis',(0.718120050147736,0.,-0.695919243573428));
#6963=DIRECTION('ref_axis',(-0.695919243573428,0.,-0.718120050147736));
#6964=DIRECTION('',(0.,1.,0.));
#6965=DIRECTION('',(-0.695919243573428,0.,-0.718120050147736));
#6966=DIRECTION('center_axis',(0.,1.,0.));
#6967=DIRECTION('ref_axis',(0.747390530131135,0.,-0.664384975349609));
#6968=DIRECTION('',(0.,1.,0.));
#6969=DIRECTION('center_axis',(0.,1.,0.));
#6970=DIRECTION('ref_axis',(0.747390530131135,0.,-0.664384975349609));
#6971=DIRECTION('center_axis',(-0.695919243574266,0.,0.718120050146925));
#6972=DIRECTION('ref_axis',(0.718120050146925,0.,0.695919243574266));
#6973=DIRECTION('',(0.,1.,0.));
#6974=DIRECTION('',(0.718120050146925,0.,0.695919243574266));
#6975=DIRECTION('center_axis',(-0.707332797690438,0.,0.706880692416632));
#6976=DIRECTION('ref_axis',(0.706880692416632,0.,0.707332797690438));
#6977=DIRECTION('',(0.,1.,0.));
#6978=DIRECTION('',(0.706880692416632,0.,0.707332797690438));
#6979=DIRECTION('center_axis',(0.40431003017856,0.,0.914621998148422));
#6980=DIRECTION('ref_axis',(0.914621998148422,0.,-0.40431003017856));
#6981=DIRECTION('',(0.,1.,0.));
#6982=DIRECTION('',(0.914621998148422,0.,-0.40431003017856));
#6983=DIRECTION('center_axis',(0.,1.,0.));
#6984=DIRECTION('ref_axis',(0.380419614761449,0.,0.924813990327109));
#6985=DIRECTION('',(0.,1.,0.));
#6986=DIRECTION('center_axis',(0.,1.,0.));
#6987=DIRECTION('ref_axis',(0.380419614761449,0.,0.924813990327109));
#6988=DIRECTION('center_axis',(-0.912484317006394,0.,-0.409111685505773));
#6989=DIRECTION('ref_axis',(-0.409111685505772,0.,0.912484317006394));
#6990=DIRECTION('',(0.,1.,0.));
#6991=DIRECTION('',(-0.409111685505773,0.,0.912484317006394));
#6992=DIRECTION('center_axis',(-0.707106781186548,0.,0.707106781186548));
#6993=DIRECTION('ref_axis',(0.707106781186548,0.,0.707106781186548));
#6994=DIRECTION('',(0.,1.,0.));
#6995=DIRECTION('',(0.707106781186548,0.,0.707106781186548));
#6996=DIRECTION('center_axis',(-0.718120050145077,0.,0.695919243576172));
#6997=DIRECTION('ref_axis',(0.695919243576172,0.,0.718120050145077));
#6998=DIRECTION('',(0.,1.,0.));
#6999=DIRECTION('',(0.695919243576172,0.,0.718120050145077));
#7000=DIRECTION('center_axis',(0.,1.,0.));
#7001=DIRECTION('ref_axis',(-0.747390788288724,0.,0.664384684938748));
#7002=DIRECTION('',(0.,1.,0.));
#7003=DIRECTION('center_axis',(0.,1.,0.));
#7004=DIRECTION('ref_axis',(-0.747390788288724,0.,0.664384684938748));
#7005=DIRECTION('center_axis',(0.695919243575953,0.,-0.71812005014529));
#7006=DIRECTION('ref_axis',(-0.71812005014529,0.,-0.695919243575953));
#7007=DIRECTION('',(0.,1.,0.));
#7008=DIRECTION('',(-0.71812005014529,0.,-0.695919243575953));
#7009=DIRECTION('center_axis',(0.707106781186548,0.,-0.707106781186548));
#7010=DIRECTION('ref_axis',(-0.707106781186548,0.,-0.707106781186548));
#7011=DIRECTION('',(0.,1.,0.));
#7012=DIRECTION('',(-0.707106781186548,0.,-0.707106781186548));
#7013=DIRECTION('center_axis',(-0.406828143798689,0.,-0.913504713405089));
#7014=DIRECTION('ref_axis',(-0.913504713405089,0.,0.406828143798689));
#7015=DIRECTION('',(0.,1.,0.));
#7016=DIRECTION('',(-0.913504713405089,0.,0.406828143798689));
#7017=DIRECTION('center_axis',(0.,1.,0.));
#7018=DIRECTION('ref_axis',(-0.382776553055953,0.,-0.923840955159817));
#7019=DIRECTION('',(0.,1.,0.));
#7020=DIRECTION('center_axis',(0.,1.,0.));
#7021=DIRECTION('ref_axis',(-0.382776553055953,0.,-0.923840955159817));
#7022=DIRECTION('center_axis',(0.912900979748323,0.,0.408181088702738));
#7023=DIRECTION('ref_axis',(0.408181088702738,0.,-0.912900979748323));
#7024=DIRECTION('',(0.408181088702738,0.,-0.912900979748323));
#7025=DIRECTION('center_axis',(0.,-1.,0.));
#7026=DIRECTION('ref_axis',(1.,0.,0.));
#7027=DIRECTION('center_axis',(0.707106781186546,0.,-0.707106781186549));
#7028=DIRECTION('ref_axis',(-0.707106781186549,0.,-0.707106781186546));
#7029=DIRECTION('',(0.,1.,0.));
#7030=DIRECTION('',(-0.707106781186549,0.,-0.707106781186546));
#7031=DIRECTION('',(0.,1.,0.));
#7032=DIRECTION('center_axis',(0.718120050147762,0.,-0.695919243573402));
#7033=DIRECTION('ref_axis',(-0.695919243573402,0.,-0.718120050147762));
#7034=DIRECTION('',(0.,1.,0.));
#7035=DIRECTION('',(-0.695919243573402,0.,-0.718120050147762));
#7036=DIRECTION('center_axis',(0.,1.,0.));
#7037=DIRECTION('ref_axis',(0.747390530131135,0.,-0.664384975349609));
#7038=DIRECTION('',(0.,1.,0.));
#7039=DIRECTION('center_axis',(0.,1.,0.));
#7040=DIRECTION('ref_axis',(0.747390530131135,0.,-0.664384975349609));
#7041=DIRECTION('center_axis',(-0.695919243574266,0.,0.718120050146925));
#7042=DIRECTION('ref_axis',(0.718120050146925,0.,0.695919243574266));
#7043=DIRECTION('',(0.,1.,0.));
#7044=DIRECTION('',(0.718120050146925,0.,0.695919243574266));
#7045=DIRECTION('center_axis',(-0.707332797690438,0.,0.706880692416632));
#7046=DIRECTION('ref_axis',(0.706880692416632,0.,0.707332797690438));
#7047=DIRECTION('',(0.,1.,0.));
#7048=DIRECTION('',(0.706880692416632,0.,0.707332797690438));
#7049=DIRECTION('center_axis',(0.40431003017856,0.,0.914621998148422));
#7050=DIRECTION('ref_axis',(0.914621998148422,0.,-0.40431003017856));
#7051=DIRECTION('',(0.,1.,0.));
#7052=DIRECTION('',(0.914621998148422,0.,-0.40431003017856));
#7053=DIRECTION('center_axis',(0.,1.,0.));
#7054=DIRECTION('ref_axis',(0.380419614761449,0.,0.924813990327109));
#7055=DIRECTION('',(0.,1.,0.));
#7056=DIRECTION('center_axis',(0.,1.,0.));
#7057=DIRECTION('ref_axis',(0.380419614761449,0.,0.924813990327109));
#7058=DIRECTION('center_axis',(-0.912484317006394,0.,-0.409111685505773));
#7059=DIRECTION('ref_axis',(-0.409111685505772,0.,0.912484317006394));
#7060=DIRECTION('',(0.,1.,0.));
#7061=DIRECTION('',(-0.409111685505773,0.,0.912484317006394));
#7062=DIRECTION('center_axis',(-0.707106781186548,0.,0.707106781186548));
#7063=DIRECTION('ref_axis',(0.707106781186548,0.,0.707106781186548));
#7064=DIRECTION('',(0.,1.,0.));
#7065=DIRECTION('',(0.707106781186548,0.,0.707106781186548));
#7066=DIRECTION('center_axis',(-0.718120050145077,0.,0.695919243576172));
#7067=DIRECTION('ref_axis',(0.695919243576172,0.,0.718120050145077));
#7068=DIRECTION('',(0.,1.,0.));
#7069=DIRECTION('',(0.695919243576172,0.,0.718120050145077));
#7070=DIRECTION('center_axis',(0.,1.,0.));
#7071=DIRECTION('ref_axis',(-0.747390788288724,0.,0.664384684938748));
#7072=DIRECTION('',(0.,1.,0.));
#7073=DIRECTION('center_axis',(0.,1.,0.));
#7074=DIRECTION('ref_axis',(-0.747390788288724,0.,0.664384684938748));
#7075=DIRECTION('center_axis',(0.695919243575953,0.,-0.71812005014529));
#7076=DIRECTION('ref_axis',(-0.71812005014529,0.,-0.695919243575953));
#7077=DIRECTION('',(0.,1.,0.));
#7078=DIRECTION('',(-0.71812005014529,0.,-0.695919243575953));
#7079=DIRECTION('center_axis',(0.707106781186548,0.,-0.707106781186548));
#7080=DIRECTION('ref_axis',(-0.707106781186548,0.,-0.707106781186548));
#7081=DIRECTION('',(0.,1.,0.));
#7082=DIRECTION('',(-0.707106781186548,0.,-0.707106781186548));
#7083=DIRECTION('center_axis',(-0.406828143798689,0.,-0.913504713405089));
#7084=DIRECTION('ref_axis',(-0.913504713405089,0.,0.406828143798689));
#7085=DIRECTION('',(0.,1.,0.));
#7086=DIRECTION('',(-0.913504713405089,0.,0.406828143798689));
#7087=DIRECTION('center_axis',(0.,1.,0.));
#7088=DIRECTION('ref_axis',(-0.382776553055953,0.,-0.923840955159817));
#7089=DIRECTION('',(0.,1.,0.));
#7090=DIRECTION('center_axis',(0.,1.,0.));
#7091=DIRECTION('ref_axis',(-0.382776553055953,0.,-0.923840955159817));
#7092=DIRECTION('center_axis',(0.912900979748323,0.,0.408181088702738));
#7093=DIRECTION('ref_axis',(0.408181088702738,0.,-0.912900979748323));
#7094=DIRECTION('',(0.408181088702738,0.,-0.912900979748323));
#7095=DIRECTION('center_axis',(0.,-1.,0.));
#7096=DIRECTION('ref_axis',(1.,0.,0.));
#7097=DIRECTION('center_axis',(-1.,0.,0.));
#7098=DIRECTION('ref_axis',(0.,0.,-1.));
#7099=DIRECTION('',(0.,-1.,0.));
#7100=DIRECTION('',(0.,-1.,0.));
#7101=DIRECTION('center_axis',(0.,0.,1.));
#7102=DIRECTION('ref_axis',(-1.,0.,0.));
#7103=DIRECTION('',(0.,-1.,0.));
#7104=DIRECTION('center_axis',(1.,0.,-4.08170229641601E-18));
#7105=DIRECTION('ref_axis',(4.08170229641601E-18,0.,1.));
#7106=DIRECTION('',(0.,-1.,0.));
#7107=DIRECTION('center_axis',(0.,0.,-1.));
#7108=DIRECTION('ref_axis',(1.,0.,0.));
#7109=DIRECTION('center_axis',(-1.,0.,0.));
#7110=DIRECTION('ref_axis',(0.,0.,-1.));
#7111=DIRECTION('',(0.,-1.,0.));
#7112=DIRECTION('',(0.,-1.,0.));
#7113=DIRECTION('center_axis',(0.,0.,1.));
#7114=DIRECTION('ref_axis',(-1.,0.,0.));
#7115=DIRECTION('',(0.,-1.,0.));
#7116=DIRECTION('center_axis',(1.,0.,0.));
#7117=DIRECTION('ref_axis',(0.,0.,1.));
#7118=DIRECTION('',(0.,-1.,0.));
#7119=DIRECTION('center_axis',(0.,0.,-1.));
#7120=DIRECTION('ref_axis',(1.,0.,0.));
#7121=DIRECTION('center_axis',(-1.,0.,0.));
#7122=DIRECTION('ref_axis',(0.,0.,-1.));
#7123=DIRECTION('',(0.,-1.,0.));
#7124=DIRECTION('',(0.,-1.,0.));
#7125=DIRECTION('center_axis',(0.,0.,1.));
#7126=DIRECTION('ref_axis',(-1.,0.,0.));
#7127=DIRECTION('',(0.,-1.,0.));
#7128=DIRECTION('center_axis',(1.,0.,0.));
#7129=DIRECTION('ref_axis',(0.,0.,1.));
#7130=DIRECTION('',(0.,-1.,0.));
#7131=DIRECTION('center_axis',(0.,0.,-1.));
#7132=DIRECTION('ref_axis',(1.,0.,0.));
#7133=DIRECTION('center_axis',(-1.,0.,0.));
#7134=DIRECTION('ref_axis',(0.,0.,-1.));
#7135=DIRECTION('',(0.,-1.,0.));
#7136=DIRECTION('',(0.,-1.,0.));
#7137=DIRECTION('center_axis',(2.96059473233374E-15,0.,1.));
#7138=DIRECTION('ref_axis',(-1.,0.,2.96059473233374E-15));
#7139=DIRECTION('',(0.,-1.,0.));
#7140=DIRECTION('center_axis',(1.,0.,0.));
#7141=DIRECTION('ref_axis',(0.,0.,1.));
#7142=DIRECTION('',(0.,-1.,0.));
#7143=DIRECTION('center_axis',(0.,0.,-1.));
#7144=DIRECTION('ref_axis',(1.,0.,0.));
#7145=DIRECTION('center_axis',(-1.,0.,0.));
#7146=DIRECTION('ref_axis',(0.,0.,-1.));
#7147=DIRECTION('',(0.,-1.,0.));
#7148=DIRECTION('',(0.,-1.,0.));
#7149=DIRECTION('center_axis',(2.96059473233374E-15,0.,1.));
#7150=DIRECTION('ref_axis',(-1.,0.,2.96059473233374E-15));
#7151=DIRECTION('',(0.,-1.,0.));
#7152=DIRECTION('center_axis',(1.,0.,0.));
#7153=DIRECTION('ref_axis',(0.,0.,1.));
#7154=DIRECTION('',(0.,-1.,0.));
#7155=DIRECTION('center_axis',(0.,0.,-1.));
#7156=DIRECTION('ref_axis',(1.,0.,0.));
#7157=DIRECTION('center_axis',(0.,1.,0.));
#7158=DIRECTION('ref_axis',(-1.,0.,0.));
#7159=DIRECTION('center_axis',(-4.5914308816835E-15,0.,1.));
#7160=DIRECTION('ref_axis',(1.,0.,4.5914308816835E-15));
#7161=DIRECTION('center_axis',(4.5914308816835E-15,0.,-1.));
#7162=DIRECTION('ref_axis',(-0.5,-0.866025403784439,0.));
#7163=DIRECTION('',(-0.866025403784438,-0.500000000000001,-3.97629578325829E-15));
#7164=DIRECTION('',(-0.866025403784438,0.500000000000001,-3.97629578325829E-15));
#7165=DIRECTION('',(1.,-2.64235198066537E-16,4.5914308816835E-15));
#7166=DIRECTION('center_axis',(4.5914308816835E-15,0.,-1.));
#7167=DIRECTION('ref_axis',(-0.686348585024613,0.727272727272728,0.));
#7168=DIRECTION('',(-1.,0.,-4.5914308816835E-15));
#7169=DIRECTION('center_axis',(4.5914308816835E-15,0.,-1.));
#7170=DIRECTION('ref_axis',(-1.,0.,0.));
#7171=DIRECTION('',(0.,1.,0.));
#7172=DIRECTION('center_axis',(4.5914308816835E-15,0.,-1.));
#7173=DIRECTION('ref_axis',(0.,1.,0.));
#7174=DIRECTION('',(1.,0.,4.5914308816835E-15));
#7175=DIRECTION('center_axis',(4.5914308816835E-15,0.,-1.));
#7176=DIRECTION('ref_axis',(1.,0.,0.));
#7177=DIRECTION('',(0.,-1.,0.));
#7178=DIRECTION('center_axis',(4.5914308816835E-15,0.,-1.));
#7179=DIRECTION('ref_axis',(0.,-1.,0.));
#7180=DIRECTION('center_axis',(1.,0.,-6.11532683863891E-15));
#7181=DIRECTION('ref_axis',(6.11532683863891E-15,0.,1.));
#7182=DIRECTION('center_axis',(0.,-1.,0.));
#7183=DIRECTION('ref_axis',(-1.,0.,9.86315924058154E-46));
#7184=DIRECTION('',(0.,0.,-1.));
#7185=DIRECTION('',(-1.,0.,9.86315924058154E-46));
#7186=DIRECTION('',(0.,0.,-1.));
#7187=DIRECTION('center_axis',(0.,0.,-1.));
#7188=DIRECTION('ref_axis',(0.,-1.,0.));
#7189=DIRECTION('',(0.,0.,-1.));
#7190=DIRECTION('center_axis',(0.,0.,-1.));
#7191=DIRECTION('ref_axis',(0.,-1.,0.));
#7192=DIRECTION('center_axis',(1.,0.,0.));
#7193=DIRECTION('ref_axis',(0.,-1.,5.54765996499572E-61));
#7194=DIRECTION('',(0.,0.,-1.));
#7195=DIRECTION('',(0.,-1.,5.54765996499572E-61));
#7196=DIRECTION('center_axis',(0.,0.,-1.));
#7197=DIRECTION('ref_axis',(1.,0.,0.));
#7198=DIRECTION('',(0.,0.,-1.));
#7199=DIRECTION('center_axis',(0.,0.,-1.));
#7200=DIRECTION('ref_axis',(1.,0.,0.));
#7201=DIRECTION('center_axis',(0.,1.,0.));
#7202=DIRECTION('ref_axis',(1.,0.,4.83904764996978E-61));
#7203=DIRECTION('',(0.,0.,-1.));
#7204=DIRECTION('',(1.,0.,4.83904764996978E-61));
#7205=DIRECTION('center_axis',(0.,0.,-1.));
#7206=DIRECTION('ref_axis',(0.,1.,0.));
#7207=DIRECTION('',(0.,0.,-1.));
#7208=DIRECTION('center_axis',(0.,-2.81242190319021E-45,-1.));
#7209=DIRECTION('ref_axis',(0.,1.,-2.81242190319021E-45));
#7210=DIRECTION('center_axis',(-1.,0.,0.));
#7211=DIRECTION('ref_axis',(0.,1.,-5.54765996499572E-61));
#7212=DIRECTION('',(0.,0.,-1.));
#7213=DIRECTION('',(0.,1.,-5.54765996499572E-61));
#7214=DIRECTION('center_axis',(0.,0.,-1.));
#7215=DIRECTION('ref_axis',(-1.,0.,0.));
#7216=DIRECTION('center_axis',(0.,0.,-1.));
#7217=DIRECTION('ref_axis',(-1.,0.,0.));
#7218=DIRECTION('center_axis',(0.,2.81242190319021E-45,1.));
#7219=DIRECTION('ref_axis',(1.,0.,0.));
#7220=DIRECTION('center_axis',(0.,-1.,0.));
#7221=DIRECTION('ref_axis',(0.,0.,1.));
#7222=DIRECTION('center_axis',(0.,-1.,0.));
#7223=DIRECTION('ref_axis',(0.,0.,1.));
#7224=DIRECTION('center_axis',(0.,-1.,0.));
#7225=DIRECTION('ref_axis',(0.,0.,1.));
#7226=DIRECTION('center_axis',(0.,-1.,0.));
#7227=DIRECTION('ref_axis',(0.,0.,1.));
#7228=DIRECTION('',(0.,-1.,0.));
#7229=DIRECTION('center_axis',(0.,-1.,0.));
#7230=DIRECTION('ref_axis',(0.,0.,1.));
#7231=DIRECTION('',(0.,-1.,0.));
#7232=DIRECTION('center_axis',(0.,-1.,0.));
#7233=DIRECTION('ref_axis',(0.,0.,1.));
#7234=DIRECTION('center_axis',(0.,-1.,0.));
#7235=DIRECTION('ref_axis',(0.,0.,1.));
#7236=DIRECTION('center_axis',(0.,-1.,0.));
#7237=DIRECTION('ref_axis',(0.,0.,1.));
#7238=DIRECTION('center_axis',(0.,-1.,0.));
#7239=DIRECTION('ref_axis',(0.,0.,1.));
#7240=DIRECTION('',(0.,-1.,0.));
#7241=DIRECTION('center_axis',(0.,-1.,0.));
#7242=DIRECTION('ref_axis',(0.,0.,1.));
#7243=DIRECTION('',(0.,-1.,0.));
#7244=DIRECTION('center_axis',(0.,-1.,0.));
#7245=DIRECTION('ref_axis',(0.,0.,1.));
#7246=DIRECTION('center_axis',(0.,-1.,0.));
#7247=DIRECTION('ref_axis',(0.,0.,1.));
#7248=DIRECTION('center_axis',(0.,-1.,0.));
#7249=DIRECTION('ref_axis',(0.,0.,1.));
#7250=DIRECTION('center_axis',(0.,-1.,0.));
#7251=DIRECTION('ref_axis',(0.,0.,1.));
#7252=DIRECTION('',(0.,-1.,0.));
#7253=DIRECTION('center_axis',(0.,-1.,0.));
#7254=DIRECTION('ref_axis',(0.,0.,1.));
#7255=DIRECTION('',(0.,-1.,0.));
#7256=DIRECTION('center_axis',(0.,-1.,0.));
#7257=DIRECTION('ref_axis',(0.,0.,1.));
#7258=DIRECTION('center_axis',(0.,-1.,0.));
#7259=DIRECTION('ref_axis',(0.,0.,1.));
#7260=DIRECTION('center_axis',(0.,-1.,0.));
#7261=DIRECTION('ref_axis',(0.,0.,1.));
#7262=DIRECTION('',(0.,-1.,0.));
#7263=DIRECTION('center_axis',(2.64235198066537E-16,1.,0.));
#7264=DIRECTION('ref_axis',(1.,-2.64235198066537E-16,-2.62123759290271E-31));
#7265=DIRECTION('',(0.,0.,-1.));
#7266=DIRECTION('',(1.,-2.64235198066537E-16,-2.62123759290271E-31));
#7267=DIRECTION('',(0.,0.,-1.));
#7268=DIRECTION('center_axis',(0.,0.,-1.));
#7269=DIRECTION('ref_axis',(-3.78485122031303E-16,-1.,0.));
#7270=DIRECTION('center_axis',(-2.62123759290271E-31,3.19108228873723E-31,
-1.));
#7271=DIRECTION('ref_axis',(-0.686348585024613,0.727272727272728,4.11986983198372E-31));
#7272=DIRECTION('center_axis',(2.62123759290271E-31,-3.19108228873723E-31,
1.));
#7273=DIRECTION('ref_axis',(1.,0.,-2.62123759290271E-31));
#7274=DIRECTION('center_axis',(-0.500000000000001,-0.866025403784438,0.));
#7275=DIRECTION('ref_axis',(0.866025403784438,-0.500000000000001,2.25655685098548E-44));
#7276=DIRECTION('',(0.,0.,1.));
#7277=DIRECTION('',(0.,0.,1.));
#7278=DIRECTION('center_axis',(0.,0.,1.));
#7279=DIRECTION('ref_axis',(4.31753398465338E-16,1.,0.));
#7280=DIRECTION('',(0.,0.,1.));
#7281=DIRECTION('center_axis',(0.500000000000001,-0.866025403784438,0.));
#7282=DIRECTION('ref_axis',(0.866025403784438,0.500000000000001,-2.25655685098548E-44));
#7283=DIRECTION('center_axis',(0.,0.,-1.));
#7284=DIRECTION('ref_axis',(-1.,0.,0.));
#7285=CARTESIAN_POINT('',(0.,0.,0.));
#7286=CARTESIAN_POINT('Origin',(12.6249999999997,-6.06458256229943,-75.9999989999998));
#7287=CARTESIAN_POINT('',(10.9999999999997,-7.00277674973257,-78.999998999999));
#7288=CARTESIAN_POINT('',(12.6249999999997,-6.06458256229943,-78.999998999999));
#7289=CARTESIAN_POINT('',(34.7036452655738,6.68252922512208,-78.9999989999985));
#7290=CARTESIAN_POINT('',(10.9999999999997,-7.00277674973257,-75.9999989999998));
#7291=CARTESIAN_POINT('',(10.9999999999997,-7.00277674973257,-75.9999989999998));
#7292=CARTESIAN_POINT('',(12.6249999999997,-6.06458256229943,-75.9999989999998));
#7293=CARTESIAN_POINT('',(-12.9213543594253,-20.813777128527,-75.9999989999999));
#7294=CARTESIAN_POINT('',(12.6249999999997,-6.06458256229943,-75.9999989999998));
#7295=CARTESIAN_POINT('Origin',(10.9999999999997,-3.25,-75.9999989999998));
#7296=CARTESIAN_POINT('',(9.37499999999969,-6.06458256229943,-78.9999989999991));
#7297=CARTESIAN_POINT('Origin',(10.9999999999997,-3.25,-78.9999989999977));
#7298=CARTESIAN_POINT('',(9.37499999999969,-6.06458256229943,-75.9999989999998));
#7299=CARTESIAN_POINT('Origin',(10.9999999999997,-3.25,-75.9999990000001));
#7300=CARTESIAN_POINT('',(9.37499999999969,-6.06458256229943,-75.9999989999998));
#7301=CARTESIAN_POINT('Origin',(10.9999999999997,-7.00277674973257,-75.9999989999998));
#7302=CARTESIAN_POINT('',(30.8588539844241,-18.4682914434375,-78.9999989999986));
#7303=CARTESIAN_POINT('',(-16.7661456405751,9.02801491021161,-75.9999989999999));
#7304=CARTESIAN_POINT('Origin',(31.6499999999981,-5.92326859021798,-78.9999989999993));
#7305=CARTESIAN_POINT('',(32.9999999999981,-6.70269145362398,-77.5999989999998));
#7306=CARTESIAN_POINT('',(31.6499999999981,-5.92326859021797,-77.5999989999998));
#7307=CARTESIAN_POINT('',(31.7799038105663,-5.99826859021832,-77.5999989999998));
#7308=CARTESIAN_POINT('',(32.9999999999981,-6.70269145362399,-78.9999989999993));
#7309=CARTESIAN_POINT('',(32.9999999999981,-6.70269145362399,-78.9999989999993));
#7310=CARTESIAN_POINT('',(31.6499999999981,-5.92326859021798,-78.9999989999993));
#7311=CARTESIAN_POINT('',(43.9988243568562,-13.0528656568254,-78.9999989999983));
#7312=CARTESIAN_POINT('',(31.6499999999981,-5.92326859021798,-78.9999989999993));
#7313=CARTESIAN_POINT('Origin',(32.9999999999981,-3.58500000000002,-78.9999989999993));
#7314=CARTESIAN_POINT('',(34.3499999999981,-5.92326859021799,-77.5999989999998));
#7315=CARTESIAN_POINT('Origin',(32.9999999999981,-3.585,-77.5999989999998));
#7316=CARTESIAN_POINT('',(34.3499999999981,-5.923268590218,-78.9999989999993));
#7317=CARTESIAN_POINT('Origin',(32.9999999999981,-3.58500000000002,-78.9999989999977));
#7318=CARTESIAN_POINT('',(34.3499999999981,-5.923268590218,-78.9999989999993));
#7319=CARTESIAN_POINT('Origin',(32.9999999999981,-6.70269145362399,-78.9999989999993));
#7320=CARTESIAN_POINT('',(33.545096189431,-6.38798002192065,-77.5999989999998));
#7321=CARTESIAN_POINT('',(47.5761748931398,1.7128670446864,-78.9999989999982));
#7322=CARTESIAN_POINT('Origin',(-64.4096989999936,0.,-75.4096990000008));
#7323=CARTESIAN_POINT('',(-64.4096989999935,-8.5,-78.9999990000008));
#7324=CARTESIAN_POINT('',(-67.9999989999936,-8.5,-75.409699000001));
#7325=CARTESIAN_POINT('Origin',(-64.4096989999936,-8.5,-75.4096990000008));
#7326=CARTESIAN_POINT('',(-67.9999989999936,11.,-75.409699000001));
#7327=CARTESIAN_POINT('',(-67.9999989999936,0.,-75.409699000001));
#7328=CARTESIAN_POINT('',(-64.4096989999935,11.,-78.9999990000008));
#7329=CARTESIAN_POINT('Origin',(-64.4096989999936,11.,-75.4096990000008));
#7330=CARTESIAN_POINT('',(-64.4096989999935,0.,-78.9999990000008));
#7331=CARTESIAN_POINT('Origin',(-9.59232693276135E-13,11.,9.06848391935E-7));
#7332=CARTESIAN_POINT('',(-67.9999990000005,11.,75.4097008089202));
#7333=CARTESIAN_POINT('',(-67.9999990000006,11.,79.0000008136977));
#7334=CARTESIAN_POINT('',(-64.4096989952232,11.,79.0000008089204));
#7335=CARTESIAN_POINT('Origin',(-64.4096990000005,11.,75.4097008089204));
#7336=CARTESIAN_POINT('',(64.409699004776,11.,79.0000006375133));
#7337=CARTESIAN_POINT('',(67.9999989999987,11.,79.000000632736));
#7338=CARTESIAN_POINT('',(67.9999989999987,11.,75.4097006375133));
#7339=CARTESIAN_POINT('Origin',(64.4096989999987,11.,75.4097006375133));
#7340=CARTESIAN_POINT('',(67.9999989999978,11.,-75.4096989999978));
#7341=CARTESIAN_POINT('',(67.9999989999977,11.,-78.9999989999977));
#7342=CARTESIAN_POINT('',(64.4096989999978,11.,-78.9999989999978));
#7343=CARTESIAN_POINT('Origin',(64.4096989999978,11.,-75.4096989999978));
#7344=CARTESIAN_POINT('',(-67.9999989999934,11.,-78.9999990000009));
#7345=CARTESIAN_POINT('',(-64.4096727199741,11.,-77.9096727199813));
#7346=CARTESIAN_POINT('Origin',(-64.4096727199741,11.,-75.4096727199813));
#7347=CARTESIAN_POINT('',(-64.4096727199809,11.,72.9096745289008));
#7348=CARTESIAN_POINT('Origin',(-64.4096727199809,11.,75.4096745289008));
#7349=CARTESIAN_POINT('',(64.4096736882288,11.,72.9096753257434));
#7350=CARTESIAN_POINT('Origin',(64.4096736882288,11.,75.4096753257434));
#7351=CARTESIAN_POINT('',(64.4096727199782,11.,-77.9096727199782));
#7352=CARTESIAN_POINT('Origin',(64.4096727199782,11.,-75.4096727199782));
#7353=CARTESIAN_POINT('',(43.2517817103048,11.,62.4988978072589));
#7354=CARTESIAN_POINT('Origin',(44.0017817103048,11.,62.4988978072589));
#7355=CARTESIAN_POINT('',(21.2517817103048,11.,62.4988978072589));
#7356=CARTESIAN_POINT('Origin',(22.0017817103048,11.,62.4988978072589));
#7357=CARTESIAN_POINT('',(-0.748218289695242,11.,62.4988978072589));
#7358=CARTESIAN_POINT('Origin',(0.00178171030476015,11.,62.4988978072589));
#7359=CARTESIAN_POINT('',(-22.7482182896952,11.,62.4988978072589));
#7360=CARTESIAN_POINT('Origin',(-21.9982182896952,11.,62.4988978072589));
#7361=CARTESIAN_POINT('',(-44.7482182896952,11.,62.4988978072589));
#7362=CARTESIAN_POINT('Origin',(-43.9982182896952,11.,62.4988978072589));
#7363=CARTESIAN_POINT('',(4.34000000000001,11.,-58.3700000000001));
#7364=CARTESIAN_POINT('',(4.34000000000001,11.,-34.9860000000001));
#7365=CARTESIAN_POINT('',(4.34000000000001,11.,-29.185));
#7366=CARTESIAN_POINT('',(-2.24399999999999,11.,-34.9860000000001));
#7367=CARTESIAN_POINT('',(2.1700000000021,11.,-34.9860000000001));
#7368=CARTESIAN_POINT('',(-2.24399999999999,11.,-58.3700000000001));
#7369=CARTESIAN_POINT('',(-2.24399999999999,11.,-17.493));
#7370=CARTESIAN_POINT('',(-1.12199999999791,11.,-58.3700000000001));
#7371=CARTESIAN_POINT('',(-17.66,11.,-58.3700000000001));
#7372=CARTESIAN_POINT('',(-17.66,11.,-34.9860000000001));
#7373=CARTESIAN_POINT('',(-17.66,11.,-29.185));
#7374=CARTESIAN_POINT('',(-24.244,11.,-34.9860000000001));
#7375=CARTESIAN_POINT('',(-8.8299999999979,11.,-34.9860000000001));
#7376=CARTESIAN_POINT('',(-24.244,11.,-58.3700000000001));
#7377=CARTESIAN_POINT('',(-24.244,11.,-17.493));
#7378=CARTESIAN_POINT('',(-12.1219999999979,11.,-58.3700000000001));
#7379=CARTESIAN_POINT('',(26.34,11.,-58.3700000000001));
#7380=CARTESIAN_POINT('',(26.34,11.,-34.9860000000001));
#7381=CARTESIAN_POINT('',(26.34,11.,-29.185));
#7382=CARTESIAN_POINT('',(19.756,11.,-34.9860000000001));
#7383=CARTESIAN_POINT('',(13.1700000000021,11.,-34.9860000000001));
#7384=CARTESIAN_POINT('',(19.756,11.,-58.3700000000001));
#7385=CARTESIAN_POINT('',(19.756,11.,-17.493));
#7386=CARTESIAN_POINT('',(9.87800000000209,11.,-58.3700000000001));
#7387=CARTESIAN_POINT('',(-39.66,11.,-58.3700000000001));
#7388=CARTESIAN_POINT('',(-39.66,11.,-34.9860000000001));
#7389=CARTESIAN_POINT('',(-39.66,11.,-29.185));
#7390=CARTESIAN_POINT('',(-46.244,11.,-34.9860000000001));
#7391=CARTESIAN_POINT('',(-19.8299999999979,11.,-34.9860000000001));
#7392=CARTESIAN_POINT('',(-46.244,11.,-58.3700000000001));
#7393=CARTESIAN_POINT('',(-46.244,11.,-17.493));
#7394=CARTESIAN_POINT('',(-23.1219999999979,11.,-58.3700000000001));
#7395=CARTESIAN_POINT('',(48.34,11.,-58.3700000000001));
#7396=CARTESIAN_POINT('',(48.34,11.,-34.9860000000001));
#7397=CARTESIAN_POINT('',(48.34,11.,-29.185));
#7398=CARTESIAN_POINT('',(41.756,11.,-34.9860000000001));
#7399=CARTESIAN_POINT('',(24.1700000000021,11.,-34.9860000000001));
#7400=CARTESIAN_POINT('',(41.756,11.,-58.3700000000001));
#7401=CARTESIAN_POINT('',(41.756,11.,-17.493));
#7402=CARTESIAN_POINT('',(20.8780000000021,11.,-58.3700000000001));
#7403=CARTESIAN_POINT('',(-1.5,11.,45.5000000000001));
#7404=CARTESIAN_POINT('',(-1.5,11.,-22.5));
#7405=CARTESIAN_POINT('',(-1.5,11.,22.75));
#7406=CARTESIAN_POINT('',(1.5,11.,-22.5));
#7407=CARTESIAN_POINT('',(-0.749999999997914,11.,-22.5));
#7408=CARTESIAN_POINT('',(1.5,11.,45.5000000000001));
#7409=CARTESIAN_POINT('',(1.5,11.,-11.25));
#7410=CARTESIAN_POINT('',(0.750000000002089,11.,45.5000000000001));
#7411=CARTESIAN_POINT('',(-23.5,11.,45.4999989829957));
#7412=CARTESIAN_POINT('',(-23.5,11.,-22.5));
#7413=CARTESIAN_POINT('',(-23.5,11.,22.7499994914979));
#7414=CARTESIAN_POINT('',(-20.4999995417893,11.,-22.5));
#7415=CARTESIAN_POINT('',(-11.7499999999979,11.,-22.5));
#7416=CARTESIAN_POINT('',(-20.4999995417893,11.,45.4999989829957));
#7417=CARTESIAN_POINT('',(-20.4999995417893,11.,-11.25));
#7418=CARTESIAN_POINT('',(-10.2499997708926,11.,45.4999989829957));
#7419=CARTESIAN_POINT('',(20.5,11.,45.5000000000001));
#7420=CARTESIAN_POINT('',(20.5,11.,-22.5));
#7421=CARTESIAN_POINT('',(20.5,11.,22.75));
#7422=CARTESIAN_POINT('',(23.5,11.,-22.5));
#7423=CARTESIAN_POINT('',(10.2500000000021,11.,-22.5));
#7424=CARTESIAN_POINT('',(23.5,11.,45.5000000000001));
#7425=CARTESIAN_POINT('',(23.5,11.,-11.25));
#7426=CARTESIAN_POINT('',(11.7500000000021,11.,45.5000000000001));
#7427=CARTESIAN_POINT('',(-45.5,11.,45.5000000000001));
#7428=CARTESIAN_POINT('',(-45.5,11.,-22.5));
#7429=CARTESIAN_POINT('',(-45.5,11.,22.75));
#7430=CARTESIAN_POINT('',(-42.5,11.,-22.5));
#7431=CARTESIAN_POINT('',(-22.7499999999979,11.,-22.5));
#7432=CARTESIAN_POINT('',(-42.5,11.,45.5000000000001));
#7433=CARTESIAN_POINT('',(-42.5,11.,-11.25));
#7434=CARTESIAN_POINT('',(-21.2499999999978,11.,45.5));
#7435=CARTESIAN_POINT('',(42.5,11.,45.5000000000001));
#7436=CARTESIAN_POINT('',(42.5,11.,-22.5));
#7437=CARTESIAN_POINT('',(42.5,11.,22.75));
#7438=CARTESIAN_POINT('',(45.5,11.,-22.5));
#7439=CARTESIAN_POINT('',(21.2500000000021,11.,-22.5));
#7440=CARTESIAN_POINT('',(45.5,11.,45.5000000000001));
#7441=CARTESIAN_POINT('',(45.5,11.,-11.25));
#7442=CARTESIAN_POINT('',(22.7500000000022,11.,45.5000000000001));
#7443=CARTESIAN_POINT('Origin',(-67.9999989999934,0.,-78.9999990000009));
#7444=CARTESIAN_POINT('',(-67.9999990000005,-8.5,75.4097008089202));
#7445=CARTESIAN_POINT('',(-67.9999990000006,-8.5,79.0000008136977));
#7446=CARTESIAN_POINT('',(-67.9999990000005,0.,75.4097008089202));
#7447=CARTESIAN_POINT('Origin',(67.9999989999977,0.,-78.9999989999977));
#7448=CARTESIAN_POINT('',(64.4096989999978,-8.5,-78.9999989999978));
#7449=CARTESIAN_POINT('',(64.4096989999978,0.,-78.9999989999978));
#7450=CARTESIAN_POINT('',(-67.9999989999934,-8.5,-78.9999990000009));
#7451=CARTESIAN_POINT('',(-9.87500000000179,-6.033557158515,-78.9999989999993));
#7452=CARTESIAN_POINT('',(-12.1250000000018,-6.033557158515,-78.9999989999993));
#7453=CARTESIAN_POINT('Origin',(-11.0000000000018,-4.08500000000001,-78.9999989999977));
#7454=CARTESIAN_POINT('',(-11.0000000000018,-6.68307621135333,-78.9999989999993));
#7455=CARTESIAN_POINT('',(16.6155711813831,-22.6269336667512,-78.9999989999989));
#7456=CARTESIAN_POINT('',(20.0719280686129,11.2563098233021,-78.9999989999988));
#7457=CARTESIAN_POINT('Origin',(64.4096989999978,0.,-75.4096989999978));
#7458=CARTESIAN_POINT('',(67.9999989999978,-8.5,-75.4096989999978));
#7459=CARTESIAN_POINT('',(67.9999989999978,0.,-75.4096989999978));
#7460=CARTESIAN_POINT('Origin',(64.4096989999978,-8.5,-75.4096989999978));
#7461=CARTESIAN_POINT('Origin',(-9.59232693276135E-13,-8.5,9.06848391935E-7));
#7462=CARTESIAN_POINT('',(67.9999989999987,-8.5,75.4097006375133));
#7463=CARTESIAN_POINT('',(67.9999989999977,-8.5,-78.9999989999977));
#7464=CARTESIAN_POINT('',(64.409699004776,-8.5,79.0000006375133));
#7465=CARTESIAN_POINT('Origin',(64.4096989999987,-8.5,75.4097006375133));
#7466=CARTESIAN_POINT('',(-64.4096989952232,-8.5,79.0000008089204));
#7467=CARTESIAN_POINT('',(67.9999989999987,-8.5,79.000000632736));
#7468=CARTESIAN_POINT('Origin',(-64.4096990000005,-8.5,75.4097008089204));
#7469=CARTESIAN_POINT('',(-64.4096727199741,-8.5,-76.6596727199813));
#7470=CARTESIAN_POINT('Origin',(-64.4096727199741,-8.5,-75.4096727199813));
#7471=CARTESIAN_POINT('',(64.4096736882288,-8.5,74.1596753257434));
#7472=CARTESIAN_POINT('Origin',(64.4096736882288,-8.5,75.4096753257434));
#7473=CARTESIAN_POINT('',(-64.4096727199809,-8.5,74.1596745289008));
#7474=CARTESIAN_POINT('Origin',(-64.4096727199809,-8.5,75.4096745289008));
#7475=CARTESIAN_POINT('',(64.4096727199782,-8.5,-76.6596727199782));
#7476=CARTESIAN_POINT('Origin',(64.4096727199782,-8.5,-75.4096727199782));
#7477=CARTESIAN_POINT('',(59.,-8.5,-77.2499990000006));
#7478=CARTESIAN_POINT('',(-59.,-8.5,-77.2499990000006));
#7479=CARTESIAN_POINT('',(-31.6249994999964,-8.5,-77.249999));
#7480=CARTESIAN_POINT('',(-59.,-8.5,-75.9999990000001));
#7481=CARTESIAN_POINT('',(-59.,-8.5,-75.9999990000001));
#7482=CARTESIAN_POINT('',(-60.9999989999944,-8.5,-73.9999982529246));
#7483=CARTESIAN_POINT('Origin',(-58.99999974707,-8.5,-73.9999997470751));
#7484=CARTESIAN_POINT('',(-60.9999989999945,-8.5,-71.6630754973595));
#7485=CARTESIAN_POINT('',(-60.9999989999972,-8.5,0.622054315847746));
#7486=CARTESIAN_POINT('',(-64.2499989999938,-8.5,-71.6630754973596));
#7487=CARTESIAN_POINT('',(-64.2499989999938,-8.5,-71.6630754973596));
#7488=CARTESIAN_POINT('',(-64.2499989999938,-8.5,71.6630754973596));
#7489=CARTESIAN_POINT('',(-64.2499989999987,-8.5,37.0849578296796));
#7490=CARTESIAN_POINT('',(-60.9999989999945,-8.5,71.6630754973595));
#7491=CARTESIAN_POINT('',(-64.2499989999938,-8.5,71.6630754973596));
#7492=CARTESIAN_POINT('',(-61.0000004391431,-8.5,73.9999989999996));
#7493=CARTESIAN_POINT('',(-60.999999,-8.5,74.2282685761843));
#7494=CARTESIAN_POINT('',(-59.,-8.5,75.9999990000001));
#7495=CARTESIAN_POINT('Origin',(-58.99999974707,-8.5,73.9999997470701));
#7496=CARTESIAN_POINT('',(-59.,-8.5,77.2499990000006));
#7497=CARTESIAN_POINT('',(-59.,-8.5,75.9999990000001));
#7498=CARTESIAN_POINT('',(59.,-8.5,77.2499990000006));
#7499=CARTESIAN_POINT('',(31.6249995520586,-8.5,77.2500006811366));
#7500=CARTESIAN_POINT('',(59.,-8.5,75.9999990000001));
#7501=CARTESIAN_POINT('',(59.,-8.5,75.9999990000001));
#7502=CARTESIAN_POINT('',(61.000001439149,-8.5,73.999997545823));
#7503=CARTESIAN_POINT('Origin',(59.000001454177,-8.5,74.0000004541701));
#7504=CARTESIAN_POINT('',(60.9999989999945,-8.5,71.6630754973595));
#7505=CARTESIAN_POINT('',(60.9999989999994,-8.5,0.228269535517651));
#7506=CARTESIAN_POINT('',(64.2499989999938,-8.5,71.6630754973596));
#7507=CARTESIAN_POINT('',(64.2499989999938,-8.5,71.6630754973596));
#7508=CARTESIAN_POINT('',(64.2499989999938,-8.5,-71.6630754973596));
#7509=CARTESIAN_POINT('',(64.249998999998,-8.5,-37.0849560183715));
#7510=CARTESIAN_POINT('',(60.9999989999945,-8.5,-71.6630754973595));
#7511=CARTESIAN_POINT('',(64.2499989999938,-8.5,-71.6630754973596));
#7512=CARTESIAN_POINT('',(60.9999989999999,-8.5,-73.9999990000001));
#7513=CARTESIAN_POINT('',(60.999999,-8.5,-74.2282681243401));
#7514=CARTESIAN_POINT('',(59.,-8.5,-75.9999990000001));
#7515=CARTESIAN_POINT('Origin',(58.999999747075,-8.5,-73.9999997470751));
#7516=CARTESIAN_POINT('',(59.,-8.5,-75.9999990000001));
#7517=CARTESIAN_POINT('Origin',(67.9999989999987,0.,79.000000632736));
#7518=CARTESIAN_POINT('',(67.9999989999987,0.,75.4097006375133));
#7519=CARTESIAN_POINT('Origin',(64.4096989999987,0.,75.4097006375133));
#7520=CARTESIAN_POINT('',(64.409699004776,0.,79.0000006375133));
#7521=CARTESIAN_POINT('Origin',(-67.9999990000006,0.,79.0000008136977));
#7522=CARTESIAN_POINT('',(-64.4096989952232,0.,79.0000008089204));
#7523=CARTESIAN_POINT('Origin',(-64.4096990000005,0.,75.4097008089204));
#7524=CARTESIAN_POINT('Origin',(60.9999989999945,-11.5,-71.6630754973595));
#7525=CARTESIAN_POINT('',(60.9999989999945,-11.5,-71.6630754973595));
#7526=CARTESIAN_POINT('',(64.2499989999938,-11.5,-71.6630754973596));
#7527=CARTESIAN_POINT('',(30.4999997420577,-11.5,-71.6630754973582));
#7528=CARTESIAN_POINT('',(60.999999,-5.75,-71.6630754973595));
#7529=CARTESIAN_POINT('',(64.2499989999978,-10.,-71.6630754973596));
#7530=CARTESIAN_POINT('Origin',(59.,-11.5,-77.2499990000006));
#7531=CARTESIAN_POINT('',(59.,-11.5,-77.2499990000006));
#7532=CARTESIAN_POINT('',(58.9999982529244,-11.5,-75.9999989999996));
#7533=CARTESIAN_POINT('',(59.0000000000008,-11.5,-38.6249990481568));
#7534=CARTESIAN_POINT('',(59.,-10.,-77.2499989999979));
#7535=CARTESIAN_POINT('',(58.9999982529245,0.,-75.9999989999996));
#7536=CARTESIAN_POINT('Origin',(-60.9999989999945,-11.5,71.6630754973595));
#7537=CARTESIAN_POINT('',(-60.9999989999945,-11.5,71.6630754973595));
#7538=CARTESIAN_POINT('',(-64.2499989999938,-11.5,71.6630754973596));
#7539=CARTESIAN_POINT('',(-30.4999992579339,-11.5,71.6630754973583));
#7540=CARTESIAN_POINT('',(-60.9999989999999,-5.75,71.6630754973595));
#7541=CARTESIAN_POINT('',(-64.2499990000003,-10.,71.6630754973596));
#7542=CARTESIAN_POINT('Origin',(-59.,-11.5,77.2499990000006));
#7543=CARTESIAN_POINT('',(-59.,-11.5,77.2499990000006));
#7544=CARTESIAN_POINT('',(-58.9999982529295,-11.5,76.0000004391428));
#7545=CARTESIAN_POINT('',(-59.0000000000008,-11.5,38.6249999518451));
#7546=CARTESIAN_POINT('',(-59.,-10.,77.2500008017223));
#7547=CARTESIAN_POINT('',(-58.9999982529295,0.,76.0000004391428));
#7548=CARTESIAN_POINT('Origin',(59.,-11.5,75.9999990000001));
#7549=CARTESIAN_POINT('',(58.9999990084746,-11.5,76.0000004391428));
#7550=CARTESIAN_POINT('',(59.,-11.5,77.2499990000006));
#7551=CARTESIAN_POINT('',(59.0000000000008,-11.5,37.9999999518448));
#7552=CARTESIAN_POINT('',(58.9999990084746,0.,76.0000004391428));
#7553=CARTESIAN_POINT('',(59.,-10.,77.2500006447114));
#7554=CARTESIAN_POINT('Origin',(64.2499989999938,-11.5,71.6630754973596));
#7555=CARTESIAN_POINT('',(64.2499989999938,-11.5,71.6630754973596));
#7556=CARTESIAN_POINT('',(60.9999989999945,-11.5,71.6630754973595));
#7557=CARTESIAN_POINT('',(32.1249997420573,-11.5,71.6630754973582));
#7558=CARTESIAN_POINT('',(64.2499989999987,-10.,71.6630754973596));
#7559=CARTESIAN_POINT('',(60.9999989999989,-5.75,71.6630754973595));
#7560=CARTESIAN_POINT('Origin',(-63.2499989999935,-8.5,-77.2499990000007));
#7561=CARTESIAN_POINT('',(-59.,-11.5,-77.2499990000006));
#7562=CARTESIAN_POINT('',(-63.2499989999935,-11.5,-77.2499990000007));
#7563=CARTESIAN_POINT('',(-59.,-10.,-77.2499990000006));
#7564=CARTESIAN_POINT('Origin',(58.999999747075,0.,-73.9999997470751));
#7565=CARTESIAN_POINT('',(60.999999,1.51,-73.9999990000001));
#7566=CARTESIAN_POINT('',(60.999999,0.,-73.9999990000001));
#7567=CARTESIAN_POINT('',(58.9999982529245,1.51,-75.9999989999997));
#7568=CARTESIAN_POINT('Origin',(58.999999747075,1.51,-73.9999997470751));
#7569=CARTESIAN_POINT('',(58.9999982529245,0.,-75.9999989999996));
#7570=CARTESIAN_POINT('Origin',(-58.99999974707,0.,73.9999997470701));
#7571=CARTESIAN_POINT('',(-60.999999,1.51,73.9999990000001));
#7572=CARTESIAN_POINT('',(-60.999999,0.,73.9999990000001));
#7573=CARTESIAN_POINT('',(-58.9999982529295,1.51,75.9999989999997));
#7574=CARTESIAN_POINT('Origin',(-58.99999974707,1.51,73.9999997470701));
#7575=CARTESIAN_POINT('',(-58.9999982529295,0.,76.0000004391428));
#7576=CARTESIAN_POINT('Origin',(-60.999999,0.,73.9999990000001));
#7577=CARTESIAN_POINT('',(-60.9999989999945,-11.5,-71.6630754973595));
#7578=CARTESIAN_POINT('',(-60.9999989999944,-11.5,-73.9999982529246));
#7579=CARTESIAN_POINT('',(-60.9999989999945,-5.75,-71.6630754973595));
#7580=CARTESIAN_POINT('',(-60.9999989999944,1.51,-73.9999982529246));
#7581=CARTESIAN_POINT('',(-60.9999989999944,0.,-73.9999982529246));
#7582=CARTESIAN_POINT('',(-60.9999989999947,1.51,-66.0000000000003));
#7583=CARTESIAN_POINT('',(-60.9999989999973,1.51,1.49999974999996));
#7584=CARTESIAN_POINT('',(-60.9999989999947,8.,-66.0000000000003));
#7585=CARTESIAN_POINT('',(-60.9999989999947,4.,-66.0000000000003));
#7586=CARTESIAN_POINT('',(-60.9999989999998,8.,68.5));
#7587=CARTESIAN_POINT('',(-60.9999989999986,8.,36.9999994999989));
#7588=CARTESIAN_POINT('',(-60.9999989999998,1.51,68.5));
#7589=CARTESIAN_POINT('',(-60.9999989999998,4.,68.5));
#7590=CARTESIAN_POINT('',(-60.999999,1.51,73.1249992500001));
#7591=CARTESIAN_POINT('Origin',(-64.2499990000004,-8.5,74.1699147525137));
#7592=CARTESIAN_POINT('',(-64.2499989999938,-11.5,-71.6630754973596));
#7593=CARTESIAN_POINT('',(-64.2499989999938,-11.5,-71.6630754973596));
#7594=CARTESIAN_POINT('',(-64.2499990000005,-11.5,76.2500008073772));
#7595=CARTESIAN_POINT('Origin',(60.999999,0.,-73.9999990000001));
#7596=CARTESIAN_POINT('',(60.9999989999989,-11.5,73.9999975458266));
#7597=CARTESIAN_POINT('',(60.9999990000064,1.51,73.9999975458266));
#7598=CARTESIAN_POINT('',(60.9999989999989,0.,73.9999975458266));
#7599=CARTESIAN_POINT('',(60.9999990000062,1.51,69.1177851194915));
#7600=CARTESIAN_POINT('',(60.9999989999994,1.51,-0.720553709783478));
#7601=CARTESIAN_POINT('',(60.9999990000062,8.,69.1177851194915));
#7602=CARTESIAN_POINT('',(60.9999989999989,4.,69.1177851194915));
#7603=CARTESIAN_POINT('',(60.9999990000004,8.,-66.0000000000004));
#7604=CARTESIAN_POINT('',(60.9999989999997,8.,-36.9999994999998));
#7605=CARTESIAN_POINT('',(60.9999990000004,1.51,-66.0000000000004));
#7606=CARTESIAN_POINT('',(60.9999989999999,4.,-66.0000000000004));
#7607=CARTESIAN_POINT('',(60.999999,1.51,-72.4999992500001));
#7608=CARTESIAN_POINT('Origin',(59.000001454177,0.,74.0000004541701));
#7609=CARTESIAN_POINT('',(58.9999990084746,1.51,75.9999980000001));
#7610=CARTESIAN_POINT('',(58.9999990084746,0.,76.0000004391428));
#7611=CARTESIAN_POINT('Origin',(59.000001454177,1.51,74.0000004541701));
#7612=CARTESIAN_POINT('Origin',(4.84123949817672E-7,-11.5,9.03688288644844E-7));
#7613=CARTESIAN_POINT('',(-32.1249992579335,-11.5,-71.6630754973584));
#7614=CARTESIAN_POINT('Origin',(4.84123949817672E-7,-11.5,9.03688288644844E-7));
#7615=CARTESIAN_POINT('',(-58.9999982529295,-11.5,76.0000004391428));
#7616=CARTESIAN_POINT('',(63.2499990013293,-11.5,77.2500006390563));
#7617=CARTESIAN_POINT('Origin',(4.84123949817672E-7,-11.5,9.03688288644844E-7));
#7618=CARTESIAN_POINT('',(64.2499989999978,-11.5,-76.2499989999978));
#7619=CARTESIAN_POINT('Origin',(4.84123949817672E-7,-11.5,9.03688288644844E-7));
#7620=CARTESIAN_POINT('',(-59.,-11.5,-75.9999990000001));
#7621=CARTESIAN_POINT('',(58.9999982529245,-11.5,-75.9999989999996));
#7622=CARTESIAN_POINT('',(-59.0000000000008,-11.5,-37.9999990481565));
#7623=CARTESIAN_POINT('Origin',(63.2499990013293,-8.5,77.2500006390563));
#7624=CARTESIAN_POINT('Origin',(-59.,-11.5,-75.9999990000001));
#7625=CARTESIAN_POINT('',(-59.,0.,-75.9999990000001));
#7626=CARTESIAN_POINT('Origin',(-64.2499989999938,-11.5,-71.6630754973596));
#7627=CARTESIAN_POINT('Origin',(-64.4096727199741,0.274999999999999,-75.4096727199813));
#7628=CARTESIAN_POINT('',(-64.4096727199741,1.,-76.6596727199813));
#7629=CARTESIAN_POINT('Origin',(-64.4096727199741,1.,-75.4096727199813));
#7630=CARTESIAN_POINT('',(-64.4096727199741,0.274999999999999,-76.6596727199813));
#7631=CARTESIAN_POINT('Origin',(-58.99999974707,0.,-73.9999997470751));
#7632=CARTESIAN_POINT('',(-59.,1.51,-75.9999990000001));
#7633=CARTESIAN_POINT('',(-59.,0.,-75.9999990000001));
#7634=CARTESIAN_POINT('Origin',(-58.99999974707,1.51,-73.9999997470751));
#7635=CARTESIAN_POINT('Origin',(44.0017817103048,10.5,62.4988978072589));
#7636=CARTESIAN_POINT('',(43.2517817103048,10.5,62.4988978072589));
#7637=CARTESIAN_POINT('Origin',(44.0017817103048,10.5,62.4988978072589));
#7638=CARTESIAN_POINT('',(43.2517817103048,10.5,62.4988978072589));
#7639=CARTESIAN_POINT('Origin',(22.0017817103048,10.5,62.4988978072589));
#7640=CARTESIAN_POINT('',(21.2517817103048,10.5,62.4988978072589));
#7641=CARTESIAN_POINT('Origin',(22.0017817103048,10.5,62.4988978072589));
#7642=CARTESIAN_POINT('',(21.2517817103048,10.5,62.4988978072589));
#7643=CARTESIAN_POINT('Origin',(0.00178171030476015,10.5,62.4988978072589));
#7644=CARTESIAN_POINT('',(-0.748218289695242,10.5,62.4988978072589));
#7645=CARTESIAN_POINT('Origin',(0.00178171030476015,10.5,62.4988978072589));
#7646=CARTESIAN_POINT('',(-0.748218289695242,10.5,62.4988978072589));
#7647=CARTESIAN_POINT('Origin',(-21.9982182896952,10.5,62.4988978072589));
#7648=CARTESIAN_POINT('',(-22.7482182896952,10.5,62.4988978072589));
#7649=CARTESIAN_POINT('Origin',(-21.9982182896952,10.5,62.4988978072589));
#7650=CARTESIAN_POINT('',(-22.7482182896952,10.5,62.4988978072589));
#7651=CARTESIAN_POINT('Origin',(-43.9982182896952,10.5,62.4988978072589));
#7652=CARTESIAN_POINT('',(-44.7482182896952,10.5,62.4988978072589));
#7653=CARTESIAN_POINT('Origin',(-43.9982182896952,10.5,62.4988978072589));
#7654=CARTESIAN_POINT('',(-44.7482182896952,10.5,62.4988978072589));
#7655=CARTESIAN_POINT('Origin',(-28.7,8.,-40.6700000000003));
#7656=CARTESIAN_POINT('',(-28.7,8.,-40.6700000000003));
#7657=CARTESIAN_POINT('',(-37.3,8.,-40.6700000000003));
#7658=CARTESIAN_POINT('',(-14.3499999999979,8.,-40.6700000000003));
#7659=CARTESIAN_POINT('',(-28.7,9.5,-40.6700000000003));
#7660=CARTESIAN_POINT('',(-28.7,8.,-40.6700000000003));
#7661=CARTESIAN_POINT('',(-37.3,9.5,-40.6700000000003));
#7662=CARTESIAN_POINT('',(-27.65,9.5,-40.6700000000003));
#7663=CARTESIAN_POINT('',(-37.3,8.,-40.6700000000003));
#7664=CARTESIAN_POINT('Origin',(-37.3,8.,-28.2700000000003));
#7665=CARTESIAN_POINT('',(-37.3,8.,-28.2700000000003));
#7666=CARTESIAN_POINT('',(-28.7,8.,-28.2700000000003));
#7667=CARTESIAN_POINT('',(-18.6499999999979,8.,-28.2700000000003));
#7668=CARTESIAN_POINT('',(-37.3,9.5,-28.2700000000003));
#7669=CARTESIAN_POINT('',(-37.3,8.,-28.2700000000003));
#7670=CARTESIAN_POINT('',(-28.7,9.5,-28.2700000000003));
#7671=CARTESIAN_POINT('',(-38.35,9.5,-28.2700000000003));
#7672=CARTESIAN_POINT('',(-28.7,8.,-28.2700000000003));
#7673=CARTESIAN_POINT('Origin',(-33.,9.5,-34.4700000000003));
#7674=CARTESIAN_POINT('',(-37.3,9.5,-30.3700000000001));
#7675=CARTESIAN_POINT('',(-28.7,9.5,-50.0700000000002));
#7676=CARTESIAN_POINT('Origin',(-37.3,8.,-57.2700000000003));
#7677=CARTESIAN_POINT('',(-37.3,8.,-57.2700000000003));
#7678=CARTESIAN_POINT('',(-28.7,8.,-57.2700000000003));
#7679=CARTESIAN_POINT('',(-18.6499999999979,8.,-57.2700000000003));
#7680=CARTESIAN_POINT('',(-37.3,9.5,-57.2700000000003));
#7681=CARTESIAN_POINT('',(-37.3,8.,-57.2700000000003));
#7682=CARTESIAN_POINT('',(-28.7,9.5,-57.2700000000003));
#7683=CARTESIAN_POINT('',(-38.35,9.5,-57.2700000000003));
#7684=CARTESIAN_POINT('',(-28.7,8.,-57.2700000000003));
#7685=CARTESIAN_POINT('Origin',(-28.7,8.,-61.6700000000003));
#7686=CARTESIAN_POINT('',(-28.7,8.,-61.6700000000003));
#7687=CARTESIAN_POINT('',(-37.3,8.,-61.6700000000003));
#7688=CARTESIAN_POINT('',(-14.3499999999979,8.,-61.6700000000003));
#7689=CARTESIAN_POINT('',(-28.7,9.5,-61.6700000000003));
#7690=CARTESIAN_POINT('',(-28.7,8.,-61.6700000000003));
#7691=CARTESIAN_POINT('',(-37.3,9.5,-61.6700000000003));
#7692=CARTESIAN_POINT('',(-27.65,9.5,-61.6700000000003));
#7693=CARTESIAN_POINT('',(-37.3,8.,-61.6700000000003));
#7694=CARTESIAN_POINT('Origin',(-33.,9.5,-59.4700000000003));
#7695=CARTESIAN_POINT('',(-28.7,9.5,-62.5700000000002));
#7696=CARTESIAN_POINT('',(-37.3,9.5,-42.8700000000002));
#7697=CARTESIAN_POINT('Origin',(-28.7,8.,-65.6700000000001));
#7698=CARTESIAN_POINT('',(-28.7,8.,-32.8350000000001));
#7699=CARTESIAN_POINT('',(-28.7,8.,-65.6700000000001));
#7700=CARTESIAN_POINT('',(-28.7,8.,-32.8350000000001));
#7701=CARTESIAN_POINT('',(-28.7,10.175,-65.6700000000001));
#7702=CARTESIAN_POINT('',(-28.7,8.,-65.6700000000001));
#7703=CARTESIAN_POINT('',(-28.7,10.175,-26.27));
#7704=CARTESIAN_POINT('',(-28.7,10.175,-65.6700000000001));
#7705=CARTESIAN_POINT('',(-28.7,8.,-26.27));
#7706=CARTESIAN_POINT('',(-28.7,8.,-26.27));
#7707=CARTESIAN_POINT('',(-28.7,8.,-32.8350000000001));
#7708=CARTESIAN_POINT('Origin',(4.17443857259059E-12,8.,8.88178419700125E-15));
#7709=CARTESIAN_POINT('',(-37.3,8.,-13.135));
#7710=CARTESIAN_POINT('Origin',(-6.69999999999999,8.,-40.6700000000002));
#7711=CARTESIAN_POINT('',(-6.69999999999999,8.,-40.6700000000002));
#7712=CARTESIAN_POINT('',(-15.3,8.,-40.6700000000002));
#7713=CARTESIAN_POINT('',(-3.34999999999791,8.,-40.6700000000002));
#7714=CARTESIAN_POINT('',(-6.69999999999999,9.5,-40.6700000000002));
#7715=CARTESIAN_POINT('',(-6.69999999999999,8.,-40.6700000000002));
#7716=CARTESIAN_POINT('',(-15.3,9.5,-40.6700000000002));
#7717=CARTESIAN_POINT('',(-5.65,9.5,-40.6700000000002));
#7718=CARTESIAN_POINT('',(-15.3,8.,-40.6700000000002));
#7719=CARTESIAN_POINT('Origin',(-15.3,8.,-28.2700000000002));
#7720=CARTESIAN_POINT('',(-15.3,8.,-28.2700000000002));
#7721=CARTESIAN_POINT('',(-6.69999999999999,8.,-28.2700000000002));
#7722=CARTESIAN_POINT('',(-7.64999999999792,8.,-28.2700000000002));
#7723=CARTESIAN_POINT('',(-15.3,9.5,-28.2700000000002));
#7724=CARTESIAN_POINT('',(-15.3,8.,-28.2700000000002));
#7725=CARTESIAN_POINT('',(-6.69999999999999,9.5,-28.2700000000002));
#7726=CARTESIAN_POINT('',(-16.35,9.5,-28.2700000000002));
#7727=CARTESIAN_POINT('',(-6.69999999999999,8.,-28.2700000000002));
#7728=CARTESIAN_POINT('Origin',(-11.,9.5,-34.4700000000002));
#7729=CARTESIAN_POINT('',(-15.3,9.5,-30.3700000000001));
#7730=CARTESIAN_POINT('',(-6.69999999999999,9.5,-50.0700000000001));
#7731=CARTESIAN_POINT('Origin',(-15.3,8.,-57.2700000000002));
#7732=CARTESIAN_POINT('',(-15.3,8.,-57.2700000000002));
#7733=CARTESIAN_POINT('',(-6.69999999999999,8.,-57.2700000000002));
#7734=CARTESIAN_POINT('',(-7.64999999999792,8.,-57.2700000000002));
#7735=CARTESIAN_POINT('',(-15.3,9.5,-57.2700000000002));
#7736=CARTESIAN_POINT('',(-15.3,8.,-57.2700000000002));
#7737=CARTESIAN_POINT('',(-6.69999999999999,9.5,-57.2700000000002));
#7738=CARTESIAN_POINT('',(-16.35,9.5,-57.2700000000002));
#7739=CARTESIAN_POINT('',(-6.69999999999999,8.,-57.2700000000002));
#7740=CARTESIAN_POINT('Origin',(-6.69999999999999,8.,-61.6700000000002));
#7741=CARTESIAN_POINT('',(-6.69999999999999,8.,-61.6700000000002));
#7742=CARTESIAN_POINT('',(-15.3,8.,-61.6700000000002));
#7743=CARTESIAN_POINT('',(-3.34999999999791,8.,-61.6700000000002));
#7744=CARTESIAN_POINT('',(-6.69999999999999,9.5,-61.6700000000002));
#7745=CARTESIAN_POINT('',(-6.69999999999999,8.,-61.6700000000002));
#7746=CARTESIAN_POINT('',(-15.3,9.5,-61.6700000000002));
#7747=CARTESIAN_POINT('',(-5.65,9.5,-61.6700000000002));
#7748=CARTESIAN_POINT('',(-15.3,8.,-61.6700000000002));
#7749=CARTESIAN_POINT('Origin',(-11.,9.5,-59.4700000000002));
#7750=CARTESIAN_POINT('',(-6.69999999999999,9.5,-62.5700000000002));
#7751=CARTESIAN_POINT('',(-15.3,9.5,-42.8700000000001));
#7752=CARTESIAN_POINT('Origin',(-6.69999999999999,8.,-65.6700000000001));
#7753=CARTESIAN_POINT('',(-6.69999999999999,8.,-32.835));
#7754=CARTESIAN_POINT('',(-6.69999999999999,8.,-65.6700000000001));
#7755=CARTESIAN_POINT('',(-6.69999999999999,8.,-32.835));
#7756=CARTESIAN_POINT('',(-6.69999999999999,10.175,-65.6700000000001));
#7757=CARTESIAN_POINT('',(-6.69999999999999,8.,-65.6700000000001));
#7758=CARTESIAN_POINT('',(-6.69999999999999,10.175,-26.27));
#7759=CARTESIAN_POINT('',(-6.69999999999999,10.175,-65.6700000000001));
#7760=CARTESIAN_POINT('',(-6.69999999999999,8.,-26.27));
#7761=CARTESIAN_POINT('',(-6.69999999999999,8.,-26.27));
#7762=CARTESIAN_POINT('',(-6.69999999999999,8.,-32.835));
#7763=CARTESIAN_POINT('Origin',(4.17443857259059E-12,8.,8.88178419700125E-15));
#7764=CARTESIAN_POINT('',(-15.3,8.,-13.135));
#7765=CARTESIAN_POINT('Origin',(15.3,8.,-40.6700000000001));
#7766=CARTESIAN_POINT('',(15.3,8.,-40.6700000000001));
#7767=CARTESIAN_POINT('',(6.69999999999999,8.,-40.6700000000001));
#7768=CARTESIAN_POINT('',(7.65000000000209,8.,-40.6700000000001));
#7769=CARTESIAN_POINT('',(15.3,9.5,-40.6700000000001));
#7770=CARTESIAN_POINT('',(15.3,8.,-40.6700000000001));
#7771=CARTESIAN_POINT('',(6.69999999999999,9.5,-40.6700000000001));
#7772=CARTESIAN_POINT('',(16.35,9.5,-40.6700000000001));
#7773=CARTESIAN_POINT('',(6.70000000000001,8.,-40.6700000000001));
#7774=CARTESIAN_POINT('Origin',(6.69999999999999,8.,-28.2700000000001));
#7775=CARTESIAN_POINT('',(6.69999999999999,8.,-28.2700000000001));
#7776=CARTESIAN_POINT('',(15.3,8.,-28.2700000000001));
#7777=CARTESIAN_POINT('',(3.35000000000208,8.,-28.2700000000001));
#7778=CARTESIAN_POINT('',(6.69999999999999,9.5,-28.2700000000001));
#7779=CARTESIAN_POINT('',(6.70000000000001,8.,-28.2700000000001));
#7780=CARTESIAN_POINT('',(15.3,9.5,-28.2700000000001));
#7781=CARTESIAN_POINT('',(5.65,9.5,-28.2700000000001));
#7782=CARTESIAN_POINT('',(15.3,8.,-28.2700000000001));
#7783=CARTESIAN_POINT('Origin',(11.,9.5,-34.4700000000001));
#7784=CARTESIAN_POINT('',(6.70000000000001,9.5,-30.3700000000001));
#7785=CARTESIAN_POINT('',(15.3,9.5,-50.0700000000001));
#7786=CARTESIAN_POINT('Origin',(6.69999999999999,8.,-57.2700000000002));
#7787=CARTESIAN_POINT('',(6.69999999999999,8.,-57.2700000000002));
#7788=CARTESIAN_POINT('',(15.3,8.,-57.2700000000002));
#7789=CARTESIAN_POINT('',(3.35000000000208,8.,-57.2700000000002));
#7790=CARTESIAN_POINT('',(6.69999999999999,9.5,-57.2700000000002));
#7791=CARTESIAN_POINT('',(6.70000000000001,8.,-57.2700000000002));
#7792=CARTESIAN_POINT('',(15.3,9.5,-57.2700000000002));
#7793=CARTESIAN_POINT('',(5.65,9.5,-57.2700000000002));
#7794=CARTESIAN_POINT('',(15.3,8.,-57.2700000000002));
#7795=CARTESIAN_POINT('Origin',(15.3,8.,-61.6700000000002));
#7796=CARTESIAN_POINT('',(15.3,8.,-61.6700000000002));
#7797=CARTESIAN_POINT('',(6.69999999999999,8.,-61.6700000000002));
#7798=CARTESIAN_POINT('',(7.65000000000209,8.,-61.6700000000002));
#7799=CARTESIAN_POINT('',(15.3,9.5,-61.6700000000002));
#7800=CARTESIAN_POINT('',(15.3,8.,-61.6700000000002));
#7801=CARTESIAN_POINT('',(6.69999999999999,9.5,-61.6700000000002));
#7802=CARTESIAN_POINT('',(16.35,9.5,-61.6700000000002));
#7803=CARTESIAN_POINT('',(6.70000000000001,8.,-61.6700000000002));
#7804=CARTESIAN_POINT('Origin',(11.,9.5,-59.4700000000002));
#7805=CARTESIAN_POINT('',(15.3,9.5,-62.5700000000001));
#7806=CARTESIAN_POINT('',(6.70000000000001,9.5,-42.8700000000001));
#7807=CARTESIAN_POINT('Origin',(15.3,8.,-65.6700000000001));
#7808=CARTESIAN_POINT('',(15.3,8.,-32.835));
#7809=CARTESIAN_POINT('',(15.3,8.,-65.6700000000001));
#7810=CARTESIAN_POINT('',(15.3,8.,-32.835));
#7811=CARTESIAN_POINT('',(15.3,10.175,-65.6700000000001));
#7812=CARTESIAN_POINT('',(15.3,8.,-65.6700000000001));
#7813=CARTESIAN_POINT('',(15.3,10.175,-26.27));
#7814=CARTESIAN_POINT('',(15.3,10.175,-65.6700000000001));
#7815=CARTESIAN_POINT('',(15.3,8.,-26.27));
#7816=CARTESIAN_POINT('',(15.3,8.,-26.27));
#7817=CARTESIAN_POINT('',(15.3,8.,-32.835));
#7818=CARTESIAN_POINT('Origin',(4.17443857259059E-12,8.,8.88178419700125E-15));
#7819=CARTESIAN_POINT('',(6.70000000000001,8.,-13.135));
#7820=CARTESIAN_POINT('Origin',(37.3,8.,-40.67));
#7821=CARTESIAN_POINT('',(37.3,8.,-40.67));
#7822=CARTESIAN_POINT('',(28.7,8.,-40.67));
#7823=CARTESIAN_POINT('',(18.6500000000021,8.,-40.67));
#7824=CARTESIAN_POINT('',(37.3,9.5,-40.67));
#7825=CARTESIAN_POINT('',(37.3,8.,-40.67));
#7826=CARTESIAN_POINT('',(28.7,9.5,-40.67));
#7827=CARTESIAN_POINT('',(38.35,9.5,-40.67));
#7828=CARTESIAN_POINT('',(28.7,8.,-40.67));
#7829=CARTESIAN_POINT('Origin',(28.7,8.,-28.27));
#7830=CARTESIAN_POINT('',(28.7,8.,-28.27));
#7831=CARTESIAN_POINT('',(37.3,8.,-28.27));
#7832=CARTESIAN_POINT('',(14.3500000000021,8.,-28.27));
#7833=CARTESIAN_POINT('',(28.7,9.5,-28.27));
#7834=CARTESIAN_POINT('',(28.7,8.,-28.27));
#7835=CARTESIAN_POINT('',(37.3,9.5,-28.27));
#7836=CARTESIAN_POINT('',(27.65,9.5,-28.27));
#7837=CARTESIAN_POINT('',(37.3,8.,-28.27));
#7838=CARTESIAN_POINT('Origin',(33.,9.5,-34.47));
#7839=CARTESIAN_POINT('',(28.7,9.5,-30.37));
#7840=CARTESIAN_POINT('',(37.3,9.5,-50.0700000000001));
#7841=CARTESIAN_POINT('Origin',(28.7,8.,-57.2700000000001));
#7842=CARTESIAN_POINT('',(28.7,8.,-57.2700000000001));
#7843=CARTESIAN_POINT('',(37.3,8.,-57.2700000000001));
#7844=CARTESIAN_POINT('',(14.3500000000021,8.,-57.2700000000001));
#7845=CARTESIAN_POINT('',(28.7,9.5,-57.2700000000001));
#7846=CARTESIAN_POINT('',(28.7,8.,-57.2700000000001));
#7847=CARTESIAN_POINT('',(37.3,9.5,-57.2700000000001));
#7848=CARTESIAN_POINT('',(27.65,9.5,-57.2700000000001));
#7849=CARTESIAN_POINT('',(37.3,8.,-57.2700000000001));
#7850=CARTESIAN_POINT('Origin',(37.3,8.,-61.6700000000001));
#7851=CARTESIAN_POINT('',(37.3,8.,-61.6700000000001));
#7852=CARTESIAN_POINT('',(28.7,8.,-61.6700000000001));
#7853=CARTESIAN_POINT('',(18.6500000000021,8.,-61.6700000000001));
#7854=CARTESIAN_POINT('',(37.3,9.5,-61.6700000000001));
#7855=CARTESIAN_POINT('',(37.3,8.,-61.6700000000001));
#7856=CARTESIAN_POINT('',(28.7,9.5,-61.6700000000001));
#7857=CARTESIAN_POINT('',(38.35,9.5,-61.6700000000001));
#7858=CARTESIAN_POINT('',(28.7,8.,-61.6700000000001));
#7859=CARTESIAN_POINT('Origin',(33.,9.5,-59.4700000000001));
#7860=CARTESIAN_POINT('',(37.3,9.5,-62.5700000000001));
#7861=CARTESIAN_POINT('',(28.7,9.5,-42.8700000000001));
#7862=CARTESIAN_POINT('Origin',(4.17443857259059E-12,8.,8.88178419700125E-15));
#7863=CARTESIAN_POINT('',(-55.0000008195639,8.,-66.0000000000001));
#7864=CARTESIAN_POINT('',(-27.5000004097786,8.,-65.9999999999991));
#7865=CARTESIAN_POINT('',(-51.,8.,-70.0000010430813));
#7866=CARTESIAN_POINT('Origin',(-55.,8.,-70.0000000000001));
#7867=CARTESIAN_POINT('',(-51.,8.,-75.9999990000001));
#7868=CARTESIAN_POINT('',(-51.0000000000001,8.,-37.9999995000001));
#7869=CARTESIAN_POINT('',(51.,8.,-75.9999989999997));
#7870=CARTESIAN_POINT('',(-29.4999999999977,8.,-75.999999));
#7871=CARTESIAN_POINT('',(51.,8.,-70.0000010430813));
#7872=CARTESIAN_POINT('',(50.9999999999999,8.,-35.0000005215406));
#7873=CARTESIAN_POINT('',(55.0000008195639,8.,-66.0000000000001));
#7874=CARTESIAN_POINT('Origin',(55.,8.,-70.0000000000001));
#7875=CARTESIAN_POINT('',(30.4999995000009,8.,-65.9999999999991));
#7876=CARTESIAN_POINT('',(57.5000009999999,8.,69.1177851194916));
#7877=CARTESIAN_POINT('',(28.7500005000036,8.,69.117785119493));
#7878=CARTESIAN_POINT('',(54.368353774483,8.,71.2224385913608));
#7879=CARTESIAN_POINT('Origin',(57.500001,8.,72.5000000000001));
#7880=CARTESIAN_POINT('',(53.8323359227291,8.,68.0935209640468));
#7881=CARTESIAN_POINT('Origin',(51.5883175594706,8.,70.0883175594706));
#7882=CARTESIAN_POINT('',(53.7124124401759,8.,67.9697717530568));
#7883=CARTESIAN_POINT('',(23.7817492251091,8.,37.0842781164772));
#7884=CARTESIAN_POINT('',(51.7410819007501,8.,65.9984412136309));
#7885=CARTESIAN_POINT('',(23.2918663918687,8.,37.5492257047497));
#7886=CARTESIAN_POINT('',(51.8465455656849,8.,65.7625706999999));
#7887=CARTESIAN_POINT('',(59.7272082723295,8.,48.1373918147496));
#7888=CARTESIAN_POINT('',(40.7494899023881,8.,54.6494087351187));
#7889=CARTESIAN_POINT('Origin',(44.0017817103048,8.,62.4988978072589));
#7890=CARTESIAN_POINT('',(40.50218592779,8.,54.7595452406708));
#7891=CARTESIAN_POINT('',(33.9018889085255,8.,57.6989789901239));
#7892=CARTESIAN_POINT('',(38.5302290519386,8.,52.7875883648194));
#7893=CARTESIAN_POINT('',(16.6867531356758,8.,30.9441124485567));
#7894=CARTESIAN_POINT('',(38.4064797679853,8.,52.6676648115578));
#7895=CARTESIAN_POINT('',(15.4048860617838,8.,30.3771693855874));
#7896=CARTESIAN_POINT('',(34.1676648115578,8.,56.9064797679855));
#7897=CARTESIAN_POINT('Origin',(36.411684,8.,54.9116840000001));
#7898=CARTESIAN_POINT('',(34.2875883648196,8.,57.0302290519388));
#7899=CARTESIAN_POINT('',(11.6742954001919,8.,33.6955401097925));
#7900=CARTESIAN_POINT('',(36.2580862319884,8.,59.0007269191077));
#7901=CARTESIAN_POINT('',(11.458134010631,8.,34.2007746977503));
#7902=CARTESIAN_POINT('',(36.1570876904673,8.,59.2259944644839));
#7903=CARTESIAN_POINT('',(44.2365068894989,8.,41.2056260154074));
#7904=CARTESIAN_POINT('',(47.2320216498655,8.,70.3603152250602));
#7905=CARTESIAN_POINT('Origin',(43.9990815195121,8.,62.5009195829201));
#7906=CARTESIAN_POINT('',(47.5003273857369,8.,70.2417102708968));
#7907=CARTESIAN_POINT('',(40.4857401367481,8.,73.342519116595));
#7908=CARTESIAN_POINT('',(49.4697143560881,8.,72.2123568176447));
#7909=CARTESIAN_POINT('',(18.0724141721008,8.,40.7949756141179));
#7910=CARTESIAN_POINT('',(49.5935209640437,8.,72.3323359227265));
#7911=CARTESIAN_POINT('',(18.6698461225834,8.,42.3646718813136));
#7912=CARTESIAN_POINT('Origin',(51.5883175594706,8.,70.0883175594706));
#7913=CARTESIAN_POINT('',(54.1177861194915,8.,72.5000000286629));
#7914=CARTESIAN_POINT('Origin',(57.500001,8.,72.5000000000001));
#7915=CARTESIAN_POINT('',(54.1177861491525,8.,75.9999980413748));
#7916=CARTESIAN_POINT('',(54.1177858271188,8.,37.9999987913749));
#7917=CARTESIAN_POINT('',(-53.499999,8.,75.9999989533896));
#7918=CARTESIAN_POINT('',(29.4999995042394,8.,76.0000004391428));
#7919=CARTESIAN_POINT('',(-53.499999,8.,72.5000000000001));
#7920=CARTESIAN_POINT('',(-53.4999990000001,8.,36.2500000000001));
#7921=CARTESIAN_POINT('',(-57.4999989999999,8.,68.5000000000001));
#7922=CARTESIAN_POINT('Origin',(-57.499999,8.,72.5000000000001));
#7923=CARTESIAN_POINT('',(-30.4999994999991,8.,68.5000000000012));
#7924=CARTESIAN_POINT('',(-15.3,8.,-26.27));
#7925=CARTESIAN_POINT('',(-14.3499999999979,8.,-26.27));
#7926=CARTESIAN_POINT('',(-15.3,8.,-13.135));
#7927=CARTESIAN_POINT('',(6.70000000000001,8.,-26.27));
#7928=CARTESIAN_POINT('',(-3.34999999999791,8.,-26.27));
#7929=CARTESIAN_POINT('',(6.70000000000001,8.,-13.135));
#7930=CARTESIAN_POINT('',(28.7,8.,-26.27));
#7931=CARTESIAN_POINT('',(7.65000000000209,8.,-26.27));
#7932=CARTESIAN_POINT('',(28.7,8.,-13.135));
#7933=CARTESIAN_POINT('',(37.3,8.,-26.27));
#7934=CARTESIAN_POINT('',(37.3,8.,-32.835));
#7935=CARTESIAN_POINT('',(50.7,8.,-26.27));
#7936=CARTESIAN_POINT('',(18.6500000000021,8.,-26.27));
#7937=CARTESIAN_POINT('',(50.7,8.,-65.6700000000001));
#7938=CARTESIAN_POINT('',(50.7,8.,-13.135));
#7939=CARTESIAN_POINT('',(37.3,8.,-65.6700000000001));
#7940=CARTESIAN_POINT('',(25.3500000000021,8.,-65.6700000000001));
#7941=CARTESIAN_POINT('',(37.3,8.,-32.835));
#7942=CARTESIAN_POINT('',(28.7,8.,-65.6700000000001));
#7943=CARTESIAN_POINT('',(28.7,8.,-13.135));
#7944=CARTESIAN_POINT('',(14.3500000000021,8.,-65.6700000000001));
#7945=CARTESIAN_POINT('',(6.70000000000001,8.,-65.6700000000001));
#7946=CARTESIAN_POINT('',(6.70000000000001,8.,-13.135));
#7947=CARTESIAN_POINT('',(3.35000000000209,8.,-65.6700000000001));
#7948=CARTESIAN_POINT('',(-15.3,8.,-65.6700000000001));
#7949=CARTESIAN_POINT('',(-15.3,8.,-13.135));
#7950=CARTESIAN_POINT('',(-7.64999999999791,8.,-65.6700000000001));
#7951=CARTESIAN_POINT('',(-37.3,8.,-65.6700000000001));
#7952=CARTESIAN_POINT('',(-37.3,8.,-13.135));
#7953=CARTESIAN_POINT('',(-50.7,8.,-65.6700000000001));
#7954=CARTESIAN_POINT('',(-18.6499999999979,8.,-65.6700000000001));
#7955=CARTESIAN_POINT('',(-50.7,8.,-26.27));
#7956=CARTESIAN_POINT('',(-50.7,8.,-32.835));
#7957=CARTESIAN_POINT('',(-37.3,8.,-26.27));
#7958=CARTESIAN_POINT('',(-25.3499999999979,8.,-26.27));
#7959=CARTESIAN_POINT('',(-37.3,8.,-13.135));
#7960=CARTESIAN_POINT('',(9.71241244017592,8.,67.9697717530568));
#7961=CARTESIAN_POINT('',(7.7410819007501,8.,65.9984412136309));
#7962=CARTESIAN_POINT('',(-9.70813360813121,8.,48.5492257047497));
#7963=CARTESIAN_POINT('',(7.84654556568485,8.,65.7625706999999));
#7964=CARTESIAN_POINT('',(19.3926678981697,8.,39.9395556673374));
#7965=CARTESIAN_POINT('',(-3.25051009761192,8.,54.6494087351187));
#7966=CARTESIAN_POINT('Origin',(0.00178171030476015,8.,62.4988978072589));
#7967=CARTESIAN_POINT('',(-3.49781407221,8.,54.7595452406708));
#7968=CARTESIAN_POINT('',(8.26068785961839,8.,49.5229115981931));
#7969=CARTESIAN_POINT('',(-5.46977094806143,8.,52.7875883648194));
#7970=CARTESIAN_POINT('',(-16.3132468643242,8.,41.9441124485567));
#7971=CARTESIAN_POINT('',(-5.5935202320147,8.,52.6676648115578));
#7972=CARTESIAN_POINT('',(-17.2497929969614,8.,41.3717477516518));
#7973=CARTESIAN_POINT('',(-9.83233518844217,8.,56.9064797679855));
#7974=CARTESIAN_POINT('Origin',(-7.58831600000001,8.,54.9116840000001));
#7975=CARTESIAN_POINT('',(-9.71241163518042,8.,57.0302290519388));
#7976=CARTESIAN_POINT('',(-21.6710255410562,8.,44.6901184758571));
#7977=CARTESIAN_POINT('',(-7.74191376801156,8.,59.0007269191077));
#7978=CARTESIAN_POINT('',(-21.541865989369,8.,45.2007746977503));
#7979=CARTESIAN_POINT('',(-7.84291230953274,8.,59.2259944644839));
#7980=CARTESIAN_POINT('',(3.91869905628112,8.,32.9928500829899));
#7981=CARTESIAN_POINT('',(3.23202164986547,8.,70.3603152250602));
#7982=CARTESIAN_POINT('Origin',(-0.000918480487923645,8.,62.5009195829201));
#7983=CARTESIAN_POINT('',(3.50032738573694,8.,70.2417102708968));
#7984=CARTESIAN_POINT('',(14.8894749256823,8.,65.207120467781));
#7985=CARTESIAN_POINT('',(5.46971435608814,8.,72.2123568176447));
#7986=CARTESIAN_POINT('',(-14.934618935048,8.,51.794973365727));
#7987=CARTESIAN_POINT('',(5.59352096404369,8.,72.3323359227265));
#7988=CARTESIAN_POINT('',(-13.9848329361102,8.,53.3592502473763));
#7989=CARTESIAN_POINT('',(9.83233592272912,8.,68.0935209640468));
#7990=CARTESIAN_POINT('Origin',(7.58831755947057,8.,70.0883175594706));
#7991=CARTESIAN_POINT('',(-9.56357171622407,8.,48.0788564825404));
#7992=CARTESIAN_POINT('',(-12.2875875598241,8.,67.9697717530568));
#7993=CARTESIAN_POINT('',(-14.2589180992499,8.,65.9984412136309));
#7994=CARTESIAN_POINT('',(-26.2081336081312,8.,54.0492257047497));
#7995=CARTESIAN_POINT('',(-14.1534544343151,8.,65.7625706999999));
#7996=CARTESIAN_POINT('',(-0.774602288910256,8.,35.8406375936312));
#7997=CARTESIAN_POINT('',(-25.2505100976119,8.,54.6494087351187));
#7998=CARTESIAN_POINT('Origin',(-21.9982182896952,8.,62.4988978072589));
#7999=CARTESIAN_POINT('',(-25.49781407221,8.,54.7595452406708));
#8000=CARTESIAN_POINT('',(-4.55991266483516,8.,45.4348779022277));
#8001=CARTESIAN_POINT('',(-27.4697709480614,8.,52.7875883648194));
#8002=CARTESIAN_POINT('',(-32.8132468643242,8.,47.4441124485567));
#8003=CARTESIAN_POINT('',(-27.5935202320147,8.,52.6676648115578));
#8004=CARTESIAN_POINT('',(-33.577132526334,8.,46.869036934684));
#8005=CARTESIAN_POINT('',(-31.8323351884422,8.,56.9064797679855));
#8006=CARTESIAN_POINT('Origin',(-29.588316,8.,54.9116840000001));
#8007=CARTESIAN_POINT('',(-31.7124116351804,8.,57.0302290519388));
#8008=CARTESIAN_POINT('',(-38.3436860116802,8.,50.1874076588894));
#8009=CARTESIAN_POINT('',(-29.7419137680116,8.,59.0007269191077));
#8010=CARTESIAN_POINT('',(-38.041865989369,8.,50.7007746977503));
#8011=CARTESIAN_POINT('',(-29.8429123095327,8.,59.2259944644839));
#8012=CARTESIAN_POINT('',(-16.2402048603278,8.,28.8864621167811));
#8013=CARTESIAN_POINT('',(-18.7679783501345,8.,70.3603152250602));
#8014=CARTESIAN_POINT('Origin',(-22.0009184804879,8.,62.5009195829201));
#8015=CARTESIAN_POINT('',(-18.4996726142631,8.,70.2417102708968));
#8016=CARTESIAN_POINT('',(2.09134232014944,8.,61.1394211433741));
#8017=CARTESIAN_POINT('',(-16.5302856439119,8.,72.2123568176447));
#8018=CARTESIAN_POINT('',(-31.4381354886224,8.,57.2949722415315));
#8019=CARTESIAN_POINT('',(-16.4064790359563,8.,72.3323359227265));
#8020=CARTESIAN_POINT('',(-30.3121724654569,8.,58.8565394304077));
#8021=CARTESIAN_POINT('',(-12.1676640772709,8.,68.0935209640468));
#8022=CARTESIAN_POINT('Origin',(-14.4116824405294,8.,70.0883175594706));
#8023=CARTESIAN_POINT('',(-26.2362321868901,8.,53.5761456655713));
#8024=CARTESIAN_POINT('',(31.7124124401759,8.,67.9697717530568));
#8025=CARTESIAN_POINT('',(29.7410819007501,8.,65.9984412136309));
#8026=CARTESIAN_POINT('',(6.79186639186878,8.,43.0492257047497));
#8027=CARTESIAN_POINT('',(29.8465455656849,8.,65.7625706999999));
#8028=CARTESIAN_POINT('',(39.5599380852496,8.,44.0384737410435));
#8029=CARTESIAN_POINT('',(18.7494899023881,8.,54.6494087351187));
#8030=CARTESIAN_POINT('Origin',(22.0017817103048,8.,62.4988978072589));
#8031=CARTESIAN_POINT('',(18.50218592779,8.,54.7595452406708));
#8032=CARTESIAN_POINT('',(21.081288384072,8.,53.6109452941585));
#8033=CARTESIAN_POINT('',(16.5302290519386,8.,52.7875883648194));
#8034=CARTESIAN_POINT('',(0.186753135675841,8.,36.4441124485567));
#8035=CARTESIAN_POINT('',(16.4064797679853,8.,52.6676648115578));
#8036=CARTESIAN_POINT('',(-0.922453467588809,8.,35.8744585686196));
#8037=CARTESIAN_POINT('',(12.1676648115578,8.,56.9064797679855));
#8038=CARTESIAN_POINT('Origin',(14.411684,8.,54.9116840000001));
#8039=CARTESIAN_POINT('',(12.2875883648196,8.,57.0302290519388));
#8040=CARTESIAN_POINT('',(-4.99836507043214,8.,39.1928292928248));
#8041=CARTESIAN_POINT('',(14.2580862319884,8.,59.0007269191077));
#8042=CARTESIAN_POINT('',(-5.04186598936898,8.,39.7007746977503));
#8043=CARTESIAN_POINT('',(14.1570876904673,8.,59.2259944644839));
#8044=CARTESIAN_POINT('',(24.07760297289,8.,37.0992380491986));
#8045=CARTESIAN_POINT('',(25.2320216498655,8.,70.3603152250602));
#8046=CARTESIAN_POINT('Origin',(21.9990815195121,8.,62.5009195829201));
#8047=CARTESIAN_POINT('',(25.5003273857369,8.,70.2417102708968));
#8048=CARTESIAN_POINT('',(27.6876075312152,8.,69.274819792188));
#8049=CARTESIAN_POINT('',(27.4697143560881,8.,72.2123568176447));
#8050=CARTESIAN_POINT('',(1.56889761852639,8.,46.2949744899225));
#8051=CARTESIAN_POINT('',(27.5935209640437,8.,72.3323359227265));
#8052=CARTESIAN_POINT('',(2.34250659323662,8.,47.861961064345));
#8053=CARTESIAN_POINT('',(31.8323359227291,8.,68.0935209640468));
#8054=CARTESIAN_POINT('Origin',(29.5883175594706,8.,70.0883175594706));
#8055=CARTESIAN_POINT('',(7.109088754442,8.,42.5815672995094));
#8056=CARTESIAN_POINT('',(-34.2875875598241,8.,67.9697717530568));
#8057=CARTESIAN_POINT('',(-36.2589180992499,8.,65.9984412136309));
#8058=CARTESIAN_POINT('',(-42.7081336081312,8.,59.5492257047497));
#8059=CARTESIAN_POINT('',(-36.1534544343152,8.,65.7625706999999));
#8060=CARTESIAN_POINT('',(-20.9418724759902,8.,31.7417195199251));
#8061=CARTESIAN_POINT('',(-47.2505100976119,8.,54.6494087351187));
#8062=CARTESIAN_POINT('Origin',(-43.9982182896952,8.,62.4988978072589));
#8063=CARTESIAN_POINT('',(-47.49781407221,8.,54.7595452406708));
#8064=CARTESIAN_POINT('',(-17.3805131892887,8.,41.3468442062623));
#8065=CARTESIAN_POINT('',(-49.4697709480614,8.,52.7875883648194));
#8066=CARTESIAN_POINT('',(-49.3132468643242,8.,52.9441124485567));
#8067=CARTESIAN_POINT('',(-49.5935202320147,8.,52.6676648115578));
#8068=CARTESIAN_POINT('',(-49.9044720557066,8.,52.3663261177162));
#8069=CARTESIAN_POINT('',(-53.8323351884422,8.,56.9064797679855));
#8070=CARTESIAN_POINT('Origin',(-51.588316,8.,54.9116840000001));
#8071=CARTESIAN_POINT('',(-53.7124116351804,8.,57.0302290519388));
#8072=CARTESIAN_POINT('',(-55.0163464823043,8.,55.6846968419217));
#8073=CARTESIAN_POINT('',(-51.7419137680116,8.,59.0007269191077));
#8074=CARTESIAN_POINT('',(-54.541865989369,8.,56.2007746977503));
#8075=CARTESIAN_POINT('',(-51.8429123095327,8.,59.2259944644839));
#8076=CARTESIAN_POINT('',(-36.3991087769367,8.,24.7800741505723));
#8077=CARTESIAN_POINT('',(-40.7679783501345,8.,70.3603152250602));
#8078=CARTESIAN_POINT('Origin',(-44.0009184804879,8.,62.5009195829201));
#8079=CARTESIAN_POINT('',(-40.4996726142631,8.,70.2417102708968));
#8080=CARTESIAN_POINT('',(-10.7067902853834,8.,57.071721818967));
#8081=CARTESIAN_POINT('',(-38.5302856439119,8.,72.2123568176447));
#8082=CARTESIAN_POINT('',(-47.9416520421968,8.,62.794971117336));
#8083=CARTESIAN_POINT('',(-38.4064790359563,8.,72.3323359227265));
#8084=CARTESIAN_POINT('',(-46.6395119948037,8.,64.3538286134391));
#8085=CARTESIAN_POINT('',(-34.1676640772709,8.,68.0935209640468));
#8086=CARTESIAN_POINT('Origin',(-36.4116824405294,8.,70.0883175594706));
#8087=CARTESIAN_POINT('',(-42.9088926575562,8.,59.0734348486023));
#8088=CARTESIAN_POINT('',(-1.5,8.,-22.5));
#8089=CARTESIAN_POINT('',(-1.5,8.,45.5000000000001));
#8090=CARTESIAN_POINT('',(-1.5,8.,22.75));
#8091=CARTESIAN_POINT('',(1.5,8.,45.5000000000001));
#8092=CARTESIAN_POINT('',(0.750000000002089,8.,45.5000000000001));
#8093=CARTESIAN_POINT('',(1.5,8.,-22.5));
#8094=CARTESIAN_POINT('',(1.5,8.,-11.25));
#8095=CARTESIAN_POINT('',(-0.749999999997914,8.,-22.5));
#8096=CARTESIAN_POINT('',(-23.5,8.,-22.5));
#8097=CARTESIAN_POINT('',(-23.5,8.,45.4999989829957));
#8098=CARTESIAN_POINT('',(-23.5,8.,22.7499994914979));
#8099=CARTESIAN_POINT('',(-20.4999995417893,8.,45.4999989829957));
#8100=CARTESIAN_POINT('',(-10.2499997708926,8.,45.4999989829957));
#8101=CARTESIAN_POINT('',(-20.4999995417893,8.,-22.5));
#8102=CARTESIAN_POINT('',(-20.4999995417893,8.,-11.25));
#8103=CARTESIAN_POINT('',(-11.7499999999979,8.,-22.5));
#8104=CARTESIAN_POINT('',(20.5,8.,-22.5));
#8105=CARTESIAN_POINT('',(20.5,8.,45.5000000000001));
#8106=CARTESIAN_POINT('',(20.5,8.,22.75));
#8107=CARTESIAN_POINT('',(23.5,8.,45.5000000000001));
#8108=CARTESIAN_POINT('',(11.7500000000021,8.,45.5000000000001));
#8109=CARTESIAN_POINT('',(23.5,8.,-22.5));
#8110=CARTESIAN_POINT('',(23.5,8.,-11.25));
#8111=CARTESIAN_POINT('',(10.2500000000021,8.,-22.5));
#8112=CARTESIAN_POINT('',(-45.5,8.,-22.5));
#8113=CARTESIAN_POINT('',(-45.5,8.,45.5000000000001));
#8114=CARTESIAN_POINT('',(-45.5,8.,22.75));
#8115=CARTESIAN_POINT('',(-42.5,8.,45.5000000000001));
#8116=CARTESIAN_POINT('',(-21.2499999999978,8.,45.5));
#8117=CARTESIAN_POINT('',(-42.5,8.,-22.5));
#8118=CARTESIAN_POINT('',(-42.5,8.,-11.25));
#8119=CARTESIAN_POINT('',(-22.7499999999979,8.,-22.5));
#8120=CARTESIAN_POINT('',(42.5,8.,-22.5));
#8121=CARTESIAN_POINT('',(42.5,8.,45.5000000000001));
#8122=CARTESIAN_POINT('',(42.5,8.,22.75));
#8123=CARTESIAN_POINT('',(45.5,8.,45.5000000000001));
#8124=CARTESIAN_POINT('',(22.7500000000022,8.,45.5000000000001));
#8125=CARTESIAN_POINT('',(45.5,8.,-22.5));
#8126=CARTESIAN_POINT('',(45.5,8.,-11.25));
#8127=CARTESIAN_POINT('',(21.2500000000021,8.,-22.5));
#8128=CARTESIAN_POINT('Origin',(4.17443857259059E-12,8.,8.88178419700125E-15));
#8129=CARTESIAN_POINT('',(28.7,8.,-13.135));
#8130=CARTESIAN_POINT('',(37.3,8.,-32.835));
#8131=CARTESIAN_POINT('Origin',(28.7,8.,-26.27));
#8132=CARTESIAN_POINT('',(28.7,10.175,-26.27));
#8133=CARTESIAN_POINT('',(28.7,8.,-26.27));
#8134=CARTESIAN_POINT('',(28.7,10.175,-65.6700000000001));
#8135=CARTESIAN_POINT('',(28.7,10.175,-26.27));
#8136=CARTESIAN_POINT('',(28.7,8.,-65.6700000000001));
#8137=CARTESIAN_POINT('Origin',(-6.69999999999999,8.,-26.27));
#8138=CARTESIAN_POINT('',(6.70000000000001,10.175,-26.27));
#8139=CARTESIAN_POINT('',(-6.69999999999999,10.175,-26.27));
#8140=CARTESIAN_POINT('',(6.70000000000001,8.,-26.27));
#8141=CARTESIAN_POINT('Origin',(6.70000000000001,8.,-65.6700000000001));
#8142=CARTESIAN_POINT('',(6.70000000000001,10.175,-65.6700000000001));
#8143=CARTESIAN_POINT('',(6.70000000000001,8.,-65.6700000000001));
#8144=CARTESIAN_POINT('',(6.70000000000001,10.175,-65.6700000000001));
#8145=CARTESIAN_POINT('Origin',(6.70000000000001,8.,-26.27));
#8146=CARTESIAN_POINT('',(6.70000000000001,10.175,-26.27));
#8147=CARTESIAN_POINT('Origin',(8.88178419700125E-15,10.175,-45.9700000000001));
#8148=CARTESIAN_POINT('',(-2.24399999999999,10.175,-34.9860000000001));
#8149=CARTESIAN_POINT('',(-2.24399999999999,10.175,-58.3700000000001));
#8150=CARTESIAN_POINT('',(-2.24399999999999,10.175,-40.4780000000001));
#8151=CARTESIAN_POINT('',(4.34000000000001,10.175,-34.9860000000001));
#8152=CARTESIAN_POINT('',(2.17000000000001,10.175,-34.9860000000001));
#8153=CARTESIAN_POINT('',(4.34000000000001,10.175,-58.3700000000001));
#8154=CARTESIAN_POINT('',(4.34000000000001,10.175,-52.1700000000001));
#8155=CARTESIAN_POINT('',(-1.12199999999999,10.175,-58.3700000000001));
#8156=CARTESIAN_POINT('Origin',(15.3,8.,-26.27));
#8157=CARTESIAN_POINT('',(15.3,10.175,-26.27));
#8158=CARTESIAN_POINT('Origin',(28.7,8.,-65.6700000000001));
#8159=CARTESIAN_POINT('',(28.7,10.175,-65.6700000000001));
#8160=CARTESIAN_POINT('Origin',(22.,10.175,-45.9700000000001));
#8161=CARTESIAN_POINT('',(19.756,10.175,-34.9860000000001));
#8162=CARTESIAN_POINT('',(19.756,10.175,-58.3700000000001));
#8163=CARTESIAN_POINT('',(19.756,10.175,-40.4780000000001));
#8164=CARTESIAN_POINT('',(26.34,10.175,-34.9860000000001));
#8165=CARTESIAN_POINT('',(24.17,10.175,-34.9860000000001));
#8166=CARTESIAN_POINT('',(26.34,10.175,-58.3700000000001));
#8167=CARTESIAN_POINT('',(26.34,10.175,-52.1700000000001));
#8168=CARTESIAN_POINT('',(20.878,10.175,-58.3700000000001));
#8169=CARTESIAN_POINT('Origin',(-15.3,8.,-26.27));
#8170=CARTESIAN_POINT('',(-15.3,10.175,-26.27));
#8171=CARTESIAN_POINT('',(-15.3,8.,-26.27));
#8172=CARTESIAN_POINT('',(-15.3,10.175,-65.6700000000001));
#8173=CARTESIAN_POINT('',(-15.3,10.175,-26.27));
#8174=CARTESIAN_POINT('',(-15.3,8.,-65.6700000000001));
#8175=CARTESIAN_POINT('Origin',(-28.7,8.,-26.27));
#8176=CARTESIAN_POINT('',(-28.7,10.175,-26.27));
#8177=CARTESIAN_POINT('Origin',(-15.3,8.,-65.6700000000001));
#8178=CARTESIAN_POINT('',(-15.3,10.175,-65.6700000000001));
#8179=CARTESIAN_POINT('Origin',(-22.,10.175,-45.9700000000001));
#8180=CARTESIAN_POINT('',(-24.244,10.175,-34.9860000000001));
#8181=CARTESIAN_POINT('',(-24.244,10.175,-58.3700000000001));
#8182=CARTESIAN_POINT('',(-24.244,10.175,-40.4780000000001));
#8183=CARTESIAN_POINT('',(-17.66,10.175,-34.9860000000001));
#8184=CARTESIAN_POINT('',(-19.83,10.175,-34.9860000000001));
#8185=CARTESIAN_POINT('',(-17.66,10.175,-58.3700000000001));
#8186=CARTESIAN_POINT('',(-17.66,10.175,-52.1700000000001));
#8187=CARTESIAN_POINT('',(-23.122,10.175,-58.3700000000001));
#8188=CARTESIAN_POINT('Origin',(37.3,8.,-26.27));
#8189=CARTESIAN_POINT('',(37.3,10.175,-26.27));
#8190=CARTESIAN_POINT('',(37.3,8.,-26.27));
#8191=CARTESIAN_POINT('',(50.7,10.175,-26.27));
#8192=CARTESIAN_POINT('',(37.3,10.175,-26.27));
#8193=CARTESIAN_POINT('',(50.7,8.,-26.27));
#8194=CARTESIAN_POINT('Origin',(37.3,8.,-65.6700000000001));
#8195=CARTESIAN_POINT('',(37.3,10.175,-65.6700000000001));
#8196=CARTESIAN_POINT('',(37.3,8.,-65.6700000000001));
#8197=CARTESIAN_POINT('',(37.3,10.175,-65.6700000000001));
#8198=CARTESIAN_POINT('Origin',(50.7,8.,-65.6700000000001));
#8199=CARTESIAN_POINT('',(50.7,10.175,-65.6700000000001));
#8200=CARTESIAN_POINT('',(50.7,8.,-65.6700000000001));
#8201=CARTESIAN_POINT('',(50.7,10.175,-65.6700000000001));
#8202=CARTESIAN_POINT('Origin',(50.7,8.,-26.27));
#8203=CARTESIAN_POINT('',(50.7,10.175,-26.27));
#8204=CARTESIAN_POINT('Origin',(44.,10.175,-45.9700000000001));
#8205=CARTESIAN_POINT('',(41.756,10.175,-34.9860000000001));
#8206=CARTESIAN_POINT('',(41.756,10.175,-58.3700000000001));
#8207=CARTESIAN_POINT('',(41.756,10.175,-40.4780000000001));
#8208=CARTESIAN_POINT('',(48.34,10.175,-34.9860000000001));
#8209=CARTESIAN_POINT('',(46.17,10.175,-34.9860000000001));
#8210=CARTESIAN_POINT('',(48.34,10.175,-58.3700000000001));
#8211=CARTESIAN_POINT('',(48.34,10.175,-52.1700000000001));
#8212=CARTESIAN_POINT('',(42.878,10.175,-58.3700000000001));
#8213=CARTESIAN_POINT('Origin',(-37.3,8.,-26.27));
#8214=CARTESIAN_POINT('',(-37.3,10.175,-26.27));
#8215=CARTESIAN_POINT('',(-37.3,8.,-26.27));
#8216=CARTESIAN_POINT('',(-37.3,10.175,-65.6700000000001));
#8217=CARTESIAN_POINT('',(-37.3,10.175,-26.27));
#8218=CARTESIAN_POINT('',(-37.3,8.,-65.6700000000001));
#8219=CARTESIAN_POINT('Origin',(-50.7,8.,-26.27));
#8220=CARTESIAN_POINT('',(-50.7,10.175,-26.27));
#8221=CARTESIAN_POINT('',(-50.7,8.,-26.27));
#8222=CARTESIAN_POINT('',(-50.7,10.175,-26.27));
#8223=CARTESIAN_POINT('Origin',(-50.7,8.,-65.6700000000001));
#8224=CARTESIAN_POINT('',(-50.7,10.175,-65.6700000000001));
#8225=CARTESIAN_POINT('',(-50.7,8.,-65.6700000000001));
#8226=CARTESIAN_POINT('',(-50.7,10.175,-65.6700000000001));
#8227=CARTESIAN_POINT('Origin',(-37.3,8.,-65.6700000000001));
#8228=CARTESIAN_POINT('',(-37.3,10.175,-65.6700000000001));
#8229=CARTESIAN_POINT('Origin',(-44.,10.175,-45.9700000000001));
#8230=CARTESIAN_POINT('',(-46.244,10.175,-34.9860000000001));
#8231=CARTESIAN_POINT('',(-46.244,10.175,-58.3700000000001));
#8232=CARTESIAN_POINT('',(-46.244,10.175,-40.4780000000001));
#8233=CARTESIAN_POINT('',(-39.66,10.175,-34.9860000000001));
#8234=CARTESIAN_POINT('',(-41.83,10.175,-34.9860000000001));
#8235=CARTESIAN_POINT('',(-39.66,10.175,-58.3700000000001));
#8236=CARTESIAN_POINT('',(-39.66,10.175,-52.1700000000001));
#8237=CARTESIAN_POINT('',(-45.122,10.175,-58.3700000000001));
#8238=CARTESIAN_POINT('Origin',(4.34000000000001,11.,-34.9860000000001));
#8239=CARTESIAN_POINT('',(-2.24399999999999,11.,-34.9860000000001));
#8240=CARTESIAN_POINT('',(4.34000000000001,11.,-34.9860000000001));
#8241=CARTESIAN_POINT('Origin',(-2.24399999999999,11.,-34.9860000000001));
#8242=CARTESIAN_POINT('',(-2.24399999999999,11.,-58.3700000000001));
#8243=CARTESIAN_POINT('Origin',(26.34,11.,-34.9860000000001));
#8244=CARTESIAN_POINT('',(19.756,11.,-34.9860000000001));
#8245=CARTESIAN_POINT('',(26.34,11.,-34.9860000000001));
#8246=CARTESIAN_POINT('Origin',(19.756,11.,-34.9860000000001));
#8247=CARTESIAN_POINT('',(19.756,11.,-58.3700000000001));
#8248=CARTESIAN_POINT('Origin',(-17.66,11.,-34.9860000000001));
#8249=CARTESIAN_POINT('',(-24.244,11.,-34.9860000000001));
#8250=CARTESIAN_POINT('',(-17.66,11.,-34.9860000000001));
#8251=CARTESIAN_POINT('Origin',(-24.244,11.,-34.9860000000001));
#8252=CARTESIAN_POINT('',(-24.244,11.,-58.3700000000001));
#8253=CARTESIAN_POINT('Origin',(48.34,11.,-34.9860000000001));
#8254=CARTESIAN_POINT('',(41.756,11.,-34.9860000000001));
#8255=CARTESIAN_POINT('',(48.34,11.,-34.9860000000001));
#8256=CARTESIAN_POINT('Origin',(41.756,11.,-34.9860000000001));
#8257=CARTESIAN_POINT('',(41.756,11.,-58.3700000000001));
#8258=CARTESIAN_POINT('Origin',(-39.66,11.,-34.9860000000001));
#8259=CARTESIAN_POINT('',(-46.244,11.,-34.9860000000001));
#8260=CARTESIAN_POINT('',(-39.66,11.,-34.9860000000001));
#8261=CARTESIAN_POINT('Origin',(-46.244,11.,-34.9860000000001));
#8262=CARTESIAN_POINT('',(-46.244,11.,-58.3700000000001));
#8263=CARTESIAN_POINT('Origin',(4.34000000000001,11.,-58.3700000000001));
#8264=CARTESIAN_POINT('',(4.34000000000001,11.,-58.3700000000001));
#8265=CARTESIAN_POINT('Origin',(-2.24399999999999,11.,-58.3700000000001));
#8266=CARTESIAN_POINT('Origin',(-17.66,11.,-58.3700000000001));
#8267=CARTESIAN_POINT('',(-17.66,11.,-58.3700000000001));
#8268=CARTESIAN_POINT('Origin',(-24.244,11.,-58.3700000000001));
#8269=CARTESIAN_POINT('Origin',(26.34,11.,-58.3700000000001));
#8270=CARTESIAN_POINT('',(26.34,11.,-58.3700000000001));
#8271=CARTESIAN_POINT('Origin',(19.756,11.,-58.3700000000001));
#8272=CARTESIAN_POINT('Origin',(-39.66,11.,-58.3700000000001));
#8273=CARTESIAN_POINT('',(-39.66,11.,-58.3700000000001));
#8274=CARTESIAN_POINT('Origin',(-46.244,11.,-58.3700000000001));
#8275=CARTESIAN_POINT('Origin',(48.34,11.,-58.3700000000001));
#8276=CARTESIAN_POINT('',(48.34,11.,-58.3700000000001));
#8277=CARTESIAN_POINT('Origin',(41.756,11.,-58.3700000000001));
#8278=CARTESIAN_POINT('Origin',(-55.,8.,-70.0000000000001));
#8279=CARTESIAN_POINT('',(-56.75,1.51,-70.0000000000001));
#8280=CARTESIAN_POINT('Origin',(-55.,1.51,-70.0000000000001));
#8281=CARTESIAN_POINT('',(-56.75,8.,-70.0000000000001));
#8282=CARTESIAN_POINT('',(-56.75,8.,-70.0000000000001));
#8283=CARTESIAN_POINT('Origin',(-55.,8.,-70.0000000000001));
#8284=CARTESIAN_POINT('Origin',(-51.,8.,-75.9999990000001));
#8285=CARTESIAN_POINT('',(-51.,1.51,-70.0000010430813));
#8286=CARTESIAN_POINT('',(-51.,8.,-70.0000010430813));
#8287=CARTESIAN_POINT('',(-51.,1.51,-75.9999990000001));
#8288=CARTESIAN_POINT('',(-51.,1.51,-70.0000010430813));
#8289=CARTESIAN_POINT('',(-51.,4.,-75.9999990000001));
#8290=CARTESIAN_POINT('Origin',(-55.0000008195639,8.,-66.0000000000001));
#8291=CARTESIAN_POINT('',(-55.0000008195639,1.51,-66.0000000000001));
#8292=CARTESIAN_POINT('',(-55.0000008195639,1.51,-66.0000000000001));
#8293=CARTESIAN_POINT('',(-55.0000008195639,8.,-66.0000000000001));
#8294=CARTESIAN_POINT('Origin',(-55.,8.,-70.0000000000001));
#8295=CARTESIAN_POINT('Origin',(-55.,1.51,-70.0000000000001));
#8296=CARTESIAN_POINT('Origin',(-55.9999994999974,1.51,-70.9999995));
#8297=CARTESIAN_POINT('',(-57.4999997499987,1.51,-75.9999990000001));
#8298=CARTESIAN_POINT('Origin',(-57.499999,8.,72.5000000000001));
#8299=CARTESIAN_POINT('',(-59.249999,1.51,72.5000000000001));
#8300=CARTESIAN_POINT('Origin',(-57.499999,1.51,72.5000000000001));
#8301=CARTESIAN_POINT('',(-59.249999,8.,72.5000000000001));
#8302=CARTESIAN_POINT('',(-59.249999,8.,72.5000000000001));
#8303=CARTESIAN_POINT('Origin',(-57.499999,8.,72.5000000000001));
#8304=CARTESIAN_POINT('Origin',(-60.9999989999998,8.,68.5));
#8305=CARTESIAN_POINT('',(-57.4999989999999,1.51,68.5000000000001));
#8306=CARTESIAN_POINT('',(-57.4999989999999,8.,68.5000000000001));
#8307=CARTESIAN_POINT('',(-57.4999989999999,1.51,68.5000000000001));
#8308=CARTESIAN_POINT('Origin',(-53.499999,8.,72.5000000000001));
#8309=CARTESIAN_POINT('',(-53.499999,1.51,75.9999989533896));
#8310=CARTESIAN_POINT('',(-53.499999,4.,76.0000004391428));
#8311=CARTESIAN_POINT('',(-53.499999,1.51,72.5000000000001));
#8312=CARTESIAN_POINT('',(-53.499999,1.51,72.5000000000001));
#8313=CARTESIAN_POINT('',(-53.499999,8.,72.5000000000001));
#8314=CARTESIAN_POINT('Origin',(-57.499999,8.,72.5000000000001));
#8315=CARTESIAN_POINT('Origin',(-57.499999,1.51,72.5000000000001));
#8316=CARTESIAN_POINT('Origin',(-57.2499990000001,1.51,72.2499995000001));
#8317=CARTESIAN_POINT('',(0.875000004237254,1.51,76.0000004391428));
#8318=CARTESIAN_POINT('Origin',(4.17443857259059E-12,8.,8.88178419700125E-15));
#8319=CARTESIAN_POINT('Origin',(55.,8.,-70.0000000000001));
#8320=CARTESIAN_POINT('',(53.25,1.51,-70.0000000000001));
#8321=CARTESIAN_POINT('Origin',(55.,1.51,-70.0000000000001));
#8322=CARTESIAN_POINT('',(53.25,8.,-70.0000000000001));
#8323=CARTESIAN_POINT('',(53.25,8.,-70.0000000000001));
#8324=CARTESIAN_POINT('Origin',(55.,8.,-70.0000000000001));
#8325=CARTESIAN_POINT('Origin',(60.9999990000004,8.,-66.0000000000004));
#8326=CARTESIAN_POINT('',(55.0000008195639,1.51,-66.0000000000001));
#8327=CARTESIAN_POINT('',(55.0000008195639,8.,-66.0000000000001));
#8328=CARTESIAN_POINT('',(55.0000008195639,1.51,-66.0000000000001));
#8329=CARTESIAN_POINT('Origin',(51.,8.,-70.0000010430813));
#8330=CARTESIAN_POINT('',(51.,1.51,-75.9999989999997));
#8331=CARTESIAN_POINT('',(51.,4.,-75.9999989999996));
#8332=CARTESIAN_POINT('',(51.,1.51,-70.0000010430813));
#8333=CARTESIAN_POINT('',(51.,1.51,-70.0000010430813));
#8334=CARTESIAN_POINT('',(51.,8.,-70.0000010430813));
#8335=CARTESIAN_POINT('Origin',(55.,8.,-70.0000000000001));
#8336=CARTESIAN_POINT('Origin',(55.,1.51,-70.0000000000001));
#8337=CARTESIAN_POINT('Origin',(55.9999995000001,1.51,-70.9999995000001));
#8338=CARTESIAN_POINT('',(-1.50000024999992,1.51,-75.9999989999998));
#8339=CARTESIAN_POINT('Origin',(4.17443857259059E-12,8.,8.88178419700125E-15));
#8340=CARTESIAN_POINT('Origin',(57.500001,8.,72.5000000000001));
#8341=CARTESIAN_POINT('',(55.750001,1.51,72.5000000000001));
#8342=CARTESIAN_POINT('Origin',(57.500001,1.51,72.5000000000001));
#8343=CARTESIAN_POINT('',(55.750001,8.,72.5000000000001));
#8344=CARTESIAN_POINT('',(55.750001,8.,72.5000000000001));
#8345=CARTESIAN_POINT('Origin',(57.500001,8.,72.5000000000001));
#8346=CARTESIAN_POINT('Origin',(54.1177861491525,8.,75.9999980413748));
#8347=CARTESIAN_POINT('',(54.1177861194915,1.51,72.5000000286629));
#8348=CARTESIAN_POINT('',(54.1177861194915,8.,72.5000000286629));
#8349=CARTESIAN_POINT('',(54.1177861491525,1.51,75.9999980413748));
#8350=CARTESIAN_POINT('',(54.1177861194915,1.51,72.5000000286629));
#8351=CARTESIAN_POINT('',(54.1177861491526,4.,76.0000004391428));
#8352=CARTESIAN_POINT('Origin',(57.5000009999999,8.,69.1177851194916));
#8353=CARTESIAN_POINT('',(57.5000009999999,1.51,69.1177851194916));
#8354=CARTESIAN_POINT('',(57.5000009999999,1.51,69.1177851194916));
#8355=CARTESIAN_POINT('',(57.5000009999999,8.,69.1177851194916));
#8356=CARTESIAN_POINT('Origin',(57.500001,8.,72.5000000000001));
#8357=CARTESIAN_POINT('Origin',(57.500001,1.51,72.5000000000001));
#8358=CARTESIAN_POINT('Origin',(57.55889255975,1.51,72.5588915804331));
#8359=CARTESIAN_POINT('',(58.2794457841123,1.51,76.0000004391428));
#8360=CARTESIAN_POINT('Origin',(4.17443857259059E-12,8.,8.88178419700125E-15));
#8361=CARTESIAN_POINT('Origin',(9.71241244017592,8.,67.9697717530568));
#8362=CARTESIAN_POINT('',(9.71241244017592,10.5,67.9697717530568));
#8363=CARTESIAN_POINT('',(9.71241244017592,8.,67.9697717530568));
#8364=CARTESIAN_POINT('',(7.7410819007501,10.5,65.9984412136309));
#8365=CARTESIAN_POINT('',(7.7410819007501,10.5,65.9984412136309));
#8366=CARTESIAN_POINT('',(7.7410819007501,8.,65.9984412136309));
#8367=CARTESIAN_POINT('Origin',(9.83233592272912,8.,68.0935209640468));
#8368=CARTESIAN_POINT('',(9.83233592272912,10.5,68.0935209640468));
#8369=CARTESIAN_POINT('',(9.83233592272912,8.,68.0935209640468));
#8370=CARTESIAN_POINT('',(9.71241244017592,10.5,67.9697717530568));
#8371=CARTESIAN_POINT('Origin',(7.58831755947057,8.,70.0883175594706));
#8372=CARTESIAN_POINT('',(5.59352096404369,10.5,72.3323359227265));
#8373=CARTESIAN_POINT('',(5.59352096404369,8.,72.3323359227265));
#8374=CARTESIAN_POINT('Origin',(7.58831755947057,10.5,70.0883175594706));
#8375=CARTESIAN_POINT('Origin',(5.46971435608814,8.,72.2123568176447));
#8376=CARTESIAN_POINT('',(5.46971435608814,10.5,72.2123568176447));
#8377=CARTESIAN_POINT('',(5.46971435608814,8.,72.2123568176447));
#8378=CARTESIAN_POINT('',(5.59352096404369,10.5,72.3323359227265));
#8379=CARTESIAN_POINT('Origin',(3.50032738573694,8.,70.2417102708968));
#8380=CARTESIAN_POINT('',(3.50032738573694,10.5,70.2417102708968));
#8381=CARTESIAN_POINT('',(3.50032738573694,8.,70.2417102708968));
#8382=CARTESIAN_POINT('',(5.46971435608814,10.5,72.2123568176447));
#8383=CARTESIAN_POINT('Origin',(3.23202164986547,8.,70.3603152250602));
#8384=CARTESIAN_POINT('',(3.23202164986547,10.5,70.3603152250602));
#8385=CARTESIAN_POINT('',(3.23202164986547,8.,70.3603152250602));
#8386=CARTESIAN_POINT('',(3.50032738573694,10.5,70.2417102708968));
#8387=CARTESIAN_POINT('Origin',(-0.000918480487923645,8.,62.5009195829201));
#8388=CARTESIAN_POINT('',(-7.84291230953274,10.5,59.2259944644839));
#8389=CARTESIAN_POINT('',(-7.84291230953274,8.,59.2259944644839));
#8390=CARTESIAN_POINT('Origin',(-0.000918480487923645,10.5,62.5009195829201));
#8391=CARTESIAN_POINT('Origin',(-7.74191376801156,8.,59.0007269191077));
#8392=CARTESIAN_POINT('',(-7.74191376801156,10.5,59.0007269191077));
#8393=CARTESIAN_POINT('',(-7.74191376801156,8.,59.0007269191077));
#8394=CARTESIAN_POINT('',(-7.84291230953274,10.5,59.2259944644839));
#8395=CARTESIAN_POINT('Origin',(-9.71241163518042,8.,57.0302290519388));
#8396=CARTESIAN_POINT('',(-9.71241163518042,10.5,57.0302290519388));
#8397=CARTESIAN_POINT('',(-9.71241163518042,8.,57.0302290519388));
#8398=CARTESIAN_POINT('',(-7.74191376801156,10.5,59.0007269191077));
#8399=CARTESIAN_POINT('Origin',(-9.83233518844217,8.,56.9064797679855));
#8400=CARTESIAN_POINT('',(-9.83233518844217,10.5,56.9064797679855));
#8401=CARTESIAN_POINT('',(-9.83233518844217,8.,56.9064797679855));
#8402=CARTESIAN_POINT('',(-9.71241163518042,10.5,57.0302290519388));
#8403=CARTESIAN_POINT('Origin',(-7.58831600000001,8.,54.9116840000001));
#8404=CARTESIAN_POINT('',(-5.5935202320147,10.5,52.6676648115578));
#8405=CARTESIAN_POINT('',(-5.5935202320147,8.,52.6676648115578));
#8406=CARTESIAN_POINT('Origin',(-7.58831600000001,10.5,54.9116840000001));
#8407=CARTESIAN_POINT('Origin',(-5.46977094806143,8.,52.7875883648194));
#8408=CARTESIAN_POINT('',(-5.46977094806143,10.5,52.7875883648194));
#8409=CARTESIAN_POINT('',(-5.46977094806143,8.,52.7875883648194));
#8410=CARTESIAN_POINT('',(-5.5935202320147,10.5,52.6676648115578));
#8411=CARTESIAN_POINT('Origin',(-3.49781407221,8.,54.7595452406708));
#8412=CARTESIAN_POINT('',(-3.49781407221,10.5,54.7595452406708));
#8413=CARTESIAN_POINT('',(-3.49781407221,8.,54.7595452406708));
#8414=CARTESIAN_POINT('',(-5.46977094806143,10.5,52.7875883648194));
#8415=CARTESIAN_POINT('Origin',(-3.25051009761192,8.,54.6494087351187));
#8416=CARTESIAN_POINT('',(-3.25051009761192,10.5,54.6494087351187));
#8417=CARTESIAN_POINT('',(-3.25051009761192,8.,54.6494087351187));
#8418=CARTESIAN_POINT('',(-3.49781407221,10.5,54.7595452406708));
#8419=CARTESIAN_POINT('Origin',(0.00178171030476015,8.,62.4988978072589));
#8420=CARTESIAN_POINT('',(7.84654556568485,10.5,65.7625706999999));
#8421=CARTESIAN_POINT('',(7.84654556568485,8.,65.7625706999999));
#8422=CARTESIAN_POINT('Origin',(0.00178171030476015,10.5,62.4988978072589));
#8423=CARTESIAN_POINT('Origin',(7.7410819007501,8.,65.9984412136309));
#8424=CARTESIAN_POINT('',(7.84654556568485,10.5,65.7625706999999));
#8425=CARTESIAN_POINT('Origin',(7.46236779036735E-7,10.5,62.5000007462369));
#8426=CARTESIAN_POINT('Origin',(-12.2875875598241,8.,67.9697717530568));
#8427=CARTESIAN_POINT('',(-12.2875875598241,10.5,67.9697717530568));
#8428=CARTESIAN_POINT('',(-12.2875875598241,8.,67.9697717530568));
#8429=CARTESIAN_POINT('',(-14.2589180992499,10.5,65.9984412136309));
#8430=CARTESIAN_POINT('',(-14.2589180992499,10.5,65.9984412136309));
#8431=CARTESIAN_POINT('',(-14.2589180992499,8.,65.9984412136309));
#8432=CARTESIAN_POINT('Origin',(-12.1676640772709,8.,68.0935209640468));
#8433=CARTESIAN_POINT('',(-12.1676640772709,10.5,68.0935209640468));
#8434=CARTESIAN_POINT('',(-12.1676640772709,8.,68.0935209640468));
#8435=CARTESIAN_POINT('',(-12.2875875598241,10.5,67.9697717530568));
#8436=CARTESIAN_POINT('Origin',(-14.4116824405294,8.,70.0883175594706));
#8437=CARTESIAN_POINT('',(-16.4064790359563,10.5,72.3323359227265));
#8438=CARTESIAN_POINT('',(-16.4064790359563,8.,72.3323359227265));
#8439=CARTESIAN_POINT('Origin',(-14.4116824405294,10.5,70.0883175594706));
#8440=CARTESIAN_POINT('Origin',(-16.5302856439119,8.,72.2123568176447));
#8441=CARTESIAN_POINT('',(-16.5302856439119,10.5,72.2123568176447));
#8442=CARTESIAN_POINT('',(-16.5302856439119,8.,72.2123568176447));
#8443=CARTESIAN_POINT('',(-16.4064790359563,10.5,72.3323359227265));
#8444=CARTESIAN_POINT('Origin',(-18.4996726142631,8.,70.2417102708968));
#8445=CARTESIAN_POINT('',(-18.4996726142631,10.5,70.2417102708968));
#8446=CARTESIAN_POINT('',(-18.4996726142631,8.,70.2417102708968));
#8447=CARTESIAN_POINT('',(-16.5302856439119,10.5,72.2123568176447));
#8448=CARTESIAN_POINT('Origin',(-18.7679783501345,8.,70.3603152250602));
#8449=CARTESIAN_POINT('',(-18.7679783501345,10.5,70.3603152250602));
#8450=CARTESIAN_POINT('',(-18.7679783501345,8.,70.3603152250602));
#8451=CARTESIAN_POINT('',(-18.4996726142631,10.5,70.2417102708968));
#8452=CARTESIAN_POINT('Origin',(-22.0009184804879,8.,62.5009195829201));
#8453=CARTESIAN_POINT('',(-29.8429123095327,10.5,59.2259944644839));
#8454=CARTESIAN_POINT('',(-29.8429123095327,8.,59.2259944644839));
#8455=CARTESIAN_POINT('Origin',(-22.0009184804879,10.5,62.5009195829201));
#8456=CARTESIAN_POINT('Origin',(-29.7419137680116,8.,59.0007269191077));
#8457=CARTESIAN_POINT('',(-29.7419137680116,10.5,59.0007269191077));
#8458=CARTESIAN_POINT('',(-29.7419137680116,8.,59.0007269191077));
#8459=CARTESIAN_POINT('',(-29.8429123095327,10.5,59.2259944644839));
#8460=CARTESIAN_POINT('Origin',(-31.7124116351804,8.,57.0302290519388));
#8461=CARTESIAN_POINT('',(-31.7124116351804,10.5,57.0302290519388));
#8462=CARTESIAN_POINT('',(-31.7124116351804,8.,57.0302290519388));
#8463=CARTESIAN_POINT('',(-29.7419137680116,10.5,59.0007269191077));
#8464=CARTESIAN_POINT('Origin',(-31.8323351884422,8.,56.9064797679855));
#8465=CARTESIAN_POINT('',(-31.8323351884422,10.5,56.9064797679855));
#8466=CARTESIAN_POINT('',(-31.8323351884422,8.,56.9064797679855));
#8467=CARTESIAN_POINT('',(-31.7124116351804,10.5,57.0302290519388));
#8468=CARTESIAN_POINT('Origin',(-29.588316,8.,54.9116840000001));
#8469=CARTESIAN_POINT('',(-27.5935202320147,10.5,52.6676648115578));
#8470=CARTESIAN_POINT('',(-27.5935202320147,8.,52.6676648115578));
#8471=CARTESIAN_POINT('Origin',(-29.588316,10.5,54.9116840000001));
#8472=CARTESIAN_POINT('Origin',(-27.4697709480614,8.,52.7875883648194));
#8473=CARTESIAN_POINT('',(-27.4697709480614,10.5,52.7875883648194));
#8474=CARTESIAN_POINT('',(-27.4697709480614,8.,52.7875883648194));
#8475=CARTESIAN_POINT('',(-27.5935202320147,10.5,52.6676648115578));
#8476=CARTESIAN_POINT('Origin',(-25.49781407221,8.,54.7595452406708));
#8477=CARTESIAN_POINT('',(-25.49781407221,10.5,54.7595452406708));
#8478=CARTESIAN_POINT('',(-25.49781407221,8.,54.7595452406708));
#8479=CARTESIAN_POINT('',(-27.4697709480614,10.5,52.7875883648194));
#8480=CARTESIAN_POINT('Origin',(-25.2505100976119,8.,54.6494087351187));
#8481=CARTESIAN_POINT('',(-25.2505100976119,10.5,54.6494087351187));
#8482=CARTESIAN_POINT('',(-25.2505100976119,8.,54.6494087351187));
#8483=CARTESIAN_POINT('',(-25.49781407221,10.5,54.7595452406708));
#8484=CARTESIAN_POINT('Origin',(-21.9982182896952,8.,62.4988978072589));
#8485=CARTESIAN_POINT('',(-14.1534544343151,10.5,65.7625706999999));
#8486=CARTESIAN_POINT('',(-14.1534544343151,8.,65.7625706999999));
#8487=CARTESIAN_POINT('Origin',(-21.9982182896952,10.5,62.4988978072589));
#8488=CARTESIAN_POINT('Origin',(-14.2589180992499,8.,65.9984412136309));
#8489=CARTESIAN_POINT('',(-14.1534544343151,10.5,65.7625706999999));
#8490=CARTESIAN_POINT('Origin',(-21.9999992537632,10.5,62.5000007462369));
#8491=CARTESIAN_POINT('Origin',(31.7124124401759,8.,67.9697717530568));
#8492=CARTESIAN_POINT('',(31.7124124401759,10.5,67.9697717530568));
#8493=CARTESIAN_POINT('',(31.7124124401759,8.,67.9697717530568));
#8494=CARTESIAN_POINT('',(29.7410819007501,10.5,65.9984412136309));
#8495=CARTESIAN_POINT('',(29.7410819007501,10.5,65.9984412136309));
#8496=CARTESIAN_POINT('',(29.7410819007501,8.,65.9984412136309));
#8497=CARTESIAN_POINT('Origin',(31.8323359227291,8.,68.0935209640468));
#8498=CARTESIAN_POINT('',(31.8323359227291,10.5,68.0935209640468));
#8499=CARTESIAN_POINT('',(31.8323359227291,8.,68.0935209640468));
#8500=CARTESIAN_POINT('',(31.7124124401759,10.5,67.9697717530568));
#8501=CARTESIAN_POINT('Origin',(29.5883175594706,8.,70.0883175594706));
#8502=CARTESIAN_POINT('',(27.5935209640437,10.5,72.3323359227265));
#8503=CARTESIAN_POINT('',(27.5935209640437,8.,72.3323359227265));
#8504=CARTESIAN_POINT('Origin',(29.5883175594706,10.5,70.0883175594706));
#8505=CARTESIAN_POINT('Origin',(27.4697143560881,8.,72.2123568176447));
#8506=CARTESIAN_POINT('',(27.4697143560881,10.5,72.2123568176447));
#8507=CARTESIAN_POINT('',(27.4697143560881,8.,72.2123568176447));
#8508=CARTESIAN_POINT('',(27.5935209640437,10.5,72.3323359227265));
#8509=CARTESIAN_POINT('Origin',(25.5003273857369,8.,70.2417102708968));
#8510=CARTESIAN_POINT('',(25.5003273857369,10.5,70.2417102708968));
#8511=CARTESIAN_POINT('',(25.5003273857369,8.,70.2417102708968));
#8512=CARTESIAN_POINT('',(27.4697143560881,10.5,72.2123568176447));
#8513=CARTESIAN_POINT('Origin',(25.2320216498655,8.,70.3603152250602));
#8514=CARTESIAN_POINT('',(25.2320216498655,10.5,70.3603152250602));
#8515=CARTESIAN_POINT('',(25.2320216498655,8.,70.3603152250602));
#8516=CARTESIAN_POINT('',(25.5003273857369,10.5,70.2417102708968));
#8517=CARTESIAN_POINT('Origin',(21.9990815195121,8.,62.5009195829201));
#8518=CARTESIAN_POINT('',(14.1570876904673,10.5,59.2259944644839));
#8519=CARTESIAN_POINT('',(14.1570876904673,8.,59.2259944644839));
#8520=CARTESIAN_POINT('Origin',(21.9990815195121,10.5,62.5009195829201));
#8521=CARTESIAN_POINT('Origin',(14.2580862319884,8.,59.0007269191077));
#8522=CARTESIAN_POINT('',(14.2580862319884,10.5,59.0007269191077));
#8523=CARTESIAN_POINT('',(14.2580862319884,8.,59.0007269191077));
#8524=CARTESIAN_POINT('',(14.1570876904673,10.5,59.2259944644839));
#8525=CARTESIAN_POINT('Origin',(12.2875883648196,8.,57.0302290519388));
#8526=CARTESIAN_POINT('',(12.2875883648196,10.5,57.0302290519388));
#8527=CARTESIAN_POINT('',(12.2875883648196,8.,57.0302290519388));
#8528=CARTESIAN_POINT('',(14.2580862319884,10.5,59.0007269191077));
#8529=CARTESIAN_POINT('Origin',(12.1676648115578,8.,56.9064797679855));
#8530=CARTESIAN_POINT('',(12.1676648115578,10.5,56.9064797679855));
#8531=CARTESIAN_POINT('',(12.1676648115578,8.,56.9064797679855));
#8532=CARTESIAN_POINT('',(12.2875883648196,10.5,57.0302290519388));
#8533=CARTESIAN_POINT('Origin',(14.411684,8.,54.9116840000001));
#8534=CARTESIAN_POINT('',(16.4064797679853,10.5,52.6676648115578));
#8535=CARTESIAN_POINT('',(16.4064797679853,8.,52.6676648115578));
#8536=CARTESIAN_POINT('Origin',(14.411684,10.5,54.9116840000001));
#8537=CARTESIAN_POINT('Origin',(16.5302290519386,8.,52.7875883648194));
#8538=CARTESIAN_POINT('',(16.5302290519386,10.5,52.7875883648194));
#8539=CARTESIAN_POINT('',(16.5302290519386,8.,52.7875883648194));
#8540=CARTESIAN_POINT('',(16.4064797679853,10.5,52.6676648115578));
#8541=CARTESIAN_POINT('Origin',(18.50218592779,8.,54.7595452406708));
#8542=CARTESIAN_POINT('',(18.50218592779,10.5,54.7595452406708));
#8543=CARTESIAN_POINT('',(18.50218592779,8.,54.7595452406708));
#8544=CARTESIAN_POINT('',(16.5302290519386,10.5,52.7875883648194));
#8545=CARTESIAN_POINT('Origin',(18.7494899023881,8.,54.6494087351187));
#8546=CARTESIAN_POINT('',(18.7494899023881,10.5,54.6494087351187));
#8547=CARTESIAN_POINT('',(18.7494899023881,8.,54.6494087351187));
#8548=CARTESIAN_POINT('',(18.50218592779,10.5,54.7595452406708));
#8549=CARTESIAN_POINT('Origin',(22.0017817103048,8.,62.4988978072589));
#8550=CARTESIAN_POINT('',(29.8465455656849,10.5,65.7625706999999));
#8551=CARTESIAN_POINT('',(29.8465455656849,8.,65.7625706999999));
#8552=CARTESIAN_POINT('Origin',(22.0017817103048,10.5,62.4988978072589));
#8553=CARTESIAN_POINT('Origin',(29.7410819007501,8.,65.9984412136309));
#8554=CARTESIAN_POINT('',(29.8465455656849,10.5,65.7625706999999));
#8555=CARTESIAN_POINT('Origin',(22.0000007462368,10.5,62.5000007462369));
#8556=CARTESIAN_POINT('Origin',(-34.2875875598241,8.,67.9697717530568));
#8557=CARTESIAN_POINT('',(-34.2875875598241,10.5,67.9697717530568));
#8558=CARTESIAN_POINT('',(-34.2875875598241,8.,67.9697717530568));
#8559=CARTESIAN_POINT('',(-36.2589180992499,10.5,65.9984412136309));
#8560=CARTESIAN_POINT('',(-36.2589180992499,10.5,65.9984412136309));
#8561=CARTESIAN_POINT('',(-36.2589180992499,8.,65.9984412136309));
#8562=CARTESIAN_POINT('Origin',(-34.1676640772709,8.,68.0935209640468));
#8563=CARTESIAN_POINT('',(-34.1676640772709,10.5,68.0935209640468));
#8564=CARTESIAN_POINT('',(-34.1676640772709,8.,68.0935209640468));
#8565=CARTESIAN_POINT('',(-34.2875875598241,10.5,67.9697717530568));
#8566=CARTESIAN_POINT('Origin',(-36.4116824405294,8.,70.0883175594706));
#8567=CARTESIAN_POINT('',(-38.4064790359563,10.5,72.3323359227265));
#8568=CARTESIAN_POINT('',(-38.4064790359563,8.,72.3323359227265));
#8569=CARTESIAN_POINT('Origin',(-36.4116824405294,10.5,70.0883175594706));
#8570=CARTESIAN_POINT('Origin',(-38.5302856439119,8.,72.2123568176447));
#8571=CARTESIAN_POINT('',(-38.5302856439119,10.5,72.2123568176447));
#8572=CARTESIAN_POINT('',(-38.5302856439119,8.,72.2123568176447));
#8573=CARTESIAN_POINT('',(-38.4064790359563,10.5,72.3323359227265));
#8574=CARTESIAN_POINT('Origin',(-40.4996726142631,8.,70.2417102708968));
#8575=CARTESIAN_POINT('',(-40.4996726142631,10.5,70.2417102708968));
#8576=CARTESIAN_POINT('',(-40.4996726142631,8.,70.2417102708968));
#8577=CARTESIAN_POINT('',(-38.5302856439119,10.5,72.2123568176447));
#8578=CARTESIAN_POINT('Origin',(-40.7679783501345,8.,70.3603152250602));
#8579=CARTESIAN_POINT('',(-40.7679783501345,10.5,70.3603152250602));
#8580=CARTESIAN_POINT('',(-40.7679783501345,8.,70.3603152250602));
#8581=CARTESIAN_POINT('',(-40.4996726142631,10.5,70.2417102708968));
#8582=CARTESIAN_POINT('Origin',(-44.0009184804879,8.,62.5009195829201));
#8583=CARTESIAN_POINT('',(-51.8429123095327,10.5,59.2259944644839));
#8584=CARTESIAN_POINT('',(-51.8429123095327,8.,59.2259944644839));
#8585=CARTESIAN_POINT('Origin',(-44.0009184804879,10.5,62.5009195829201));
#8586=CARTESIAN_POINT('Origin',(-51.7419137680116,8.,59.0007269191077));
#8587=CARTESIAN_POINT('',(-51.7419137680116,10.5,59.0007269191077));
#8588=CARTESIAN_POINT('',(-51.7419137680116,8.,59.0007269191077));
#8589=CARTESIAN_POINT('',(-51.8429123095327,10.5,59.2259944644839));
#8590=CARTESIAN_POINT('Origin',(-53.7124116351804,8.,57.0302290519388));
#8591=CARTESIAN_POINT('',(-53.7124116351804,10.5,57.0302290519388));
#8592=CARTESIAN_POINT('',(-53.7124116351804,8.,57.0302290519388));
#8593=CARTESIAN_POINT('',(-51.7419137680116,10.5,59.0007269191077));
#8594=CARTESIAN_POINT('Origin',(-53.8323351884422,8.,56.9064797679855));
#8595=CARTESIAN_POINT('',(-53.8323351884422,10.5,56.9064797679855));
#8596=CARTESIAN_POINT('',(-53.8323351884422,8.,56.9064797679855));
#8597=CARTESIAN_POINT('',(-53.7124116351804,10.5,57.0302290519388));
#8598=CARTESIAN_POINT('Origin',(-51.588316,8.,54.9116840000001));
#8599=CARTESIAN_POINT('',(-49.5935202320147,10.5,52.6676648115578));
#8600=CARTESIAN_POINT('',(-49.5935202320147,8.,52.6676648115578));
#8601=CARTESIAN_POINT('Origin',(-51.588316,10.5,54.9116840000001));
#8602=CARTESIAN_POINT('Origin',(-49.4697709480614,8.,52.7875883648194));
#8603=CARTESIAN_POINT('',(-49.4697709480614,10.5,52.7875883648194));
#8604=CARTESIAN_POINT('',(-49.4697709480614,8.,52.7875883648194));
#8605=CARTESIAN_POINT('',(-49.5935202320147,10.5,52.6676648115578));
#8606=CARTESIAN_POINT('Origin',(-47.49781407221,8.,54.7595452406708));
#8607=CARTESIAN_POINT('',(-47.49781407221,10.5,54.7595452406708));
#8608=CARTESIAN_POINT('',(-47.49781407221,8.,54.7595452406708));
#8609=CARTESIAN_POINT('',(-49.4697709480614,10.5,52.7875883648194));
#8610=CARTESIAN_POINT('Origin',(-47.2505100976119,8.,54.6494087351187));
#8611=CARTESIAN_POINT('',(-47.2505100976119,10.5,54.6494087351187));
#8612=CARTESIAN_POINT('',(-47.2505100976119,8.,54.6494087351187));
#8613=CARTESIAN_POINT('',(-47.49781407221,10.5,54.7595452406708));
#8614=CARTESIAN_POINT('Origin',(-43.9982182896952,8.,62.4988978072589));
#8615=CARTESIAN_POINT('',(-36.1534544343152,10.5,65.7625706999999));
#8616=CARTESIAN_POINT('',(-36.1534544343152,8.,65.7625706999999));
#8617=CARTESIAN_POINT('Origin',(-43.9982182896952,10.5,62.4988978072589));
#8618=CARTESIAN_POINT('Origin',(-36.2589180992499,8.,65.9984412136309));
#8619=CARTESIAN_POINT('',(-36.1534544343152,10.5,65.7625706999999));
#8620=CARTESIAN_POINT('Origin',(-43.9999992537632,10.5,62.5000007462369));
#8621=CARTESIAN_POINT('Origin',(53.7124124401759,8.,67.9697717530568));
#8622=CARTESIAN_POINT('',(53.7124124401759,10.5,67.9697717530568));
#8623=CARTESIAN_POINT('',(53.7124124401759,8.,67.9697717530568));
#8624=CARTESIAN_POINT('',(51.7410819007501,10.5,65.9984412136309));
#8625=CARTESIAN_POINT('',(51.7410819007501,10.5,65.9984412136309));
#8626=CARTESIAN_POINT('',(51.7410819007501,8.,65.9984412136309));
#8627=CARTESIAN_POINT('Origin',(53.8323359227291,8.,68.0935209640468));
#8628=CARTESIAN_POINT('',(53.8323359227291,10.5,68.0935209640468));
#8629=CARTESIAN_POINT('',(53.8323359227291,8.,68.0935209640468));
#8630=CARTESIAN_POINT('',(53.7124124401759,10.5,67.9697717530568));
#8631=CARTESIAN_POINT('Origin',(51.5883175594706,8.,70.0883175594706));
#8632=CARTESIAN_POINT('',(49.5935209640437,10.5,72.3323359227265));
#8633=CARTESIAN_POINT('',(49.5935209640437,8.,72.3323359227265));
#8634=CARTESIAN_POINT('Origin',(51.5883175594706,10.5,70.0883175594706));
#8635=CARTESIAN_POINT('Origin',(49.4697143560881,8.,72.2123568176447));
#8636=CARTESIAN_POINT('',(49.4697143560881,10.5,72.2123568176447));
#8637=CARTESIAN_POINT('',(49.4697143560881,8.,72.2123568176447));
#8638=CARTESIAN_POINT('',(49.5935209640437,10.5,72.3323359227265));
#8639=CARTESIAN_POINT('Origin',(47.5003273857369,8.,70.2417102708968));
#8640=CARTESIAN_POINT('',(47.5003273857369,10.5,70.2417102708968));
#8641=CARTESIAN_POINT('',(47.5003273857369,8.,70.2417102708968));
#8642=CARTESIAN_POINT('',(49.4697143560881,10.5,72.2123568176447));
#8643=CARTESIAN_POINT('Origin',(47.2320216498655,8.,70.3603152250602));
#8644=CARTESIAN_POINT('',(47.2320216498655,10.5,70.3603152250602));
#8645=CARTESIAN_POINT('',(47.2320216498655,8.,70.3603152250602));
#8646=CARTESIAN_POINT('',(47.5003273857369,10.5,70.2417102708968));
#8647=CARTESIAN_POINT('Origin',(43.9990815195121,8.,62.5009195829201));
#8648=CARTESIAN_POINT('',(36.1570876904673,10.5,59.2259944644839));
#8649=CARTESIAN_POINT('',(36.1570876904673,8.,59.2259944644839));
#8650=CARTESIAN_POINT('Origin',(43.9990815195121,10.5,62.5009195829201));
#8651=CARTESIAN_POINT('Origin',(36.2580862319884,8.,59.0007269191077));
#8652=CARTESIAN_POINT('',(36.2580862319884,10.5,59.0007269191077));
#8653=CARTESIAN_POINT('',(36.2580862319884,8.,59.0007269191077));
#8654=CARTESIAN_POINT('',(36.1570876904673,10.5,59.2259944644839));
#8655=CARTESIAN_POINT('Origin',(34.2875883648196,8.,57.0302290519388));
#8656=CARTESIAN_POINT('',(34.2875883648196,10.5,57.0302290519388));
#8657=CARTESIAN_POINT('',(34.2875883648196,8.,57.0302290519388));
#8658=CARTESIAN_POINT('',(36.2580862319884,10.5,59.0007269191077));
#8659=CARTESIAN_POINT('Origin',(34.1676648115578,8.,56.9064797679855));
#8660=CARTESIAN_POINT('',(34.1676648115578,10.5,56.9064797679855));
#8661=CARTESIAN_POINT('',(34.1676648115578,8.,56.9064797679855));
#8662=CARTESIAN_POINT('',(34.2875883648196,10.5,57.0302290519388));
#8663=CARTESIAN_POINT('Origin',(36.411684,8.,54.9116840000001));
#8664=CARTESIAN_POINT('',(38.4064797679853,10.5,52.6676648115578));
#8665=CARTESIAN_POINT('',(38.4064797679853,8.,52.6676648115578));
#8666=CARTESIAN_POINT('Origin',(36.411684,10.5,54.9116840000001));
#8667=CARTESIAN_POINT('Origin',(38.5302290519386,8.,52.7875883648194));
#8668=CARTESIAN_POINT('',(38.5302290519386,10.5,52.7875883648194));
#8669=CARTESIAN_POINT('',(38.5302290519386,8.,52.7875883648194));
#8670=CARTESIAN_POINT('',(38.4064797679853,10.5,52.6676648115578));
#8671=CARTESIAN_POINT('Origin',(40.50218592779,8.,54.7595452406708));
#8672=CARTESIAN_POINT('',(40.50218592779,10.5,54.7595452406708));
#8673=CARTESIAN_POINT('',(40.50218592779,8.,54.7595452406708));
#8674=CARTESIAN_POINT('',(38.5302290519386,10.5,52.7875883648194));
#8675=CARTESIAN_POINT('Origin',(40.7494899023881,8.,54.6494087351187));
#8676=CARTESIAN_POINT('',(40.7494899023881,10.5,54.6494087351187));
#8677=CARTESIAN_POINT('',(40.7494899023881,8.,54.6494087351187));
#8678=CARTESIAN_POINT('',(40.50218592779,10.5,54.7595452406708));
#8679=CARTESIAN_POINT('Origin',(44.0017817103048,8.,62.4988978072589));
#8680=CARTESIAN_POINT('',(51.8465455656849,10.5,65.7625706999999));
#8681=CARTESIAN_POINT('',(51.8465455656849,8.,65.7625706999999));
#8682=CARTESIAN_POINT('Origin',(44.0017817103048,10.5,62.4988978072589));
#8683=CARTESIAN_POINT('Origin',(51.7410819007501,8.,65.9984412136309));
#8684=CARTESIAN_POINT('',(51.8465455656849,10.5,65.7625706999999));
#8685=CARTESIAN_POINT('Origin',(44.0000007462368,10.5,62.5000007462369));
#8686=CARTESIAN_POINT('Origin',(-1.5,11.,45.5000000000001));
#8687=CARTESIAN_POINT('',(-1.5,11.,-22.5));
#8688=CARTESIAN_POINT('',(-1.5,11.,45.5000000000001));
#8689=CARTESIAN_POINT('Origin',(1.5,11.,45.5000000000001));
#8690=CARTESIAN_POINT('',(1.5,11.,45.5000000000001));
#8691=CARTESIAN_POINT('Origin',(1.5,11.,-22.5));
#8692=CARTESIAN_POINT('',(1.5,11.,-22.5));
#8693=CARTESIAN_POINT('Origin',(-1.5,11.,-22.5));
#8694=CARTESIAN_POINT('Origin',(-23.5,11.,45.4999989829957));
#8695=CARTESIAN_POINT('',(-23.5,11.,-22.5));
#8696=CARTESIAN_POINT('',(-23.5,11.,45.4999989829957));
#8697=CARTESIAN_POINT('Origin',(-20.4999995417893,11.,45.4999989829957));
#8698=CARTESIAN_POINT('',(-20.4999995417893,11.,45.4999989829957));
#8699=CARTESIAN_POINT('Origin',(-20.4999995417893,11.,-22.5));
#8700=CARTESIAN_POINT('',(-20.4999995417893,11.,-22.5));
#8701=CARTESIAN_POINT('Origin',(-23.5,11.,-22.5));
#8702=CARTESIAN_POINT('Origin',(20.5,11.,45.5000000000001));
#8703=CARTESIAN_POINT('',(20.5,11.,-22.5));
#8704=CARTESIAN_POINT('',(20.5,11.,45.5000000000001));
#8705=CARTESIAN_POINT('Origin',(23.5,11.,45.5000000000001));
#8706=CARTESIAN_POINT('',(23.5,11.,45.5000000000001));
#8707=CARTESIAN_POINT('Origin',(23.5,11.,-22.5));
#8708=CARTESIAN_POINT('',(23.5,11.,-22.5));
#8709=CARTESIAN_POINT('Origin',(20.5,11.,-22.5));
#8710=CARTESIAN_POINT('Origin',(-45.5,11.,45.5000000000001));
#8711=CARTESIAN_POINT('',(-45.5,11.,-22.5));
#8712=CARTESIAN_POINT('',(-45.5,11.,45.5000000000001));
#8713=CARTESIAN_POINT('Origin',(-42.5,11.,45.5000000000001));
#8714=CARTESIAN_POINT('',(-42.5,11.,45.5000000000001));
#8715=CARTESIAN_POINT('Origin',(-42.5,11.,-22.5));
#8716=CARTESIAN_POINT('',(-42.5,11.,-22.5));
#8717=CARTESIAN_POINT('Origin',(-45.5,11.,-22.5));
#8718=CARTESIAN_POINT('Origin',(42.5,11.,45.5000000000001));
#8719=CARTESIAN_POINT('',(42.5,11.,-22.5));
#8720=CARTESIAN_POINT('',(42.5,11.,45.5000000000001));
#8721=CARTESIAN_POINT('Origin',(45.5,11.,45.5000000000001));
#8722=CARTESIAN_POINT('',(45.5,11.,45.5000000000001));
#8723=CARTESIAN_POINT('Origin',(45.5,11.,-22.5));
#8724=CARTESIAN_POINT('',(45.5,11.,-22.5));
#8725=CARTESIAN_POINT('Origin',(42.5,11.,-22.5));
#8726=CARTESIAN_POINT('Origin',(4.17443857259059E-12,8.,8.88178419700125E-15));
#8727=CARTESIAN_POINT('Origin',(-59.,0.,-75.9999990000001));
#8728=CARTESIAN_POINT('',(-12.1250000000018,-6.033557158515,-75.9999989999999));
#8729=CARTESIAN_POINT('',(-9.87500000000179,-6.033557158515,-75.9999989999999));
#8730=CARTESIAN_POINT('Origin',(-11.0000000000018,-4.08500000000001,-75.9999990000001));
#8731=CARTESIAN_POINT('',(-11.0000000000018,-6.68307621135333,-75.9999989999999));
#8732=CARTESIAN_POINT('',(-27.5530715563862,-16.2399965303471,-75.999999));
#8733=CARTESIAN_POINT('',(-31.009428443616,4.8693726868979,-75.999999));
#8734=CARTESIAN_POINT('',(29.9800662258914,-0.385000000000008,-75.9999989999998));
#8735=CARTESIAN_POINT('',(36.019933774108,-0.385000000000012,-75.9999989999998));
#8736=CARTESIAN_POINT('',(-14.5099668870543,-0.384999999999997,-75.9999989999999));
#8737=CARTESIAN_POINT('Origin',(32.9999999999997,-3.58500000000002,-75.9999990000001));
#8738=CARTESIAN_POINT('',(-29.8610000000004,0.595000000000006,-75.9999989999998));
#8739=CARTESIAN_POINT('',(-36.2910000000004,0.595000000000006,-75.9999989999998));
#8740=CARTESIAN_POINT('',(-44.4305000000002,0.595000000000006,-75.999999));
#8741=CARTESIAN_POINT('',(-38.5460000000004,2.85000000000001,-75.9999989999998));
#8742=CARTESIAN_POINT('Origin',(-36.2910000000004,2.85000000000001,-75.9999990000001));
#8743=CARTESIAN_POINT('',(-38.5460000000004,3.55000000000001,-75.9999989999998));
#8744=CARTESIAN_POINT('',(-38.5460000000003,1.425,-75.999999));
#8745=CARTESIAN_POINT('',(-36.2910000000004,5.80500000000001,-75.9999989999998));
#8746=CARTESIAN_POINT('Origin',(-36.2910000000004,3.55000000000001,-75.9999990000001));
#8747=CARTESIAN_POINT('',(-29.8610000000004,5.80500000000001,-75.9999989999998));
#8748=CARTESIAN_POINT('',(-47.6455000000002,5.80500000000001,-75.999999));
#8749=CARTESIAN_POINT('',(-27.6060000000004,3.55000000000001,-75.9999989999998));
#8750=CARTESIAN_POINT('Origin',(-29.8610000000004,3.55000000000001,-75.9999990000001));
#8751=CARTESIAN_POINT('',(-27.6060000000004,2.85000000000001,-75.9999989999998));
#8752=CARTESIAN_POINT('',(-27.6060000000004,1.775,-75.999999));
#8753=CARTESIAN_POINT('Origin',(-29.8610000000004,2.85000000000001,-75.9999990000001));
#8754=CARTESIAN_POINT('Origin',(64.2499989999978,-8.5,-74.169912943591));
#8755=CARTESIAN_POINT('Origin',(-29.8610000000004,0.595000000000006,-75.9999989999998));
#8756=CARTESIAN_POINT('',(-29.8610000000004,0.595000000000006,-77.4999989999998));
#8757=CARTESIAN_POINT('',(-29.8610000000004,0.595000000000006,-75.9999989999998));
#8758=CARTESIAN_POINT('',(-36.2910000000004,0.595000000000006,-77.4999989999998));
#8759=CARTESIAN_POINT('',(-29.8610000000004,0.595000000000006,-77.4999989999998));
#8760=CARTESIAN_POINT('',(-36.2910000000004,0.595000000000006,-75.9999989999998));
#8761=CARTESIAN_POINT('Origin',(-29.8610000000004,2.85000000000001,-75.9999989999998));
#8762=CARTESIAN_POINT('',(-27.6060000000004,2.85000000000001,-77.4999989999998));
#8763=CARTESIAN_POINT('',(-27.6060000000004,2.85000000000001,-75.9999989999998));
#8764=CARTESIAN_POINT('Origin',(-29.8610000000004,2.85000000000001,-77.4999989999998));
#8765=CARTESIAN_POINT('Origin',(-27.6060000000004,3.55000000000001,-75.9999989999998));
#8766=CARTESIAN_POINT('',(-27.6060000000004,3.55000000000001,-77.4999989999998));
#8767=CARTESIAN_POINT('',(-27.6060000000004,3.55000000000001,-75.9999989999998));
#8768=CARTESIAN_POINT('',(-27.6060000000004,3.55000000000001,-77.4999989999998));
#8769=CARTESIAN_POINT('Origin',(-29.8610000000004,3.55000000000001,-75.9999989999998));
#8770=CARTESIAN_POINT('',(-29.8610000000004,5.80500000000001,-77.4999989999998));
#8771=CARTESIAN_POINT('',(-29.8610000000004,5.80500000000001,-75.9999989999998));
#8772=CARTESIAN_POINT('Origin',(-29.8610000000004,3.55000000000001,-77.4999989999998));
#8773=CARTESIAN_POINT('Origin',(-36.2910000000004,5.80500000000001,-75.9999989999998));
#8774=CARTESIAN_POINT('',(-36.2910000000004,5.80500000000001,-77.4999989999998));
#8775=CARTESIAN_POINT('',(-36.2910000000004,5.80500000000001,-75.9999989999998));
#8776=CARTESIAN_POINT('',(-36.2910000000004,5.80500000000001,-77.4999989999998));
#8777=CARTESIAN_POINT('Origin',(-36.2910000000004,3.55000000000001,-75.9999989999998));
#8778=CARTESIAN_POINT('',(-38.5460000000004,3.55000000000001,-77.4999989999998));
#8779=CARTESIAN_POINT('',(-38.5460000000004,3.55000000000001,-75.9999989999998));
#8780=CARTESIAN_POINT('Origin',(-36.2910000000004,3.55000000000001,-77.4999989999998));
#8781=CARTESIAN_POINT('Origin',(-38.5460000000004,2.85000000000001,-75.9999989999998));
#8782=CARTESIAN_POINT('',(-38.5460000000004,2.85000000000001,-77.4999989999998));
#8783=CARTESIAN_POINT('',(-38.5460000000004,2.85000000000001,-75.9999989999998));
#8784=CARTESIAN_POINT('',(-38.5460000000004,2.85000000000001,-77.4999989999998));
#8785=CARTESIAN_POINT('Origin',(-36.2910000000004,2.85000000000001,-75.9999989999998));
#8786=CARTESIAN_POINT('Origin',(-36.2910000000004,2.85000000000001,-77.4999989999998));
#8787=CARTESIAN_POINT('Origin',(-33.0760000000004,3.20000000000001,-77.4999989999998));
#8788=CARTESIAN_POINT('Origin',(64.4096727199782,1.,-75.4096727199782));
#8789=CARTESIAN_POINT('',(64.4096727199782,1.,-77.9096727199782));
#8790=CARTESIAN_POINT('Origin',(64.4096727199782,1.,-75.4096727199782));
#8791=CARTESIAN_POINT('',(64.4096727199782,1.,-76.6596727199782));
#8792=CARTESIAN_POINT('Origin',(64.4096727199782,1.,-75.4096727199782));
#8793=CARTESIAN_POINT('Origin',(64.4096727199782,6.,-75.4096727199782));
#8794=CARTESIAN_POINT('',(64.4096727199782,6.,-77.9096727199782));
#8795=CARTESIAN_POINT('Origin',(64.4096727199782,1.25,-75.4096727199782));
#8796=CARTESIAN_POINT('',(64.4096727199782,1.25,-76.6596727199782));
#8797=CARTESIAN_POINT('Origin',(64.4096736882288,1.,75.4096753257434));
#8798=CARTESIAN_POINT('',(64.4096736882288,1.,72.9096753257434));
#8799=CARTESIAN_POINT('Origin',(64.4096736882288,1.,75.4096753257434));
#8800=CARTESIAN_POINT('',(64.4096736882288,1.,74.1596753257434));
#8801=CARTESIAN_POINT('Origin',(64.4096736882288,1.,75.4096753257434));
#8802=CARTESIAN_POINT('Origin',(64.4096736882288,6.,75.4096753257434));
#8803=CARTESIAN_POINT('',(64.4096736882288,6.,72.9096753257434));
#8804=CARTESIAN_POINT('Origin',(64.4096736882288,0.274999999999999,75.4096753257434));
#8805=CARTESIAN_POINT('',(64.4096736882288,0.274999999999999,74.1596753257434));
#8806=CARTESIAN_POINT('Origin',(-64.4096727199809,1.,75.4096745289008));
#8807=CARTESIAN_POINT('',(-64.4096727199809,1.,72.9096745289008));
#8808=CARTESIAN_POINT('Origin',(-64.4096727199809,1.,75.4096745289008));
#8809=CARTESIAN_POINT('',(-64.4096727199809,1.,74.1596745289008));
#8810=CARTESIAN_POINT('Origin',(-64.4096727199809,1.,75.4096745289008));
#8811=CARTESIAN_POINT('Origin',(-64.4096727199809,6.,75.4096745289008));
#8812=CARTESIAN_POINT('',(-64.4096727199809,6.,72.9096745289008));
#8813=CARTESIAN_POINT('Origin',(-64.4096727199809,0.274999999999999,75.4096745289008));
#8814=CARTESIAN_POINT('',(-64.4096727199809,0.274999999999999,74.1596745289008));
#8815=CARTESIAN_POINT('Origin',(-64.4096727199741,1.,-75.4096727199813));
#8816=CARTESIAN_POINT('',(-64.4096727199741,1.,-77.9096727199813));
#8817=CARTESIAN_POINT('Origin',(-64.4096727199741,1.,-75.4096727199813));
#8818=CARTESIAN_POINT('Origin',(-64.4096727199741,6.,-75.4096727199813));
#8819=CARTESIAN_POINT('',(-64.4096727199741,6.,-77.9096727199813));
#8820=CARTESIAN_POINT('Origin',(29.9800662258914,-0.385000000000009,-75.9999989999998));
#8821=CARTESIAN_POINT('',(29.9800662258914,-0.385000000000008,-77.5999989999998));
#8822=CARTESIAN_POINT('',(29.9800662258914,-0.385000000000008,-75.9999989999998));
#8823=CARTESIAN_POINT('',(36.019933774108,-0.385000000000012,-77.5999989999998));
#8824=CARTESIAN_POINT('',(36.019933774108,-0.38500000000001,-77.5999989999998));
#8825=CARTESIAN_POINT('',(36.019933774108,-0.385000000000012,-75.9999989999998));
#8826=CARTESIAN_POINT('Origin',(32.9999999999997,-3.58500000000002,-75.9999989999998));
#8827=CARTESIAN_POINT('Origin',(32.9999999999997,-3.58500000000002,-77.5999989999998));
#8828=CARTESIAN_POINT('Origin',(32.9999999999997,-4.18500000000001,-77.5999989999998));
#8829=CARTESIAN_POINT('Origin',(-12.1250000000018,-6.033557158515,-78.9999989999993));
#8830=CARTESIAN_POINT('',(-11.0000000000018,-6.68307621135333,-78.9999989999993));
#8831=CARTESIAN_POINT('',(-12.1250000000018,-6.033557158515,-78.9999989999993));
#8832=CARTESIAN_POINT('Origin',(-11.0000000000018,-4.08500000000001,-78.9999989999993));
#8833=CARTESIAN_POINT('',(-9.87500000000179,-6.033557158515,-78.9999989999993));
#8834=CARTESIAN_POINT('Origin',(-11.0000000000018,-6.68307621135333,-78.9999989999993));
#8835=CARTESIAN_POINT('Origin',(58.9999990084746,0.,76.0000004391428));
#8836=UNCERTAINTY_MEASURE_WITH_UNIT(LENGTH_MEASURE(0.01),#8840,
'DISTANCE_ACCURACY_VALUE',
'Maximum model space distance between geometric entities at asserted c
onnectivities');
#8837=UNCERTAINTY_MEASURE_WITH_UNIT(LENGTH_MEASURE(0.01),#8840,
'DISTANCE_ACCURACY_VALUE',
'Maximum model space distance between geometric entities at asserted c
onnectivities');
#8838=(
GEOMETRIC_REPRESENTATION_CONTEXT(3)
GLOBAL_UNCERTAINTY_ASSIGNED_CONTEXT((#8836))
GLOBAL_UNIT_ASSIGNED_CONTEXT((#8840,#8841,#8842))
REPRESENTATION_CONTEXT('','3D')
);
#8839=(
GEOMETRIC_REPRESENTATION_CONTEXT(3)
GLOBAL_UNCERTAINTY_ASSIGNED_CONTEXT((#8837))
GLOBAL_UNIT_ASSIGNED_CONTEXT((#8840,#8841,#8842))
REPRESENTATION_CONTEXT('','3D')
);
#8840=(
LENGTH_UNIT()
NAMED_UNIT(*)
SI_UNIT(.MILLI.,.METRE.)
);
#8841=(
NAMED_UNIT(*)
PLANE_ANGLE_UNIT()
SI_UNIT($,.RADIAN.)
);
#8842=(
NAMED_UNIT(*)
SI_UNIT($,.STERADIAN.)
SOLID_ANGLE_UNIT()
);
#8843=SHAPE_DEFINITION_REPRESENTATION(#8844,#8845);
#8844=PRODUCT_DEFINITION_SHAPE('',$,#8847);
#8845=SHAPE_REPRESENTATION('',(#5459),#8838);
#8846=PRODUCT_DEFINITION_CONTEXT('part definition',#8851,'design');
#8847=PRODUCT_DEFINITION('Case Volume Mixer','Case Volume Mixer v44',#8848,
#8846);
#8848=PRODUCT_DEFINITION_FORMATION('',$,#8853);
#8849=PRODUCT_RELATED_PRODUCT_CATEGORY('Case Volume Mixer v44',
'Case Volume Mixer v44',(#8853));
#8850=APPLICATION_PROTOCOL_DEFINITION('international standard',
'automotive_design',2009,#8851);
#8851=APPLICATION_CONTEXT(
'Core Data for Automotive Mechanical Design Process');
#8852=PRODUCT_CONTEXT('part definition',#8851,'mechanical');
#8853=PRODUCT('Case Volume Mixer','Case Volume Mixer v44',$,(#8852));
#8854=PRESENTATION_STYLE_ASSIGNMENT((#8855));
#8855=SURFACE_STYLE_USAGE(.BOTH.,#8856);
#8856=SURFACE_SIDE_STYLE('',(#8857));
#8857=SURFACE_STYLE_FILL_AREA(#8858);
#8858=FILL_AREA_STYLE('Steel - Satin',(#8859));
#8859=FILL_AREA_STYLE_COLOUR('Steel - Satin',#8860);
#8860=COLOUR_RGB('Steel - Satin',0.627450980392157,0.627450980392157,0.627450980392157);
ENDSEC;
END-ISO-10303-21;
